"date","time","event_type","geo_type","mag","mag_type","lat","lon","depth","quality","evid","nph","ngrm","datetime"
"2000/05/20","20:51:42.09","eq","l",2.84,"l",34.673,-116.29033,1.1,"A",9151316,62,1061,2000-05-20 20:51:42.09
"2000/05/21","03:40:52.57","eq","l",3.36,"l",34.69083,-116.35583,1.1,"A",9151348,52,1484,2000-05-21 03:40:52.57
"2000/05/22","07:36:09.90","eq","l",2.79,"l",34.60283,-116.296,4.5,"C",9151479,38,1051,2000-05-22 07:36:09.9
"2000/05/22","20:51:33.42","eq","l",2.98,"l",34.61433,-116.248,-1.1,"A",9151573,36,1027,2000-05-22 20:51:33.42
"2000/05/23","04:42:43.96","eq","l",3.9,"l",36.3215,-118.06617,0.4,"A",9151609,61,1846,2000-05-23 04:42:43.96
"2000/05/23","11:11:48.34","eq","l",2.89,"l",36.323,-118.046,-0.4,"A",9151646,44,1574,2000-05-23 11:11:48.34
"2000/05/25","17:15:21.77","eq","l",2.96,"l",34.6,-116.285,0.6,"A",9151903,50,1505,2000-05-25 17:15:21.77
"2000/05/27","03:35:34.37","eq","l",4.05,"l",35.78,-117.651,0,"A",9152038,122,2015,2000-05-27 03:35:34.37
"2000/05/27","05:13:40.47","eq","l",2.6,"l",35.78367,-117.6555,2.9,"A",9152043,52,232,2000-05-27 05:13:40.47
"2000/05/27","13:14:47.89","eq","l",3.12,"l",36.067,-117.643,-1.6,"A",9152082,68,1650,2000-05-27 13:14:47.89
"2000/05/28","05:31:22.94","eq","l",2.57,"l",35.7315,-117.676,7,"A",9152144,60,253,2000-05-28 05:31:22.94
"2000/05/29","19:41:47.18","eq","l",2.5,"c",35.095,-118.314,6.3,"A",9152296,47,257,2000-05-29 19:41:47.18
"2000/05/31","11:12:27.63","eq","l",2.92,"l",34.657,-116.336,1.6,"A",9152492,40,1665,2000-05-31 11:12:27.63
"2000/05/31","16:55:11.55","eq","l",2.66,"l",34.58133,-116.27017,-0.6,"A",9152517,26,261,2000-05-31 16:55:11.55
"2000/06/02","14:01:05.18","eq","l",2.85,"l",34.6475,-116.33417,0.6,"A",9152722,46,1068,2000-06-02 14:01:05.18
"2000/06/06","06:39:00.76","eq","l",2.76,"l",36.327,-118.06,-0.3,"A",9153116,38,856,2000-06-06 06:39:00.76
"2000/06/08","08:19:17.18","eq","l",3.06,"l",35.78,-117.647,1.8,"A",9153349,46,1622,2000-06-08 08:19:17.18
"2000/06/09","00:07:21.19","eq","l",2.51,"l",35.29783,-118.59,3.5,"A",9153427,58,160,2000-06-09 00:07:21.19
"2000/06/12","03:15:02.66","eq","l",3.9,"l",34.683,-116.357,6.3,"A",9153800,90,2046,2000-06-12 03:15:02.66
"2000/06/20","21:10:23.22","eq","l",2.71,"l",34.841,-116.402,3.6,"A",9154902,53,921,2000-06-20 21:10:23.22
"2000/06/22","14:48:01.30","eq","l",2.61,"l",34.53,-116.272,1.6,"A",7194423,66,861,2000-06-22 14:48:01.3
"2000/06/22","21:06:25.67","eq","l",2.82,"l",36.051,-117.66,0.5,"A",9155189,43,1658,2000-06-22 21:06:25.67
"2000/06/23","20:10:42.73","eq","l",3.06,"l",35.509,-116.264,5.2,"C",9155267,63,2375,2000-06-23 20:10:42.73
"2000/06/24","14:04:40.64","eq","l",2.91,"l",34.835,-116.38383,3.6,"A",9155344,52,1707,2000-06-24 14:04:40.64
"2000/06/26","15:43:07.55","eq","l",4.51,"l",34.78217,-116.29683,3.2,"A",9155518,92,2126,2000-06-26 15:43:07.55
"2000/06/26","15:50:06.39","eq","l",3.66,"l",34.789,-116.294,3.7,"A",9155533,93,2126,2000-06-26 15:50:06.39
"2000/06/26","23:48:07.83","eq","l",3.06,"l",34.777,-116.299,3.6,"A",9155584,46,1707,2000-06-26 23:48:07.83
"2000/06/27","15:28:17.77","eq","l",2.73,"l",36.072,-117.641,1.3,"A",9155665,44,1672,2000-06-27 15:28:17.77
"2000/06/27","20:52:51.67","eq","l",2.66,"l",34.65933,-116.29083,2.7,"A",9155684,32,1045,2000-06-27 20:52:51.67
"2000/06/28","10:32:27.67","eq","l",2.72,"l",34.78617,-116.29717,2.3,"A",9155725,35,1109,2000-06-28 10:32:27.67
"2000/06/30","02:18:38.96","eq","l",2.71,"l",34.798,-116.279,3.7,"A",9155933,34,1776,2000-06-30 02:18:38.96
"2000/07/03","14:59:53.58","eq","l",2.88,"l",34.805,-116.273,4.6,"A",9156200,34,1702,2000-07-03 14:59:53.58
"2000/07/05","11:27:20.51","eq","l",2.68,"l",34.60317,-116.25283,-1.1,"A",9156356,42,1789,2000-07-05 11:27:20.51
"2000/07/07","06:03:24.29","eq","l",2.62,"l",36.324,-118.033,-0.6,"A",9156546,41,1640,2000-07-07 06:03:24.29
"2000/07/08","23:58:15.07","eq","l",2.9,"l",36.324,-118.049,-0.8,"A",9156746,45,1666,2000-07-08 23:58:15.07
"2000/07/09","01:08:38.90","eq","l",2.92,"l",36.321,-118.049,-1.1,"A",9156763,40,1781,2000-07-09 01:08:38.9
"2000/07/09","02:41:42.84","eq","l",2.61,"l",36.322,-118.06833,0.6,"A",9156757,36,1599,2000-07-09 02:41:42.84
"2000/07/09","03:58:08.26","eq","l",2.85,"l",36.324,-118.054,-0.9,"A",9156779,34,1529,2000-07-09 03:58:08.26
"2000/07/09","04:02:33.10","eq","l",3.34,"l",36.323,-118.053,-0.8,"A",9156783,37,1788,2000-07-09 04:02:33.1
"2000/07/09","13:32:55.06","eq","l",3.08,"l",36.327,-118.038,0.4,"A",9156858,45,1606,2000-07-09 13:32:55.06
"2000/07/09","13:58:20.12","eq","l",3.04,"l",36.326,-118.038,0.5,"A",9156863,40,1646,2000-07-09 13:58:20.12
"2000/07/09","14:39:00.37","eq","l",2.64,"l",36.325,-118.03,-0.4,"A",9156874,44,1435,2000-07-09 14:39:00.37
"2000/07/09","15:38:20.08","eq","l",2.67,"l",36.325,-118.031,-1.1,"A",9156891,39,1777,2000-07-09 15:38:20.08
"2000/07/11","05:02:43.76","eq","l",2.74,"l",35.115,-117.015,-1,"B",9157080,21,1679,2000-07-11 05:02:43.76
"2000/07/14","12:56:55.93","eq","l",2.64,"l",34.573,-118.729,13.4,"A",9157464,41,1795,2000-07-14 12:56:55.93
"2000/07/14","22:24:24.45","eq","l",3.73,"l",34.819,-116.407,3.9,"A",9157519,46,2265,2000-07-14 22:24:24.45
"2000/07/14","22:39:57.30","eq","l",2.79,"l",34.82117,-116.405,4,"A",9157511,102,1055,2000-07-14 22:39:57.3
"2000/07/15","21:33:45.12","eq","l",2.79,"l",34.802,-116.257,3.7,"A",9157594,31,1745,2000-07-15 21:33:45.12
"2000/07/19","01:22:00.61","eq","l",3.14,"c",34.82067,-116.40817,4.2,"A",9157857,36,926,2000-07-19 01:22:00.61
"2000/07/19","12:31:51.97","eq","l",2.74,"l",34.68067,-116.339,2.4,"A",7197258,83,1622,2000-07-19 12:31:51.97
"2000/07/23","23:56:01.02","eq","l",3.48,"l",34.716,-116.095,0.7,"A",9158306,34,2248,2000-07-23 23:56:01.02
"2000/07/24","06:32:49.15","eq","l",2.57,"l",34.618,-116.237,4.2,"A",9158336,29,1015,2000-07-24 06:32:49.15
"2000/07/29","17:59:50.15","eq","l",2.7,"l",34.729,-116.296,4,"A",9158797,36,1701,2000-07-29 17:59:50.15
"2000/08/01","13:40:39.93","eq","l",3.19,"l",34.80167,-116.26617,5.6,"A",9159031,38,2054,2000-08-01 13:40:39.93
"2000/08/02","23:01:51.68","eq","l",2.86,"l",34.80233,-116.27483,5.8,"A",9159194,35,1104,2000-08-02 23:01:51.68
"2000/08/03","07:06:36.30","eq","l",3.15,"l",36.325,-118.037,-0.4,"A",9159220,39,1767,2000-08-03 07:06:36.3
"2000/08/08","19:42:03.42","eq","l",2.63,"l",34.559,-116.274,6.7,"C",9159766,29,981,2000-08-08 19:42:03.42
"2000/08/09","13:13:23.67","eq","l",2.98,"l",34.677,-116.289,0.2,"A",9159827,44,1792,2000-08-09 13:13:23.67
"2000/08/09","13:30:36.23","eq","l",2.75,"l",34.677,-116.293,1.1,"A",9159811,38,1790,2000-08-09 13:30:36.23
"2000/08/10","16:59:29.57","eq","l",2.54,"l",34.58467,-116.267,-0.7,"A",9159919,35,1104,2000-08-10 16:59:29.57
"2000/08/11","09:33:45.06","eq","l",2.61,"l",34.803,-116.346,7.2,"A",9159972,28,1020,2000-08-11 09:33:45.06
"2000/08/11","14:09:18.67","eq","l",2.85,"l",34.85,-118.952,8.3,"A",9159980,55,1778,2000-08-11 14:09:18.67
"2000/08/13","16:19:59.71","eq","l",2.65,"l",34.799,-116.268,4.3,"A",9160138,46,1032,2000-08-13 16:19:59.71
"2000/08/13","19:46:44.66","eq","l",2.99,"l",34.667,-116.296,4.2,"A",9160152,82,1661,2000-08-13 19:46:44.66
"2000/08/19","01:56:35.16","eq","l",2.78,"l",36.04367,-117.71167,0.8,"A",9160683,46,1765,2000-08-19 01:56:35.16
"2000/08/21","01:03:21.58","eq","l",2.51,"l",34.80033,-116.2705,4,"A",9160835,78,1105,2000-08-21 01:03:21.58
"2000/08/21","21:28:49.17","eq","l",3.17,"l",34.72867,-116.2985,3.6,"A",9160915,51,2230,2000-08-21 21:28:49.17
"2000/08/22","14:27:02.65","eq","l",2.58,"l",34.52533,-116.28467,-0.4,"A",9160989,50,1794,2000-08-22 14:27:02.65
"2000/08/23","04:41:11.09","eq","l",3.26,"l",36.08883,-117.60533,0.8,"A",9161065,52,2175,2000-08-23 04:41:11.09
"2000/08/25","18:57:44.06","eq","l",2.79,"l",35.805,-118.454,9.2,"A",9161292,47,1687,2000-08-25 18:57:44.06
"2000/08/27","12:26:51.45","eq","l",2.8,"l",34.69233,-116.30717,0.9,"A",9161461,47,1781,2000-08-27 12:26:51.45
"2000/08/28","06:01:01.05","eq","l",2.88,"l",34.799,-116.35,6.1,"A",9161522,43,1784,2000-08-28 06:01:01.05
"2000/08/29","02:31:48.55","eq","l",2.51,"l",35.38267,-117.84017,2.2,"A",9161613,54,937,2000-08-29 02:31:48.55
"2000/08/30","03:52:48.78","eq","l",3.41,"l",35.682,-117.616,2.9,"A",9161719,67,2163,2000-08-30 03:52:48.78
"2000/09/07","19:34:18.21","eq","l",3.06,"l",34.876,-116.35,2.1,"A",9162401,49,1762,2000-09-07 19:34:18.21
"2000/09/10","19:51:41.10","eq","l",2.77,"l",36.09367,-117.81583,1.1,"A",9162692,48,1764,2000-09-10 19:51:41.1
"2000/09/12","00:22:33.12","eq","l",2.91,"l",34.86383,-116.4115,3.1,"A",9162835,46,1781,2000-09-12 00:22:33.12
"2000/09/12","02:09:47.24","eq","l",2.78,"l",34.591,-116.241,4.4,"A",9162834,47,1777,2000-09-12 02:09:47.24
"2000/09/14","17:27:05.76","eq","l",2.85,"c",35.94983,-116.00883,5,"C",9163066,22,805,2000-09-14 17:27:05.76
"2000/09/15","23:28:54.39","eq","l",2.55,"l",34.56267,-116.27267,0.9,"A",9163232,75,961,2000-09-15 23:28:54.39
"2000/09/16","06:28:08.80","eq","l",3.57,"l",34.93533,-116.41667,1.7,"A",9163278,71,2190,2000-09-16 06:28:08.8
"2000/09/19","00:25:25.34","eq","l",2.59,"l",36.04417,-117.873,1.9,"A",9163515,58,845,2000-09-19 00:25:25.34
"2000/09/19","03:46:33.73","eq","l",2.89,"l",36.04417,-117.87317,1.6,"A",9163547,48,1728,2000-09-19 03:46:33.73
"2000/09/20","16:10:33.43","eq","l",3.69,"l",36.045,-117.87333,1.5,"A",9163702,65,2191,2000-09-20 16:10:33.43
"2000/09/21","03:06:10.65","eq","l",3.06,"l",34.53283,-116.28,1,"A",9163755,58,1743,2000-09-21 03:06:10.65
"2000/09/26","16:58:17.92","eq","l",2.9,"l",34.93533,-116.41433,2,"A",9164336,40,923,2000-09-26 16:58:17.92
"2000/09/26","16:58:38.76","eq","l",3.12,"l",34.93233,-116.419,2.1,"A",3326919,12,923,2000-09-26 16:58:38.76
"2000/09/26","16:58:52.53","eq","l",2.7,"h",34.939,-116.45117,3,"A",12152575,6,923,2000-09-26 16:58:52.53
"2000/09/27","07:04:03.14","eq","l",2.61,"l",34.93217,-116.41217,1.8,"A",9164391,54,1676,2000-09-27 07:04:03.14
"2000/10/02","04:38:06.06","eq","l",2.64,"l",34.625,-116.648,4.9,"A",9164919,94,1619,2000-10-02 04:38:06.06
"2000/10/02","15:40:50.91","eq","l",2.64,"l",36.06767,-117.876,1.5,"A",9164961,44,1547,2000-10-02 15:40:50.91
"2000/10/03","02:44:02.99","eq","l",3.54,"l",35.7835,-117.651,2.8,"A",9165019,56,2147,2000-10-03 02:44:02.99
"2000/10/03","03:29:15.23","eq","l",2.53,"l",35.785,-117.64617,3,"A",9165025,47,976,2000-10-03 03:29:15.23
"2000/10/03","22:26:13.93","eq","l",2.54,"l",34.665,-116.353,1.3,"A",9165114,38,873,2000-10-03 22:26:13.93
"2000/10/05","11:15:52.03","eq","l",2.78,"l",34.931,-116.425,-0.9,"A",9165221,34,1757,2000-10-05 11:15:52.03
"2000/10/08","00:50:16.43","eq","l",3.12,"l",34.796,-116.27217,5.3,"A",9165424,65,1713,2000-10-08 00:50:16.43
"2000/10/11","06:36:14.50","eq","l",2.58,"l",34.565,-116.265,0.6,"A",9165622,36,180,2000-10-11 06:36:14.5
"2000/10/11","17:28:48.68","eq","l",2.51,"l",34.55517,-118.89667,19.3,"A",9165651,41,918,2000-10-11 17:28:48.68
"2000/10/11","17:47:18.48","eq","l",2.51,"l",34.54833,-118.90367,20.4,"A",9165655,53,608,2000-10-11 17:47:18.48
"2000/10/12","16:51:19.19","eq","l",3.86,"l",34.55983,-118.90217,25.1,"A",9165761,95,2194,2000-10-12 16:51:19.19
"2000/10/15","03:32:44.30","eq","l",2.68,"l",36.32,-118.045,-1.2,"A",9165966,38,1241,2000-10-15 03:32:44.3
"2000/10/17","13:21:21.05","eq","l",2.51,"l",34.541,-118.89467,20.1,"A",9166154,41,671,2000-10-17 13:21:21.05
"2000/10/17","21:30:07.08","eq","l",2.66,"l",34.55217,-118.89917,20.8,"A",9166203,53,1434,2000-10-17 21:30:07.08
"2000/10/17","21:51:35.18","eq","l",2.61,"l",34.54417,-118.90183,20.3,"A",7205686,55,1411,2000-10-17 21:51:35.18
"2000/10/22","14:54:11.53","eq","l",3.42,"l",35.46917,-116.43883,3.6,"B",9166573,38,2162,2000-10-22 14:54:11.53
"2000/10/22","14:54:25.88","eq","l",3.45,"l",35.47217,-116.44633,5.1,"C",3327302,25,818,2000-10-22 14:54:25.88
"2000/10/28","21:00:53.26","eq","l",2.6,"l",34.645,-116.29333,1.6,"A",9167129,37,1097,2000-10-28 21:00:53.26
"2000/10/29","01:01:09.37","eq","l",2.65,"l",34.51817,-116.1955,3.5,"A",9167138,58,1037,2000-10-29 01:01:09.37
"2000/10/29","15:27:48.45","eq","l",2.62,"l",34.5195,-116.192,3.9,"A",9167197,45,1414,2000-10-29 15:27:48.45
"2000/11/01","18:23:50.93","eq","l",2.99,"l",34.79833,-116.26617,3.6,"A",9167406,39,1464,2000-11-01 18:23:50.93
"2000/11/12","07:27:06.29","eq","l",2.88,"l",34.95983,-116.83717,2.4,"A",9168297,50,1193,2000-11-12 07:27:06.29
"2000/11/19","12:47:15.92","eq","l",2.82,"l",34.56017,-118.90583,25.2,"A",7208273,49,980,2000-11-19 12:47:15.92
"2000/11/21","14:14:02.67","eq","l",2.83,"l",34.512,-118.68167,17.6,"A",9169053,78,1841,2000-11-21 14:14:02.67
"2000/11/28","22:36:11.85","eq","l",2.54,"l",36.06617,-117.64683,0.2,"A",9169568,41,1092,2000-11-28 22:36:11.85
"2000/11/29","15:38:27.44","eq","l",2.73,"l",34.6775,-117.24667,4.6,"A",9169623,112,1406,2000-11-29 15:38:27.44
"2000/12/07","03:55:11.98","eq","l",2.89,"l",34.792,-118.881,13.4,"A",9170284,72,3384,2000-12-07 03:55:11.98
"2000/12/11","14:58:11.52","eq","l",2.84,"l",35.25567,-118.57133,4.6,"C",9170582,69,1665,2000-12-11 14:58:11.52
"2000/12/14","06:50:50.57","eq","l",2.62,"l",34.562,-116.273,-0.6,"A",9170813,47,1198,2000-12-14 06:50:50.57
"2000/12/14","07:43:19.18","eq","l",2.54,"l",34.72533,-117.04333,3,"A",9170814,66,825,2000-12-14 07:43:19.18
"2000/12/17","02:46:11.95","eq","l",3.24,"l",35.57833,-117.16267,4.8,"C",9171064,72,3269,2000-12-17 02:46:11.95
"2000/12/17","11:19:41.72","eq","l",2.52,"l",35.01,-118.453,7.4,"A",9171071,72,3305,2000-12-17 11:19:41.72
"2000/12/19","06:42:44.77","eq","l",2.89,"l",35.08783,-117.01767,2.8,"A",7210459,70,3674,2000-12-19 06:42:44.77
"2000/12/25","05:20:59.12","eq","l",3.36,"l",34.92883,-116.91867,1.8,"A",9171773,36,500,2000-12-25 05:20:59.12
"2000/12/27","11:27:49.10","eq","l",2.6,"l",34.5845,-116.258,-0.9,"A",9171901,39,1410,2000-12-27 11:27:49.1
"2001/01/01","03:22:45.08","eq","l",2.9,"l",35.701,-118.231,12.1,"A",9608509,0,205,2001-01-01 03:22:45.08
"2001/01/04","12:23:31.10","eq","l",3.4,"l",36.494,-117.922,4.1,"C",3329708,44,961,2001-01-04 12:23:31.1
"2001/01/09","22:38:26.07","eq","l",2.54,"l",36.241,-117.88,1,"A",9172967,51,179,2001-01-09 22:38:26.07
"2001/01/14","02:38:47.32","eq","l",2.83,"l",35.271,-118.583,1.3,"A",9613253,0,235,2001-01-14 02:38:47.32
"2001/01/27","07:18:09.86","eq","l",2.99,"l",34.70917,-116.311,4.6,"C",9617949,152,680,2001-01-27 07:18:09.86
"2001/01/29","09:39:48.36","eq","l",2.5,"h",34.974,-116.79783,4.6,"C",9619817,44,586,2001-01-29 09:39:48.36
"2001/01/29","19:49:32.64","eq","l",2.73,"l",34.55867,-116.27533,4.3,"C",9620189,137,641,2001-01-29 19:49:32.64
"2001/02/09","10:08:14.07","eq","l",2.78,"l",35.87283,-118.08967,9.6,"A",9626273,121,298,2001-02-09 10:08:14.07
"2001/02/10","19:42:54.17","eq","l",2.98,"l",34.704,-116.306,4.5,"C",9627649,118,684,2001-02-10 19:42:54.17
"2001/02/15","03:02:12.07","eq","l",2.54,"l",35.90633,-117.68417,3.1,"A",9629341,82,277,2001-02-15 03:02:12.07
"2001/02/15","07:02:53.77","eq","l",2.54,"l",34.6705,-116.3005,4.3,"C",9629365,113,468,2001-02-15 07:02:53.77
"2001/02/16","03:12:06.73","eq","l",2.99,"l",36.014,-117.705,-0.8,"A",9629585,0,1932,2001-02-16 03:12:06.73
"2001/02/17","10:50:39.28","eq","l",2.94,"l",34.58317,-116.27417,4.3,"C",9629965,146,533,2001-02-17 10:50:39.28
"2001/02/18","02:27:41.74","eq","l",2.83,"l",34.86217,-116.41017,2.8,"A",9630081,40,515,2001-02-18 02:27:41.74
"2001/02/22","16:41:10.29","eq","l",2.62,"l",36.18133,-117.88267,4.3,"C",9631041,92,271,2001-02-22 16:41:10.29
"2001/02/24","06:09:59.83","eq","l",3.8,"l",35.112,-117.525,2.7,"A",9631385,190,1418,2001-02-24 06:09:59.83
"2001/02/25","02:25:00.45","eq","l",2.72,"l",36.377,-117.8355,4.1,"C",9631557,85,281,2001-02-25 02:25:00.45
"2001/02/26","00:11:30.25","eq","l",3.26,"c",34.70733,-116.30067,4.1,"A",9631745,179,1377,2001-02-26 00:11:30.25
"2001/03/06","18:52:06.01","eq","l",2.59,"l",36.084,-117.60917,0.7,"A",9633569,65,221,2001-03-06 18:52:06.01
"2001/03/07","16:56:33.00","eq","l",2.62,"l",36.08583,-117.893,2.4,"A",9633789,71,282,2001-03-07 16:56:33
"2001/03/07","17:43:11.09","eq","l",2.58,"l",36.08267,-117.8945,1.2,"A",9633797,44,151,2001-03-07 17:43:11.09
"2001/03/08","17:15:20.62","eq","l",2.54,"l",35.9695,-118.29083,10.3,"C",9633961,61,197,2001-03-08 17:15:20.62
"2001/03/10","22:38:34.16","eq","l",2.56,"c",35.14183,-117.558,7.6,"A",9634377,89,410,2001-03-10 22:38:34.16
"2001/03/11","12:10:52.72","eq","l",3.06,"l",36.35283,-117.44233,4,"C",9634469,117,597,2001-03-11 12:10:52.72
"2001/03/12","12:52:52.93","eq","l",2.62,"l",34.63,-116.54917,3.5,"A",9634573,110,515,2001-03-12 12:52:52.93
"2001/03/14","01:19:42.09","eq","l",3.19,"l",34.64667,-116.29417,4.4,"C",9634937,158,542,2001-03-14 01:19:42.09
"2001/03/15","21:01:51.38","eq","l",2.56,"c",34.56683,-116.26183,4.3,"C",9635209,87,455,2001-03-15 21:01:51.38
"2001/03/16","01:31:35.81","eq","l",2.59,"l",35.18167,-116.80433,4.8,"C",9635237,84,411,2001-03-16 01:31:35.81
"2001/03/16","10:11:59.95","eq","l",2.59,"c",35.84633,-118.40033,4.1,"C",9635297,59,219,2001-03-16 10:11:59.95
"2001/03/17","22:04:21.41","eq","l",3.45,"l",35.77233,-118.03433,2.9,"A",9635709,155,623,2001-03-17 22:04:21.41
"2001/03/19","04:52:04.83","eq","l",2.74,"c",35.76283,-118.02417,5.2,"C",9636105,143,497,2001-03-19 04:52:04.83
"2001/03/20","01:42:53.65","eq","l",2.63,"l",35.79567,-118.05067,9.5,"A",9636325,66,322,2001-03-20 01:42:53.65
"2001/03/20","02:07:48.56","eq","l",2.59,"c",35.46333,-118.54067,7.4,"A",9636329,108,367,2001-03-20 02:07:48.56
"2001/03/20","07:26:41.45","eq","l",2.5,"l",35.55217,-118.51383,8.3,"A",9636373,93,423,2001-03-20 07:26:41.45
"2001/03/20","13:25:36.41","eq","l",2.71,"l",35.7865,-117.66317,6,"A",9636397,79,310,2001-03-20 13:25:36.41
"2001/03/22","07:10:01.26","eq","l",3.03,"l",36.04433,-117.67783,1.5,"A",9636997,131,465,2001-03-22 07:10:01.26
"2001/03/22","07:12:52.83","eq","l",2.51,"c",36.05483,-117.67767,1.2,"A",9637005,85,244,2001-03-22 07:12:52.83
"2001/03/22","09:41:25.97","eq","l",2.63,"l",36.03917,-117.6795,0.6,"A",9637037,109,296,2001-03-22 09:41:25.97
"2001/03/23","14:34:16.64","eq","l",2.55,"c",36.07117,-117.644,3.1,"A",9637345,88,286,2001-03-23 14:34:16.64
"2001/03/24","09:06:57.56","eq","l",3.05,"l",34.80683,-116.27217,4.1,"A",9638417,172,636,2001-03-24 09:06:57.56
"2001/03/27","02:10:17.13","eq","l",2.86,"l",36.08533,-117.61283,1.5,"A",9640205,116,325,2001-03-27 02:10:17.13
"2001/03/29","02:39:42.37","eq","l",2.89,"c",34.69117,-116.30333,4.5,"C",9640929,30,592,2001-03-29 02:39:42.37
"2001/03/29","15:54:35.46","eq","l",3.21,"c",34.69117,-116.30767,4.3,"C",9641025,37,740,2001-03-29 15:54:35.46
"2001/03/29","17:14:04.77","eq","l",2.51,"c",34.70533,-116.30983,4.4,"C",9641061,28,525,2001-03-29 17:14:04.77
"2001/03/30","04:19:57.77","eq","l",2.91,"c",35.28333,-118.55333,5.3,"C",9641293,178,357,2001-03-30 04:19:57.77
"2001/03/31","05:10:20.00","eq","l",2.51,"l",36.04983,-117.67117,1.4,"A",9641481,108,276,2001-03-31 05:10:20
"2001/04/07","23:52:43.13","eq","l",2.5,"c",36.01533,-117.81617,3.5,"A",9642929,51,164,2001-04-07 23:52:43.13
"2001/04/08","01:25:28.84","eq","l",3.75,"l",36.01733,-117.81167,2.4,"A",9642941,48,1494,2001-04-08 01:25:28.84
"2001/04/08","18:26:23.50","eq","l",2.5,"c",36.02567,-117.8215,0.5,"A",9643041,131,307,2001-04-08 18:26:23.5
"2001/04/09","14:06:24.89","eq","l",2.6,"l",34.53533,-116.262,4.3,"C",9643197,131,442,2001-04-09 14:06:24.89
"2001/04/10","00:00:58.50","eq","l",3.06,"c",36.04467,-117.675,0.7,"A",9643353,152,676,2001-04-10 00:00:58.5
"2001/04/10","01:47:42.07","eq","l",3.17,"l",34.53633,-116.26683,4.5,"C",9643369,158,694,2001-04-10 01:47:42.07
"2001/04/11","19:53:57.88","eq","l",3.07,"c",36.37983,-117.82883,4.1,"C",9643685,133,401,2001-04-11 19:53:57.88
"2001/04/11","21:43:07.49","eq","l",2.64,"c",35.97383,-118.3215,3.9,"C",9643689,83,168,2001-04-11 21:43:07.49
"2001/04/11","23:55:46.79","eq","l",3.09,"l",36.36783,-117.84467,3.7,"C",9643697,126,428,2001-04-11 23:55:46.79
"2001/04/12","00:04:20.83","eq","l",2.86,"c",35.97267,-118.321,4,"C",9643701,114,189,2001-04-12 00:04:20.83
"2001/04/12","00:21:01.39","eq","l",3.08,"l",35.98333,-118.333,3.9,"C",9643705,127,434,2001-04-12 00:21:01.39
"2001/04/13","03:08:04.18","eq","l",2.87,"l",36.04283,-117.67333,1.1,"A",9644045,120,352,2001-04-13 03:08:04.18
"2001/04/14","14:51:22.74","eq","l",3.77,"l",35.98933,-118.33117,3.9,"C",9644345,206,1468,2001-04-14 14:51:22.74
"2001/04/14","14:54:00.37","eq","l",3.03,"c",35.98967,-118.3325,3.9,"C",9644349,85,1468,2001-04-14 14:54:00.37
"2001/04/14","14:54:45.46","eq","l",2.57,"l",35.97617,-118.34,3.9,"C",9644353,78,53,2001-04-14 14:54:45.46
"2001/04/14","15:02:55.06","eq","l",2.69,"l",35.99117,-118.346,3.9,"C",9644381,83,251,2001-04-14 15:02:55.06
"2001/04/14","15:03:29.34","eq","l",2.54,"c",35.98517,-118.3285,3.8,"C",9644385,34,24,2001-04-14 15:03:29.34
"2001/04/14","15:04:46.62","eq","l",2.58,"c",35.98567,-118.3325,3.8,"C",9644389,74,145,2001-04-14 15:04:46.62
"2001/04/14","15:07:02.56","eq","l",2.75,"c",35.97533,-118.33917,3.9,"C",9644393,81,220,2001-04-14 15:07:02.56
"2001/04/14","15:09:09.93","eq","l",2.54,"c",35.9795,-118.333,3.8,"C",9644397,71,170,2001-04-14 15:09:09.93
"2001/04/14","15:18:13.05","eq","l",2.73,"l",35.97817,-118.32317,3.9,"C",9644405,101,361,2001-04-14 15:18:13.05
"2001/04/14","15:45:21.06","eq","l",2.62,"c",35.9895,-118.33367,3.8,"C",9644457,38,227,2001-04-14 15:45:21.06
"2001/04/14","15:45:51.21","eq","l",2.65,"c",35.99,-118.3285,3.8,"C",9644445,73,227,2001-04-14 15:45:51.21
"2001/04/14","15:51:30.80","eq","l",2.82,"l",35.99233,-118.33817,3.9,"C",9644465,113,380,2001-04-14 15:51:30.8
"2001/04/14","15:56:00.82","eq","l",2.64,"l",35.9935,-118.33317,3.9,"C",9644473,94,400,2001-04-14 15:56:00.82
"2001/04/14","15:56:54.83","eq","l",2.6,"h",35.99367,-118.325,3.9,"C",10736039,29,400,2001-04-14 15:56:54.83
"2001/04/14","15:56:57.26","eq","l",2.92,"l",35.98833,-118.32583,3.8,"C",9644477,87,400,2001-04-14 15:56:57.26
"2001/04/14","16:22:46.71","eq","l",2.73,"c",35.98783,-118.33667,3.9,"C",9644493,83,244,2001-04-14 16:22:46.71
"2001/04/14","16:25:15.99","eq","l",3.04,"c",35.9865,-118.33117,3.9,"C",9644497,134,359,2001-04-14 16:25:15.99
"2001/04/14","16:42:53.46","eq","l",2.8,"c",35.98883,-118.33567,3.9,"C",9644533,40,277,2001-04-14 16:42:53.46
"2001/04/14","23:30:02.71","eq","l",2.64,"c",35.9785,-118.3405,3.9,"C",9644685,86,206,2001-04-14 23:30:02.71
"2001/04/15","01:26:05.19","eq","l",2.66,"c",35.9785,-118.326,3.9,"C",9644721,95,181,2001-04-15 01:26:05.19
"2001/04/15","08:57:55.33","eq","l",2.5,"c",35.98833,-118.32867,3.9,"C",9644797,64,109,2001-04-15 08:57:55.33
"2001/04/15","09:17:31.44","eq","l",2.51,"c",34.75717,-116.43917,9.8,"A",9644801,121,397,2001-04-15 09:17:31.44
"2001/04/15","10:46:00.89","eq","l",2.65,"c",35.992,-118.347,3.9,"C",9644813,71,554,2001-04-15 10:46:00.89
"2001/04/16","04:15:53.85","eq","l",2.55,"c",35.9845,-118.33383,3.9,"C",9644993,97,178,2001-04-16 04:15:53.85
"2001/04/16","16:39:12.40","eq","l",2.55,"c",35.9825,-118.324,3.9,"C",9645065,61,222,2001-04-16 16:39:12.4
"2001/04/17","08:49:06.58","eq","l",3.01,"c",35.99133,-118.3395,3.9,"C",9645193,90,327,2001-04-17 08:49:06.58
"2001/04/17","09:28:11.05","eq","l",2.83,"c",35.9785,-118.33133,3.9,"C",9645213,86,183,2001-04-17 09:28:11.05
"2001/04/17","10:13:35.58","eq","l",2.58,"c",35.96883,-118.32967,3.9,"C",9645237,61,137,2001-04-17 10:13:35.58
"2001/04/17","23:47:46.56","eq","l",2.77,"l",35.98317,-118.3435,3.9,"C",9645413,109,363,2001-04-17 23:47:46.56
"2001/04/19","00:59:42.65","eq","l",2.79,"l",35.991,-118.3355,3.9,"C",9645641,93,371,2001-04-19 00:59:42.65
"2001/04/19","02:20:24.84","eq","l",3.14,"l",36.329,-118.34783,3.8,"C",9645677,66,151,2001-04-19 02:20:24.84
"2001/04/19","02:33:08.96","eq","l",2.52,"c",35.9805,-118.329,3.9,"C",9645681,52,152,2001-04-19 02:33:08.96
"2001/04/19","09:02:40.40","eq","l",3.24,"l",34.70933,-118.71533,12.9,"A",9645749,229,1490,2001-04-19 09:02:40.4
"2001/04/22","01:47:35.09","eq","l",2.57,"c",36.419,-117.90683,2,"C",9646301,68,141,2001-04-22 01:47:35.09
"2001/04/23","06:08:09.23","eq","l",2.58,"c",34.88433,-116.356,1,"A",9646485,89,402,2001-04-23 06:08:09.23
"2001/04/23","16:33:48.94","eq","l",3.51,"l",36.02483,-117.88267,3.3,"A",9646589,154,1501,2001-04-23 16:33:48.94
"2001/04/23","16:39:06.48","eq","l",2.63,"c",36.024,-117.898,2.6,"A",9646605,72,1501,2001-04-23 16:39:06.48
"2001/04/23","16:44:11.45","eq","l",3.23,"l",36.0255,-117.89533,2.4,"A",9646629,186,1500,2001-04-23 16:44:11.45
"2001/04/23","19:59:52.54","eq","l",3.3,"l",36.02583,-117.88833,2.6,"A",9646797,194,1501,2001-04-23 19:59:52.54
"2001/04/23","20:18:58.31","eq","l",2.64,"c",36.02683,-117.88483,2.9,"A",9646829,83,270,2001-04-23 20:18:58.31
"2001/04/23","20:32:18.05","eq","l",2.5,"h",36.03367,-117.8885,3.4,"A",10768055,36,402,2001-04-23 20:32:18.05
"2001/04/23","20:32:22.93","eq","l",2.84,"l",36.0205,-117.89333,2.1,"A",9646837,90,402,2001-04-23 20:32:22.93
"2001/04/23","20:34:47.58","eq","l",2.75,"c",36.02483,-117.89517,2.6,"A",9646841,90,254,2001-04-23 20:34:47.58
"2001/04/23","23:20:45.68","eq","l",2.81,"c",36.01933,-117.89467,2.7,"A",11578592,74,257,2001-04-23 23:20:45.68
"2001/04/24","01:55:43.62","eq","l",2.55,"c",36.02417,-117.89617,2.5,"A",9647045,80,262,2001-04-24 01:55:43.62
"2001/04/24","03:42:39.73","eq","l",2.69,"l",36.03067,-117.88567,2.5,"A",9647081,94,361,2001-04-24 03:42:39.73
"2001/04/24","08:56:32.09","eq","l",2.78,"c",36.03117,-117.88333,3.4,"A",9647217,96,311,2001-04-24 08:56:32.09
"2001/04/24","10:04:37.41","eq","l",2.83,"c",36.025,-117.901,2.3,"A",9647225,83,275,2001-04-24 10:04:37.41
"2001/04/24","14:37:07.02","eq","l",2.57,"c",36.02283,-117.89733,2.3,"A",9647337,81,221,2001-04-24 14:37:07.02
"2001/04/24","15:49:28.28","eq","l",2.84,"c",36.031,-117.88383,2.4,"A",9647365,101,317,2001-04-24 15:49:28.28
"2001/04/24","18:38:41.91","eq","l",2.53,"c",36.0215,-117.89867,2.2,"A",9647437,76,226,2001-04-24 18:38:41.91
"2001/04/25","01:13:42.79","eq","l",3.26,"l",34.64783,-116.27967,4.9,"C",9647549,167,669,2001-04-25 01:13:42.79
"2001/04/25","02:23:01.29","eq","l",2.5,"c",36.02283,-117.90217,2,"A",9647561,97,186,2001-04-25 02:23:01.29
"2001/04/27","05:20:52.42","eq","l",2.69,"c",35.9425,-117.68567,2,"A",9648193,124,283,2001-04-27 05:20:52.42
"2001/04/27","05:36:18.86","eq","l",2.84,"l",36.026,-117.89767,2.3,"A",9648201,195,480,2001-04-27 05:36:18.86
"2001/04/29","16:09:40.03","eq","l",2.61,"l",35.6825,-118.453,9.1,"A",9648773,132,376,2001-04-29 16:09:40.03
"2001/05/01","23:59:28.64","eq","l",2.67,"c",36.02217,-117.8935,3.4,"A",9649281,93,197,2001-05-01 23:59:28.64
"2001/05/06","16:10:25.03","eq","l",2.74,"l",35.96683,-118.34467,3.9,"C",9650301,123,378,2001-05-06 16:10:25.03
"2001/05/07","04:42:02.86","eq","l",2.54,"l",34.879,-116.3715,3.3,"A",9650433,146,522,2001-05-07 04:42:02.86
"2001/05/08","13:28:46.10","eq","l",2.93,"l",35.99217,-118.34567,3.9,"C",9650917,137,498,2001-05-08 13:28:46.1
"2001/05/11","13:29:45.41","eq","l",2.73,"c",36.06967,-117.85483,0.5,"A",9651769,90,351,2001-05-11 13:29:45.41
"2001/05/12","13:51:32.34","eq","l",2.53,"c",36.0675,-117.85483,1.6,"A",9652109,66,164,2001-05-12 13:51:32.34
"2001/05/15","20:50:36.96","eq","l",2.58,"c",36.0225,-117.9,2.3,"A",9652929,57,274,2001-05-15 20:50:36.96
"2001/05/17","19:49:46.63","eq","l",3.02,"l",35.79883,-118.04467,6.8,"A",9653261,167,488,2001-05-17 19:49:46.63
"2001/05/17","20:47:58.94","eq","l",3.57,"l",35.7985,-118.03983,4.3,"C",9653293,171,1534,2001-05-17 20:47:58.94
"2001/05/17","20:53:47.86","eq","l",2.68,"l",35.80017,-118.04383,8.1,"A",9653301,129,397,2001-05-17 20:53:47.86
"2001/05/17","21:14:30.63","eq","l",3,"l",35.79483,-118.04283,6.7,"A",9653329,53,580,2001-05-17 21:14:30.63
"2001/05/17","21:53:45.57","eq","l",4.25,"l",35.799,-118.04367,7.5,"A",9653349,286,1552,2001-05-17 21:53:45.57
"2001/05/17","21:56:38.60","eq","l",2.92,"l",35.80433,-118.0435,10.1,"B",9653353,124,1552,2001-05-17 21:56:38.6
"2001/05/17","22:29:08.51","eq","l",2.99,"l",35.80283,-118.0435,8.5,"A",9653441,52,638,2001-05-17 22:29:08.51
"2001/05/17","22:31:37.55","eq","l",2.88,"l",35.80033,-118.044,8.5,"A",9653457,53,638,2001-05-17 22:31:37.55
"2001/05/17","22:55:55.71","eq","l",2.57,"c",35.8,-118.04183,8.7,"A",9653489,82,1559,2001-05-17 22:55:55.71
"2001/05/17","22:56:45.85","eq","l",4.1,"l",35.796,-118.04617,7.2,"A",9653493,74,1559,2001-05-17 22:56:45.85
"2001/05/17","23:00:15.71","eq","l",2.77,"c",35.7935,-118.047,6.3,"B",9653501,87,55,2001-05-17 23:00:15.71
"2001/05/17","23:02:55.92","eq","l",2.54,"c",35.80367,-118.05683,7.2,"A",9653509,41,108,2001-05-17 23:02:55.92
"2001/05/17","23:03:55.84","eq","l",2.73,"c",35.797,-118.0425,7.4,"A",9653513,87,460,2001-05-17 23:03:55.84
"2001/05/17","23:06:37.00","eq","l",2.7,"c",35.788,-118.047,3.1,"A",9653517,99,265,2001-05-17 23:06:37
"2001/05/17","23:23:38.46","eq","l",3.15,"l",35.794,-118.04867,7.9,"A",9653565,52,1555,2001-05-17 23:23:38.46
"2001/05/17","23:33:49.03","eq","l",2.79,"l",35.79383,-118.0485,7.6,"A",9653577,49,475,2001-05-17 23:33:49.03
"2001/05/17","23:37:21.21","eq","l",2.58,"l",35.79667,-118.04633,7.8,"A",9653589,39,377,2001-05-17 23:37:21.21
"2001/05/18","00:09:53.08","eq","l",2.54,"c",35.80283,-118.04533,8.6,"A",9653617,104,260,2001-05-18 00:09:53.08
"2001/05/18","01:24:24.60","eq","l",3.14,"c",35.79817,-118.045,6.6,"A",10856059,42,339,2001-05-18 01:24:24.6
"2001/05/18","02:17:10.79","eq","l",2.63,"c",35.799,-118.04767,7.5,"A",9653725,56,321,2001-05-18 02:17:10.79
"2001/05/18","02:27:55.66","eq","l",3.03,"l",35.80217,-118.0445,8,"A",9653733,170,601,2001-05-18 02:27:55.66
"2001/05/18","04:19:29.87","eq","l",2.61,"c",35.79083,-118.04517,6.7,"A",9653769,100,299,2001-05-18 04:19:29.87
"2001/05/18","09:39:12.33","eq","l",2.75,"l",35.8015,-118.046,7.7,"A",9653857,143,447,2001-05-18 09:39:12.33
"2001/05/18","18:56:32.80","eq","l",2.5,"c",35.79517,-118.05,6.7,"A",10856055,47,343,2001-05-18 18:56:32.8
"2001/05/18","22:49:44.07","eq","l",2.63,"c",35.8,-118.0455,7.3,"A",9654081,55,46,2001-05-18 22:49:44.07
"2001/05/19","16:41:12.55","eq","l",2.64,"c",36.06533,-117.856,1.4,"A",9654281,95,209,2001-05-19 16:41:12.55
"2001/05/23","07:03:00.53","eq","l",2.96,"l",34.72483,-116.301,3.9,"A",9655053,194,667,2001-05-23 07:03:00.53
"2001/05/23","17:52:48.89","eq","l",2.75,"l",35.98867,-118.33267,3.9,"C",9655177,120,414,2001-05-23 17:52:48.89
"2001/05/23","23:59:48.76","eq","l",2.51,"c",35.80017,-118.04417,7,"A",9655289,125,283,2001-05-23 23:59:48.76
"2001/05/24","12:32:49.05","eq","l",2.89,"l",34.71967,-116.30317,2.9,"A",9655473,186,673,2001-05-24 12:32:49.05
"2001/05/24","18:36:29.05","eq","l",2.64,"l",35.79567,-118.049,7.7,"A",9655537,113,421,2001-05-24 18:36:29.05
"2001/05/24","21:52:41.40","eq","l",2.73,"c",34.66167,-116.32367,4.5,"C",9655597,112,508,2001-05-24 21:52:41.4
"2001/05/25","08:21:57.38","eq","l",2.52,"c",35.79533,-118.04533,6.2,"A",9655709,88,231,2001-05-25 08:21:57.38
"2001/05/25","08:44:10.58","eq","l",2.8,"l",35.79367,-118.05017,7.2,"A",9655717,55,1549,2001-05-25 08:44:10.58
"2001/05/25","18:35:32.92","eq","l",2.57,"c",34.61517,-116.59333,7.4,"A",9655817,109,313,2001-05-25 18:35:32.92
"2001/05/28","23:30:50.46","eq","l",2.58,"l",35.8015,-118.0475,7.6,"A",9656997,129,367,2001-05-28 23:30:50.46
"2001/05/28","23:46:04.63","eq","l",2.5,"c",35.80467,-118.04683,7.8,"A",9657005,92,177,2001-05-28 23:46:04.63
"2001/05/30","21:18:20.66","eq","l",2.62,"l",35.88567,-118.0045,1.8,"A",11598268,43,364,2001-05-30 21:18:20.66
"2001/06/04","20:21:28.18","eq","l",2.55,"c",35.98933,-118.33417,3.9,"C",9658597,32,136,2001-06-04 20:21:28.18
"2001/06/04","20:21:48.09","eq","l",2.8,"c",35.98867,-118.32467,3.9,"C",10896055,27,136,2001-06-04 20:21:48.09
"2001/06/04","20:22:47.02","eq","l",2.51,"l",35.9825,-118.328,3.9,"C",9658593,56,97,2001-06-04 20:22:47.02
"2001/06/04","20:46:53.24","eq","l",2.69,"c",35.9825,-118.3315,3.9,"C",9658601,77,242,2001-06-04 20:46:53.24
"2001/06/06","04:12:43.21","eq","l",3,"c",35.79917,-118.04517,8.6,"A",11610848,170,455,2001-06-06 04:12:43.21
"2001/06/07","19:00:24.61","eq","l",2.56,"c",35.57433,-118.3925,0.8,"A",9659145,131,378,2001-06-07 19:00:24.61
"2001/06/08","23:15:27.66","eq","l",3.12,"c",34.56867,-116.23133,6.1,"C",9659389,247,737,2001-06-08 23:15:27.66
"2001/06/10","04:23:32.83","eq","l",3.01,"l",36.0295,-117.88583,2.1,"A",9659661,50,1548,2001-06-10 04:23:32.83
"2001/06/10","22:13:10.53","eq","l",2.58,"c",36.02767,-117.77683,1.2,"A",9659897,50,43,2001-06-10 22:13:10.53
"2001/06/12","05:37:24.31","eq","l",2.67,"c",36.02867,-117.88467,3.8,"A",9660165,124,336,2001-06-12 05:37:24.31
"2001/06/15","02:25:24.87","eq","l",2.53,"c",35.84383,-117.62283,3.3,"A",9661105,132,307,2001-06-15 02:25:24.87
"2001/06/15","21:17:26.13","eq","l",2.67,"l",34.66,-116.29183,4.5,"C",9661445,168,647,2001-06-15 21:17:26.13
"2001/06/16","23:49:58.40","eq","l",2.69,"l",35.8425,-117.62033,3.7,"A",9661949,124,530,2001-06-16 23:49:58.4
"2001/06/18","00:24:18.57","eq","l",2.65,"c",35.935,-117.68233,2.1,"A",9662589,84,297,2001-06-18 00:24:18.57
"2001/06/18","05:52:32.96","eq","l",2.58,"c",35.798,-118.03933,6.2,"A",9662697,118,293,2001-06-18 05:52:32.96
"2001/06/20","01:47:13.18","eq","l",2.52,"c",35.57267,-118.38733,0,"A",9663737,92,284,2001-06-20 01:47:13.18
"2001/06/20","22:30:43.85","eq","l",3.01,"l",35.799,-118.04133,6,"A",9664317,53,568,2001-06-20 22:30:43.85
"2001/06/23","19:43:30.74","eq","l",2.69,"c",35.84167,-117.61917,3.6,"A",11614672,99,325,2001-06-23 19:43:30.74
"2001/06/30","02:50:59.23","eq","l",2.58,"l",34.888,-116.419,-1,"A",9666173,72,207,2001-06-30 02:50:59.23
"2001/06/30","22:30:54.77","eq","l",2.68,"c",35.79967,-118.05117,6.8,"A",9666345,109,273,2001-06-30 22:30:54.77
"2001/07/01","05:14:38.65","eq","l",3.3,"l",36.09833,-118.40033,8.8,"A",9666401,204,1546,2001-07-01 05:14:38.65
"2001/07/03","02:00:20.57","eq","l",2.67,"c",35.93483,-117.6855,2.1,"A",9666805,43,414,2001-07-03 02:00:20.57
"2001/07/07","23:00:02.78","eq","l",2.72,"c",34.69217,-116.30417,4.8,"C",9668197,120,170,2001-07-07 23:00:02.78
"2001/07/10","23:11:24.54","eq","l",2.72,"l",34.613,-116.23583,3.9,"A",9669961,145,307,2001-07-10 23:11:24.54
"2001/07/11","22:44:29.08","eq","l",2.55,"c",35.80567,-118.04483,7.5,"A",9670785,78,50,2001-07-11 22:44:29.08
"2001/07/11","22:53:37.65","eq","l",2.56,"c",35.804,-118.0455,7.6,"A",9670789,86,57,2001-07-11 22:53:37.65
"2001/07/12","01:02:47.76","eq","l",2.95,"l",35.75,-118.3445,1.6,"A",9670845,49,239,2001-07-12 01:02:47.76
"2001/07/13","15:29:23.73","eq","l",2.52,"l",35.75083,-118.3425,0,"A",9671741,81,55,2001-07-13 15:29:23.73
"2001/07/14","14:51:56.81","eq","l",2.79,"l",36.03283,-117.87717,1.9,"A",9671909,125,498,2001-07-14 14:51:56.81
"2001/07/14","17:30:28.90","eq","l",3.6,"h",36.03033,-117.87783,1.6,"A",9671933,224,1507,2001-07-14 17:30:28.9
"2001/07/14","17:30:39.57","eq","l",3.8,"l",36.02283,-117.87083,2.1,"A",10964587,21,831,2001-07-14 17:30:39.57
"2001/07/14","17:32:49.40","eq","l",3.91,"l",36.02667,-117.874,2.5,"A",9671937,62,1507,2001-07-14 17:32:49.4
"2001/07/14","17:55:45.12","eq","l",3.36,"l",36.026,-117.87517,2.2,"A",9672013,201,1510,2001-07-14 17:55:45.12
"2001/07/14","18:44:21.25","eq","l",2.76,"l",36.03783,-117.8745,2.4,"A",9672121,46,415,2001-07-14 18:44:21.25
"2001/07/14","19:13:43.21","eq","l",2.55,"l",36.039,-117.87833,2.8,"A",9672165,28,278,2001-07-14 19:13:43.21
"2001/07/14","23:34:29.67","eq","l",2.67,"l",36.03583,-117.87833,1.9,"A",9672393,113,375,2001-07-14 23:34:29.67
"2001/07/15","00:20:11.18","eq","l",2.56,"l",36.03217,-117.87733,2.1,"A",9672413,41,342,2001-07-15 00:20:11.18
"2001/07/15","03:02:46.00","eq","l",2.58,"l",36.027,-117.87867,1.7,"A",9672485,38,330,2001-07-15 03:02:46
"2001/07/15","03:33:58.94","eq","l",2.66,"l",36.02667,-117.877,1.5,"A",9672505,95,326,2001-07-15 03:33:58.94
"2001/07/15","08:35:21.43","eq","l",2.62,"l",34.60633,-116.29783,2.3,"A",9672625,155,580,2001-07-15 08:35:21.43
"2001/07/15","16:24:06.46","eq","l",2.57,"l",36.03233,-117.8775,2.5,"A",9672885,46,360,2001-07-15 16:24:06.46
"2001/07/15","19:00:06.54","eq","l",2.81,"l",36.04217,-117.87833,1.8,"A",9673005,127,523,2001-07-15 19:00:06.54
"2001/07/15","19:32:14.21","eq","l",2.61,"l",36.029,-117.87867,0.5,"A",9673045,85,229,2001-07-15 19:32:14.21
"2001/07/15","20:19:48.53","eq","l",2.79,"l",36.0385,-117.87783,2.1,"A",9673073,122,439,2001-07-15 20:19:48.53
"2001/07/16","11:55:40.84","eq","l",2.98,"l",36.0375,-117.87917,2,"A",9673417,157,1508,2001-07-16 11:55:40.84
"2001/07/16","13:05:06.40","eq","l",3.02,"l",36.0215,-117.87283,2.4,"A",9673461,141,1507,2001-07-16 13:05:06.4
"2001/07/16","13:55:15.97","eq","l",2.89,"l",36.02083,-117.877,1.8,"A",9673489,59,644,2001-07-16 13:55:15.97
"2001/07/16","15:55:28.33","eq","l",3.5,"l",36.01783,-117.87767,1.8,"A",9673577,55,1510,2001-07-16 15:55:28.33
"2001/07/16","15:57:14.88","eq","l",3.18,"l",36.00967,-117.879,2,"A",9673581,59,1510,2001-07-16 15:57:14.88
"2001/07/16","15:57:22.63","eq","l",3.18,"l",36.00983,-117.88567,0.9,"B",10968851,16,1510,2001-07-16 15:57:22.63
"2001/07/16","16:40:16.14","eq","l",2.69,"l",36.015,-117.88,2,"A",9673609,113,332,2001-07-16 16:40:16.14
"2001/07/16","17:33:32.83","eq","l",2.57,"l",36.021,-117.87683,2.1,"A",9673657,46,270,2001-07-16 17:33:32.83
"2001/07/16","18:36:33.51","eq","l",2.6,"l",36.01567,-117.8735,2.3,"A",9673681,40,325,2001-07-16 18:36:33.51
"2001/07/16","20:10:59.83","eq","l",2.54,"l",36.0175,-117.8745,2.3,"A",9673717,64,315,2001-07-16 20:10:59.83
"2001/07/16","20:30:53.44","eq","l",2.97,"l",36.01867,-117.87833,1.8,"A",9673737,59,522,2001-07-16 20:30:53.44
"2001/07/16","21:00:54.32","eq","l",2.53,"l",36.03533,-117.8795,2.4,"A",9673757,113,324,2001-07-16 21:00:54.32
"2001/07/17","12:07:26.10","eq","l",5.17,"w",36.01633,-117.87433,1.9,"A",9674049,106,1491,2001-07-17 12:07:26.1
"2001/07/17","12:14:48.59","eq","l",2.89,"l",36.04917,-117.89083,-0.7,"A",9674065,32,192,2001-07-17 12:14:48.59
"2001/07/17","12:16:27.73","eq","l",3.06,"l",36.03517,-117.87517,3.3,"A",9674069,43,450,2001-07-17 12:16:27.73
"2001/07/17","12:18:31.57","eq","l",2.5,"h",36.01717,-117.88683,2.1,"A",9674073,43,1492,2001-07-17 12:18:31.57
"2001/07/17","12:19:20.57","eq","l",2.69,"l",36.0265,-117.88767,2.3,"A",9674081,59,1492,2001-07-17 12:19:20.57
"2001/07/17","12:19:37.55","eq","l",2.7,"h",36.0365,-117.8855,3.7,"B",10970619,12,1492,2001-07-17 12:19:37.55
"2001/07/17","12:20:09.74","eq","l",2.97,"l",36.03,-117.8745,3.8,"A",9674085,98,1492,2001-07-17 12:20:09.74
"2001/07/17","12:21:11.35","eq","l",3,"l",36.03333,-117.87733,0.6,"A",9674089,114,1492,2001-07-17 12:21:11.35
"2001/07/17","12:22:19.83","eq","l",3.79,"l",36.02567,-117.881,0.7,"A",10970835,30,1492,2001-07-17 12:22:19.83
"2001/07/17","12:22:28.62","eq","l",3.75,"l",36.02683,-117.865,4.2,"A",9674093,116,1492,2001-07-17 12:22:28.62
"2001/07/17","12:23:56.32","eq","l",3,"h",36.01817,-117.87533,4.9,"A",10970931,29,1492,2001-07-17 12:23:56.32
"2001/07/17","12:25:02.88","eq","l",2.8,"h",36.02883,-117.88167,3.1,"A",10970327,34,1492,2001-07-17 12:25:02.88
"2001/07/17","12:25:18.95","eq","l",4.07,"l",36.043,-117.87217,4.1,"C",9674097,138,1492,2001-07-17 12:25:18.95
"2001/07/17","12:25:59.59","eq","l",3.1,"h",36.006,-117.89233,-1.3,"C",10970503,16,1492,2001-07-17 12:25:59.59
"2001/07/17","12:26:42.86","eq","l",3,"h",36.03917,-117.88017,3.5,"A",10970999,27,1492,2001-07-17 12:26:42.86
"2001/07/17","12:36:38.25","eq","l",3.16,"l",36.03033,-117.88483,2,"A",9674141,169,1492,2001-07-17 12:36:38.25
"2001/07/17","12:37:59.88","eq","l",2.5,"h",36.04933,-117.86917,1,"A",11904067,16,1492,2001-07-17 12:37:59.88
"2001/07/17","12:38:47.38","eq","l",2.9,"l",36.02783,-117.86767,3.9,"A",9674145,29,1492,2001-07-17 12:38:47.38
"2001/07/17","12:42:42.13","eq","l",2.67,"l",36.034,-117.87433,2.4,"A",9674161,28,531,2001-07-17 12:42:42.13
"2001/07/17","12:43:46.05","eq","l",2.85,"l",36.03083,-117.88033,2.4,"A",9674165,40,531,2001-07-17 12:43:46.05
"2001/07/17","12:56:31.43","eq","l",3.69,"l",36.0285,-117.88283,1.6,"A",9674205,215,1492,2001-07-17 12:56:31.43
"2001/07/17","12:59:59.17","eq","l",4.93,"w",36.017,-117.88233,-0.7,"A",9674213,189,1492,2001-07-17 12:59:59.17
"2001/07/17","13:04:10.77","eq","l",2.68,"l",35.98967,-117.8705,2.2,"A",9674217,20,39,2001-07-17 13:04:10.77
"2001/07/17","13:05:49.74","eq","l",2.8,"l",36.01633,-117.87433,2,"A",9674221,40,252,2001-07-17 13:05:49.74
"2001/07/17","13:06:56.13","eq","l",2.81,"l",36.025,-117.87617,3.9,"C",9674229,46,252,2001-07-17 13:06:56.13
"2001/07/17","13:11:57.88","eq","l",2.62,"l",36.00667,-117.874,2.2,"A",9674241,84,375,2001-07-17 13:11:57.88
"2001/07/17","13:12:43.70","eq","l",2.78,"l",36.02817,-117.86917,4.2,"A",9674245,43,375,2001-07-17 13:12:43.7
"2001/07/17","13:19:59.95","eq","l",2.9,"l",36.0285,-117.87533,3.8,"A",9674269,55,531,2001-07-17 13:19:59.95
"2001/07/17","13:24:09.27","eq","l",2.53,"l",36.036,-117.8765,3.1,"A",9674285,23,340,2001-07-17 13:24:09.27
"2001/07/17","13:31:12.30","eq","l",2.62,"c",36.00233,-117.878,1.9,"A",9674317,79,329,2001-07-17 13:31:12.3
"2001/07/17","13:31:40.93","eq","l",2.68,"l",36.05117,-117.89333,-0.6,"A",9674321,63,43,2001-07-17 13:31:40.93
"2001/07/17","13:32:59.17","eq","l",2.55,"c",35.98667,-117.869,2.3,"A",9674325,55,381,2001-07-17 13:32:59.17
"2001/07/17","13:43:20.71","eq","l",2.51,"l",36.02567,-117.8815,1.4,"A",9674357,88,391,2001-07-17 13:43:20.71
"2001/07/17","14:12:27.49","eq","l",2.85,"l",36.04983,-117.881,1.5,"A",9674477,38,463,2001-07-17 14:12:27.49
"2001/07/17","14:14:27.56","eq","l",2.59,"l",36.05467,-117.8825,0.4,"A",9674485,96,463,2001-07-17 14:14:27.56
"2001/07/17","14:15:12.17","eq","l",2.53,"l",36.0275,-117.88933,2.5,"A",9674489,25,52,2001-07-17 14:15:12.17
"2001/07/17","14:35:45.92","eq","l",2.72,"l",36.03033,-117.87967,3.7,"A",9674569,89,423,2001-07-17 14:35:45.92
"2001/07/17","14:59:50.32","eq","l",3.68,"l",36.0325,-117.8835,1.5,"A",9674653,42,1492,2001-07-17 14:59:50.32
"2001/07/17","15:00:04.13","eq","l",3,"h",36.03067,-117.88783,-1.6,"B",10972583,9,1492,2001-07-17 15:00:04.13
"2001/07/17","16:11:35.28","eq","l",2.78,"l",36.008,-117.87117,2.9,"A",9674885,112,501,2001-07-17 16:11:35.28
"2001/07/17","16:27:40.09","eq","l",2.77,"l",36.05117,-117.87733,1.9,"A",9674953,113,464,2001-07-17 16:27:40.09
"2001/07/17","16:38:46.94","eq","l",2.54,"l",36.03283,-117.87833,3.7,"A",9674997,30,57,2001-07-17 16:38:46.94
"2001/07/17","16:48:20.35","eq","l",2.56,"l",35.99983,-117.87133,4.5,"A",9675029,39,329,2001-07-17 16:48:20.35
"2001/07/17","16:57:46.54","eq","l",2.51,"l",36.01133,-117.8755,3.2,"A",9675065,43,328,2001-07-17 16:57:46.54
"2001/07/17","17:30:58.35","eq","l",3.27,"l",35.9985,-117.8715,4.1,"A",9675181,177,1497,2001-07-17 17:30:58.35
"2001/07/17","17:42:01.50","eq","l",2.52,"l",35.99567,-117.87417,1.9,"A",9675205,83,352,2001-07-17 17:42:01.5
"2001/07/17","18:12:43.43","eq","l",2.9,"l",35.98683,-117.87017,3,"A",9675305,52,499,2001-07-17 18:12:43.43
"2001/07/17","19:03:21.26","eq","l",2.61,"l",35.99483,-117.86383,2.6,"A",9675441,38,424,2001-07-17 19:03:21.26
"2001/07/17","19:09:49.71","eq","l",2.82,"l",35.9875,-117.874,1.8,"A",9675461,46,445,2001-07-17 19:09:49.71
"2001/07/17","19:20:42.43","eq","l",2.66,"l",35.98867,-117.87017,2.5,"A",9675481,36,427,2001-07-17 19:20:42.43
"2001/07/17","20:53:09.55","eq","l",2.93,"l",35.98733,-117.87133,2,"A",9675733,155,521,2001-07-17 20:53:09.55
"2001/07/17","20:53:40.40","eq","l",2.82,"l",36.00483,-117.87517,1.6,"A",10968555,20,518,2001-07-17 20:53:40.4
"2001/07/18","00:17:21.32","eq","l",2.87,"l",36.0055,-117.87317,2.1,"A",10968791,121,390,2001-07-18 00:17:21.32
"2001/07/18","01:02:11.05","eq","l",2.97,"l",36.04917,-117.8895,0.9,"A",10968887,43,435,2001-07-18 01:02:11.05
"2001/07/18","01:32:33.56","eq","l",2.94,"l",36.04467,-117.88333,1.9,"A",10968927,42,470,2001-07-18 01:32:33.56
"2001/07/18","02:32:13.65","eq","l",2.5,"l",35.998,-117.86517,1.6,"A",9676417,107,346,2001-07-18 02:32:13.65
"2001/07/18","03:45:35.20","eq","l",2.65,"l",36.03867,-117.8775,2.4,"A",9676537,48,373,2001-07-18 03:45:35.2
"2001/07/18","06:28:43.86","eq","l",2.64,"l",36.0165,-117.89183,4.8,"A",9676841,18,645,2001-07-18 06:28:43.86
"2001/07/18","06:29:01.73","eq","l",2.81,"l",35.998,-117.87117,2.8,"A",9676845,45,645,2001-07-18 06:29:01.73
"2001/07/18","07:08:20.39","eq","l",2.87,"l",35.99017,-117.86367,2.9,"A",9676945,45,581,2001-07-18 07:08:20.39
"2001/07/18","12:05:35.81","eq","l",2.84,"l",36.02833,-117.88017,3.4,"A",9677413,40,560,2001-07-18 12:05:35.81
"2001/07/18","14:15:55.53","eq","l",2.93,"l",36.00333,-117.874,2.5,"A",9677637,49,555,2001-07-18 14:15:55.53
"2001/07/18","18:24:54.89","eq","l",2.54,"l",36.05933,-117.87217,1.2,"A",9677945,33,302,2001-07-18 18:24:54.89
"2001/07/18","20:24:23.93","eq","l",2.86,"l",35.99917,-117.86933,3.1,"A",9678081,130,595,2001-07-18 20:24:23.93
"2001/07/19","01:30:59.46","eq","l",2.58,"l",35.99017,-117.87267,2.2,"A",9678429,106,323,2001-07-19 01:30:59.46
"2001/07/19","08:23:47.53","eq","l",2.87,"l",36.03083,-117.878,0.6,"A",9678845,36,396,2001-07-19 08:23:47.53
"2001/07/19","10:56:24.79","eq","l",3.48,"l",36.01383,-117.87517,2,"A",9678997,60,1521,2001-07-19 10:56:24.79
"2001/07/19","15:01:08.30","eq","l",3.25,"l",35.99567,-117.86767,2,"A",9679285,173,1510,2001-07-19 15:01:08.3
"2001/07/19","18:30:26.31","eq","l",2.64,"l",36.012,-117.86933,3.2,"A",9679529,127,394,2001-07-19 18:30:26.31
"2001/07/19","19:07:35.06","eq","l",3.15,"l",36.0095,-117.8755,3.6,"A",9679573,61,1446,2001-07-19 19:07:35.06
"2001/07/19","19:09:07.65","eq","l",2.75,"l",36.00683,-117.8775,3.7,"A",9679577,50,1446,2001-07-19 19:09:07.65
"2001/07/19","22:23:29.14","eq","l",2.78,"l",36.00983,-117.87617,3.7,"A",10972423,52,481,2001-07-19 22:23:29.14
"2001/07/19","22:47:24.54","eq","l",2.5,"l",36.01383,-117.8795,4.1,"A",10972471,72,344,2001-07-19 22:47:24.54
"2001/07/20","00:39:21.89","eq","l",2.76,"l",36.0505,-117.88383,1.1,"A",10972603,98,402,2001-07-20 00:39:21.89
"2001/07/20","00:45:52.83","eq","l",2.74,"l",35.98367,-117.86917,2.2,"A",10972611,48,414,2001-07-20 00:45:52.83
"2001/07/20","01:04:00.63","eq","l",3.46,"l",35.99733,-117.87517,2.8,"A",10976071,178,1515,2001-07-20 01:04:00.63
"2001/07/20","01:09:52.75","eq","l",2.68,"l",36.00767,-117.86467,2.8,"A",10976087,137,462,2001-07-20 01:09:52.75
"2001/07/20","01:18:05.20","eq","l",2.56,"l",36.00833,-117.86517,2.9,"A",10976111,123,465,2001-07-20 01:18:05.2
"2001/07/20","02:21:28.49","eq","l",2.96,"l",35.98683,-117.87017,2,"A",10976199,53,479,2001-07-20 02:21:28.49
"2001/07/20","02:36:03.13","eq","l",2.58,"l",36.03083,-117.8815,1.8,"A",10976227,42,366,2001-07-20 02:36:03.13
"2001/07/20","05:53:05.04","eq","l",3.45,"l",36.006,-117.87783,3.7,"A",10980179,59,601,2001-07-20 05:53:05.04
"2001/07/20","06:31:30.75","eq","l",2.71,"l",35.98717,-117.87233,1.9,"A",10980211,39,366,2001-07-20 06:31:30.75
"2001/07/20","08:55:42.51","eq","l",2.7,"l",36.04183,-117.86633,2,"A",10984147,114,366,2001-07-20 08:55:42.51
"2001/07/20","12:53:07.53","eq","l",4.43,"l",35.995,-117.87717,2.3,"A",10992159,71,1529,2001-07-20 12:53:07.53
"2001/07/20","12:56:09.32","eq","l",2.59,"l",35.99233,-117.877,2.9,"A",10992163,38,1529,2001-07-20 12:56:09.32
"2001/07/20","13:07:26.57","eq","l",2.62,"c",35.992,-117.88017,3.3,"A",10992187,53,32,2001-07-20 13:07:26.57
"2001/07/20","14:01:34.63","eq","l",2.62,"c",35.98967,-117.87333,1.6,"A",11792063,30,209,2001-07-20 14:01:34.63
"2001/07/20","14:40:15.21","eq","l",3.13,"l",35.99333,-117.87467,2.2,"A",10992311,50,488,2001-07-20 14:40:15.21
"2001/07/20","14:52:52.92","eq","l",2.59,"c",36.011,-117.87967,2.9,"A",10992331,111,332,2001-07-20 14:52:52.92
"2001/07/20","15:58:34.00","eq","l",2.64,"l",35.9865,-117.87067,2.2,"A",11004059,92,386,2001-07-20 15:58:34
"2001/07/20","16:22:10.38","eq","l",2.57,"l",35.985,-117.87167,1.9,"A",11004107,43,332,2001-07-20 16:22:10.38
"2001/07/20","18:56:12.81","eq","l",2.68,"c",36.04917,-117.8805,2,"A",11020067,102,314,2001-07-20 18:56:12.81
"2001/07/20","20:47:00.20","eq","l",2.68,"c",35.99133,-117.87633,3.5,"A",11060063,95,262,2001-07-20 20:47:00.2
"2001/07/21","11:06:07.52","eq","l",2.63,"c",35.99083,-117.87833,2.8,"A",11444055,86,294,2001-07-21 11:06:07.52
"2001/07/21","11:15:35.89","eq","l",3.4,"l",35.98817,-117.87333,2,"A",11464055,46,127,2001-07-21 11:15:35.89
"2001/07/21","11:31:14.96","eq","l",2.86,"l",35.98767,-117.872,2.2,"A",11488055,55,424,2001-07-21 11:31:14.96
"2001/07/21","17:16:21.05","eq","l",2.83,"l",35.99317,-117.87667,3.3,"A",11788063,45,98,2001-07-21 17:16:21.05
"2001/07/21","22:07:01.75","eq","l",3.09,"l",35.99233,-117.87667,3.1,"A",9682457,52,1522,2001-07-21 22:07:01.75
"2001/07/22","16:29:55.79","eq","l",2.62,"l",35.98883,-117.87617,3.1,"A",9683009,42,436,2001-07-22 16:29:55.79
"2001/07/23","00:42:28.81","eq","l",2.66,"l",36.01133,-117.88983,2.5,"A",9683253,40,397,2001-07-23 00:42:28.81
"2001/07/23","03:57:09.40","eq","l",2.97,"l",35.93383,-117.68117,2.1,"A",9683349,36,401,2001-07-23 03:57:09.4
"2001/07/23","11:29:59.46","eq","l",2.57,"l",35.98517,-117.87,1.9,"A",9683585,45,325,2001-07-23 11:29:59.46
"2001/07/23","21:02:47.20","eq","l",3.7,"l",35.99,-117.879,2.9,"A",9683913,55,1523,2001-07-23 21:02:47.2
"2001/07/23","21:37:52.80","eq","l",2.6,"l",35.98817,-117.876,3,"A",9683957,45,398,2001-07-23 21:37:52.8
"2001/07/24","07:22:50.61","eq","l",2.86,"l",36.05967,-117.87533,1,"A",11671144,45,481,2001-07-24 07:22:50.61
"2001/07/24","08:37:28.98","eq","l",2.93,"l",35.80417,-118.0475,6.2,"C",11671208,170,654,2001-07-24 08:37:28.98
"2001/07/24","08:54:50.82","eq","l",3.25,"l",35.98217,-117.86867,2,"A",11671240,47,1520,2001-07-24 08:54:50.82
"2001/07/24","13:43:17.58","eq","l",3.29,"l",35.98333,-117.86133,0.3,"A",11671476,56,1500,2001-07-24 13:43:17.58
"2001/07/24","13:45:25.25","eq","l",2.97,"l",35.973,-117.86633,1.6,"A",11671480,25,1500,2001-07-24 13:45:25.25
"2001/07/24","14:24:31.27","eq","l",2.78,"l",36.04233,-117.87883,2.7,"A",11671512,44,394,2001-07-24 14:24:31.27
"2001/07/24","16:10:50.47","eq","l",2.52,"l",35.907,-116.97533,3,"A",11671608,31,329,2001-07-24 16:10:50.47
"2001/07/24","16:43:22.58","eq","l",2.59,"l",35.91233,-116.967,4.2,"C",11671624,27,344,2001-07-24 16:43:22.58
"2001/07/24","17:10:07.66","eq","l",2.69,"l",35.91117,-116.969,4.2,"C",11671652,38,501,2001-07-24 17:10:07.66
"2001/07/25","07:50:57.33","eq","l",2.71,"l",35.989,-117.876,3.2,"A",11672080,38,359,2001-07-25 07:50:57.33
"2001/07/25","10:20:13.49","eq","l",2.61,"l",36.02533,-117.88483,3.6,"A",11672120,39,305,2001-07-25 10:20:13.49
"2001/07/25","19:10:16.42","eq","l",2.82,"l",36.01267,-117.87867,4.6,"A",11672332,41,520,2001-07-25 19:10:16.42
"2001/07/26","01:33:11.13","eq","l",2.56,"l",35.98583,-117.87317,2.2,"A",11672508,34,296,2001-07-26 01:33:11.13
"2001/07/26","20:11:02.35","eq","l",2.5,"l",35.98133,-117.8785,2.4,"A",11673064,111,367,2001-07-26 20:11:02.35
"2001/07/27","05:24:44.26","eq","l",2.99,"l",35.98433,-117.87667,2.9,"A",11674744,41,565,2001-07-27 05:24:44.26
"2001/07/27","17:45:02.86","eq","l",2.52,"l",36.05267,-117.8695,1.9,"A",9686281,88,303,2001-07-27 17:45:02.86
"2001/07/27","17:53:19.30","eq","l",3.07,"l",36.0605,-117.87417,1,"A",9686289,122,457,2001-07-27 17:53:19.3
"2001/07/27","20:59:31.25","eq","l",2.54,"l",36.05,-117.87483,1.7,"A",9686417,46,336,2001-07-27 20:59:31.25
"2001/07/28","01:09:29.11","eq","l",4.01,"l",36.05817,-117.8715,0.3,"A",9686565,182,1528,2001-07-28 01:09:29.11
"2001/07/28","01:12:07.43","eq","l",2.5,"h",36.05583,-117.878,2.2,"A",9686569,18,1528,2001-07-28 01:12:07.43
"2001/07/28","09:41:29.31","eq","l",3.12,"l",36.05017,-117.8775,1.7,"A",9686897,174,558,2001-07-28 09:41:29.31
"2001/07/28","11:46:13.58","eq","l",2.92,"l",36.0205,-117.87133,2.1,"A",9686953,176,541,2001-07-28 11:46:13.58
"2001/07/28","17:53:06.78","eq","l",2.83,"l",35.98567,-117.879,2.4,"A",9687105,184,648,2001-07-28 17:53:06.78
"2001/07/28","20:19:29.45","eq","l",2.97,"l",35.9805,-117.86533,1.1,"A",9687169,159,606,2001-07-28 20:19:29.45
"2001/07/28","20:20:55.15","eq","l",2.69,"l",35.97983,-117.865,1.3,"A",9687173,118,606,2001-07-28 20:20:55.15
"2001/07/29","00:52:59.99","eq","l",2.58,"l",35.983,-117.863,1.8,"A",9687277,105,344,2001-07-29 00:52:59.99
"2001/07/30","23:34:17.90","eq","l",3.66,"l",36.04867,-117.88283,1.6,"A",9688025,44,1541,2001-07-30 23:34:17.9
"2001/07/31","00:47:34.67","eq","l",3.49,"l",36.05117,-117.8835,2,"A",9688073,47,1543,2001-07-31 00:47:34.67
"2001/07/31","09:08:26.69","eq","l",3.26,"l",36.0275,-117.884,2.7,"A",9688281,45,1528,2001-07-31 09:08:26.69
"2001/08/01","03:05:15.64","eq","l",3.62,"l",35.98933,-117.87817,2.4,"A",9688709,52,1553,2001-08-01 03:05:15.64
"2001/08/01","03:22:23.86","eq","l",2.52,"l",35.97317,-117.8685,1.2,"A",9688741,28,312,2001-08-01 03:22:23.86
"2001/08/01","03:37:46.49","eq","l",2.61,"l",35.98567,-117.87567,1.4,"A",9688761,34,331,2001-08-01 03:37:46.49
"2001/08/01","03:57:25.78","eq","l",2.57,"l",35.99317,-117.87583,2.7,"A",9688785,34,358,2001-08-01 03:57:25.78
"2001/08/01","17:48:39.78","eq","l",2.52,"l",35.8015,-118.0455,8,"A",9689169,33,332,2001-08-01 17:48:39.78
"2001/08/01","21:31:42.62","eq","l",3.06,"l",36.062,-117.89667,0.5,"A",9689253,32,443,2001-08-01 21:31:42.62
"2001/08/02","17:05:34.48","eq","l",2.56,"l",36.06867,-117.89333,1.2,"A",9689733,41,339,2001-08-02 17:05:34.48
"2001/08/03","17:35:37.86","eq","l",2.88,"l",35.58033,-117.61817,9.9,"A",9690373,51,624,2001-08-03 17:35:37.86
"2001/08/03","19:12:38.94","eq","l",2.71,"l",36.04417,-117.89283,1.2,"A",9690413,58,461,2001-08-03 19:12:38.94
"2001/08/04","07:44:00.35","eq","l",2.52,"l",36.0215,-117.88333,2.3,"A",9690617,53,314,2001-08-04 07:44:00.35
"2001/08/04","19:05:55.46","eq","l",3.16,"l",35.7305,-118.48233,3.9,"A",9690797,76,1552,2001-08-04 19:05:55.46
"2001/08/04","20:01:39.48","eq","l",2.52,"c",35.7295,-118.48517,4.6,"A",9690821,34,294,2001-08-04 20:01:39.48
"2001/08/05","16:23:08.11","eq","l",2.72,"l",35.97917,-117.8855,1.4,"A",9691145,49,524,2001-08-05 16:23:08.11
"2001/08/07","19:06:14.70","eq","l",2.76,"l",34.86017,-116.312,1.9,"A",9692121,43,620,2001-08-07 19:06:14.7
"2001/08/07","19:32:48.23","eq","l",2.83,"l",36.04,-117.89067,1,"A",9692145,46,531,2001-08-07 19:32:48.23
"2001/08/13","10:40:52.35","eq","l",2.7,"c",35.99317,-117.87867,2.5,"A",9694201,48,302,2001-08-13 10:40:52.35
"2001/08/15","02:35:24.03","eq","l",2.53,"c",35.5835,-118.37883,3.4,"A",9694781,45,308,2001-08-15 02:35:24.03
"2001/08/15","08:25:22.94","eq","l",2.6,"l",36.0835,-117.898,0.6,"A",9694845,42,332,2001-08-15 08:25:22.94
"2001/08/17","06:02:33.93","eq","l",2.74,"l",36.023,-117.8925,2.4,"A",9695677,44,496,2001-08-17 06:02:33.93
"2001/08/18","14:42:18.62","eq","l",2.58,"l",35.35867,-117.80117,2.6,"A",9696081,54,262,2001-08-18 14:42:18.62
"2001/08/19","13:12:20.69","eq","l",2.78,"l",35.99717,-117.876,3.5,"A",9696313,37,338,2001-08-19 13:12:20.69
"2001/08/20","01:25:19.45","eq","l",2.83,"l",34.63667,-116.31367,3.6,"A",9696425,45,1553,2001-08-20 01:25:19.45
"2001/08/20","01:26:31.77","eq","l",3.22,"l",34.63633,-116.3145,4.5,"C",9696429,62,1553,2001-08-20 01:26:31.77
"2001/08/20","01:27:45.99","eq","l",2.67,"l",34.64567,-116.322,3.6,"A",9696433,25,1553,2001-08-20 01:27:45.99
"2001/08/22","13:06:25.83","eq","l",3.12,"l",34.59517,-116.27067,4.7,"C",9697153,55,1593,2001-08-22 13:06:25.83
"2001/08/23","11:25:39.72","eq","l",3.06,"l",36.04717,-117.87217,1.7,"A",9697481,43,1590,2001-08-23 11:25:39.72
"2001/08/23","11:52:50.88","eq","l",2.61,"l",36.0445,-117.88333,1.3,"A",9697513,45,357,2001-08-23 11:52:50.88
"2001/08/23","11:55:52.23","eq","l",2.61,"l",36.0455,-117.8825,0.8,"A",9697517,36,344,2001-08-23 11:55:52.23
"2001/08/26","23:25:00.70","eq","l",2.67,"l",35.98483,-118.6345,4.5,"C",9698389,44,304,2001-08-26 23:25:00.7
"2001/08/31","00:13:38.33","eq","l",2.65,"l",34.56433,-116.24817,3.9,"A",9699461,43,628,2001-08-31 00:13:38.33
"2001/09/01","22:41:27.04","eq","l",2.71,"l",36.03117,-117.8765,2.8,"A",9700037,41,374,2001-09-01 22:41:27.04
"2001/09/03","20:22:47.21","eq","l",2.68,"c",36.07083,-117.8915,0.9,"A",9700729,43,245,2001-09-03 20:22:47.21
"2001/09/07","23:00:20.05","eq","l",2.58,"l",35.44833,-118.30783,9.8,"A",9702993,30,222,2001-09-07 23:00:20.05
"2001/09/07","23:15:08.88","eq","l",2.6,"l",35.98033,-117.8785,3.3,"A",9703005,66,326,2001-09-07 23:15:08.88
"2001/09/20","17:15:19.75","eq","l",2.85,"l",36.03233,-117.87783,2.3,"A",9707629,46,486,2001-09-20 17:15:19.75
"2001/09/25","11:35:14.24","eq","l",3.07,"l",36.08783,-117.8935,-1.2,"A",9708729,46,454,2001-09-25 11:35:14.24
"2001/09/25","18:34:08.90","eq","l",3.03,"l",36.44283,-117.86517,4.5,"C",9708813,18,450,2001-09-25 18:34:08.9
"2001/10/01","03:29:37.34","eq","l",2.6,"c",35.99783,-117.87267,2.2,"A",9709913,36,212,2001-10-01 03:29:37.34
"2001/10/02","06:46:29.38","eq","l",2.96,"l",34.86483,-116.40183,3.9,"A",9710161,41,693,2001-10-02 06:46:29.38
"2001/10/03","08:34:01.74","eq","l",2.58,"l",36.09,-117.894,-0.6,"A",9710445,37,305,2001-10-03 08:34:01.74
"2001/10/06","23:13:17.81","eq","l",2.62,"l",36.08333,-117.89217,1.1,"A",9711373,65,447,2001-10-06 23:13:17.81
"2001/10/09","21:53:39.39","eq","l",2.55,"c",36.01483,-117.81767,-0.4,"A",9712713,29,118,2001-10-09 21:53:39.39
"2001/10/10","22:11:01.73","eq","l",2.97,"l",36.08817,-117.89967,-1.2,"A",9713037,32,454,2001-10-10 22:11:01.73
"2001/10/11","00:15:04.67","eq","l",2.76,"l",36.08533,-117.89783,0.6,"A",9713057,61,435,2001-10-11 00:15:04.67
"2001/10/11","18:56:50.25","eq","l",3.07,"l",34.8195,-116.3535,1.9,"A",9713157,103,802,2001-10-11 18:56:50.25
"2001/10/17","05:53:58.27","eq","l",3.47,"l",34.6355,-116.23367,1.3,"A",9714385,42,1629,2001-10-17 05:53:58.27
"2001/10/25","17:29:24.76","eq","l",2.92,"l",35.15717,-117.09633,2.8,"A",9716245,49,643,2001-10-25 17:29:24.76
"2001/10/29","00:05:49.07","eq","l",2.97,"l",35.90617,-117.59583,2.8,"A",9717241,48,636,2001-10-29 00:05:49.07
"2001/11/01","00:31:39.38","eq","l",2.75,"l",35.37733,-118.83067,6.9,"A",9719157,94,590,2001-11-01 00:31:39.38
"2001/11/14","12:40:43.53","eq","l",2.94,"l",36.01817,-117.88983,3.8,"A",9723053,45,433,2001-11-14 12:40:43.53
"2001/11/15","12:35:06.04","eq","l",2.72,"l",35.7975,-118.04283,6.2,"A",9723345,48,465,2001-11-15 12:35:06.04
"2001/11/15","23:02:45.63","eq","l",2.83,"l",35.76033,-118.4465,4.4,"A",9723469,39,405,2001-11-15 23:02:45.63
"2001/11/21","09:09:26.15","eq","l",2.88,"l",35.343,-118.66833,2.4,"A",9724365,65,606,2001-11-21 09:09:26.15
"2001/11/21","18:34:03.45","eq","l",3,"l",34.6735,-116.29117,4.9,"C",9724453,46,657,2001-11-21 18:34:03.45
"2001/11/23","17:06:43.49","eq","l",3.23,"l",34.61333,-116.27817,4.5,"C",9724801,38,1612,2001-11-23 17:06:43.49
"2001/11/25","00:02:45.65","eq","l",2.77,"l",35.344,-118.668,4.7,"C",9725161,52,374,2001-11-25 00:02:45.65
"2001/11/30","14:07:10.16","eq","l",2.7,"l",36.09333,-117.89633,4.4,"C",9727565,40,353,2001-11-30 14:07:10.16
"2001/12/06","20:18:00.67","eq","l",2.56,"l",36.01767,-117.69217,2.4,"A",9730649,38,251,2001-12-06 20:18:00.67
"2001/12/10","07:13:49.14","eq","l",2.64,"l",34.505,-116.28333,-0.6,"A",9733605,39,498,2001-12-10 07:13:49.14
"2001/12/11","17:34:08.34","eq","l",2.79,"l",35.73683,-118.059,4.9,"A",9733965,34,361,2001-12-11 17:34:08.34
"2001/12/13","17:16:45.46","eq","l",3.05,"l",36.01033,-117.87667,1.7,"A",9734797,42,544,2001-12-13 17:16:45.46
"2001/12/15","19:21:22.58","eq","l",2.67,"l",35.38833,-118.5325,4.6,"C",9735945,54,417,2001-12-15 19:21:22.58
"2002/01/03","16:27:13.95","eq","l",2.56,"l",35.26033,-118.56367,6.5,"B",9743505,50,379,2002-01-03 16:27:13.95
"2002/01/08","14:22:48.73","eq","l",2.51,"l",35.38233,-117.72583,7.8,"A",9746233,44,553,2002-01-08 14:22:48.73
"2002/01/15","04:28:25.49","eq","l",2.78,"l",34.86033,-116.39933,4.1,"A",9748589,15,547,2002-01-15 04:28:25.49
"2002/01/22","08:39:30.66","eq","l",3.3,"l",34.54233,-118.97683,21.6,"A",9751769,89,1616,2002-01-22 08:39:30.66
"2002/01/28","16:30:17.06","eq","l",3.04,"l",36.04383,-117.87717,2.2,"A",12319564,42,458,2002-01-28 16:30:17.06
"2002/02/02","16:18:03.64","eq","l",2.66,"l",34.72633,-116.30367,2.7,"A",12379476,35,476,2002-02-02 16:18:03.64
"2002/02/04","02:10:31.19","eq","l",2.7,"l",35.341,-118.15267,5.9,"C",12411464,8,114,2002-02-04 02:10:31.19
"2002/02/07","13:58:02.56","eq","l",2.61,"l",36.382,-116.88267,3.4,"C",9758265,22,237,2002-02-07 13:58:02.56
"2002/02/08","18:52:09.25","eq","l",2.52,"l",36.44717,-117.86867,6.4,"C",9758677,16,234,2002-02-08 18:52:09.25
"2002/02/08","21:15:11.26","eq","l",2.59,"l",35.97817,-118.34367,3.9,"C",12443932,31,273,2002-02-08 21:15:11.26
"2002/02/16","19:36:15.70","eq","l",2.88,"l",35.63567,-116.289,6,"C",12451620,19,472,2002-02-16 19:36:15.7
"2002/02/22","16:27:54.17","eq","l",2.92,"l",34.52333,-116.251,4.5,"C",12456356,57,628,2002-02-22 16:27:54.17
"2002/02/24","06:21:49.42","eq","l",2.98,"l",35.96017,-117.6905,3.3,"A",12457844,40,486,2002-02-24 06:21:49.42
"2002/02/24","23:37:23.68","eq","l",2.57,"l",36.0565,-117.86583,1.9,"A",12458296,38,290,2002-02-24 23:37:23.68
"2002/02/25","19:48:36.53","eq","l",3.23,"l",36.2445,-116.855,7.1,"C",12458932,35,611,2002-02-25 19:48:36.53
"2002/03/03","00:09:00.64","eq","l",3.23,"l",35.42167,-116.454,5.8,"C",12471776,28,704,2002-03-03 00:09:00.64
"2002/03/03","15:20:56.14","eq","l",2.71,"l",35.61767,-116.25083,6.1,"C",12471932,21,366,2002-03-03 15:20:56.14
"2002/03/04","05:35:26.41","eq","l",2.55,"l",35.61917,-116.25933,6.1,"C",12472132,9,335,2002-03-04 05:35:26.41
"2002/03/10","11:03:06.07","eq","l",2.73,"l",35.202,-118.57317,5.5,"A",12491444,54,680,2002-03-10 11:03:06.07
"2002/03/14","18:41:27.42","eq","l",3.28,"l",34.845,-116.35233,6.5,"A",12583548,44,673,2002-03-14 18:41:27.42
"2002/03/15","16:57:56.58","eq","l",3.43,"l",34.5185,-116.29133,4.5,"C",12615428,70,1625,2002-03-15 16:57:56.58
"2002/03/15","17:39:25.66","eq","l",3.07,"l",34.5215,-116.293,4.5,"C",12619436,78,723,2002-03-15 17:39:25.66
"2002/03/20","04:07:58.88","eq","l",2.5,"l",35.12717,-118.7535,4.4,"A",12759428,5,121,2002-03-20 04:07:58.88
"2002/03/20","15:18:50.11","eq","l",2.74,"l",34.8205,-116.418,2.6,"A",12783436,80,578,2002-03-20 15:18:50.11
"2002/03/22","23:37:53.57","eq","l",2.94,"l",35.7805,-118.04283,5.5,"A",9772897,43,693,2002-03-22 23:37:53.57
"2002/03/25","11:25:12.09","eq","l",2.82,"l",34.77833,-116.38783,10,"A",9773269,46,833,2002-03-25 11:25:12.09
"2002/03/25","12:10:51.76","eq","l",2.57,"l",34.866,-116.389,1.5,"A",9773277,28,444,2002-03-25 12:10:51.76
"2002/03/27","13:23:08.56","eq","l",3,"l",34.52517,-116.29133,7.8,"C",9773785,75,887,2002-03-27 13:23:08.56
"2002/04/05","08:02:56.05","eq","l",4.39,"l",34.524,-116.29467,4.5,"C",9775765,88,1662,2002-04-05 08:02:56.05
"2002/04/07","08:01:10.53","eq","l",2.58,"l",34.51833,-116.29517,4.5,"C",9776201,77,770,2002-04-07 08:01:10.53
"2002/04/09","00:11:31.69","eq","l",2.53,"l",35.71633,-118.07433,1.9,"A",9776669,49,648,2002-04-09 00:11:31.69
"2002/05/01","23:02:28.28","eq","l",3.01,"l",35.71333,-118.078,1.5,"A",12887672,58,1611,2002-05-01 23:02:28.28
"2002/05/01","23:03:41.04","eq","l",2.86,"l",35.7125,-118.07683,1.8,"A",12887676,44,1611,2002-05-01 23:03:41.04
"2002/05/02","06:00:15.06","eq","l",3.84,"l",35.70967,-118.07883,1.7,"A",12887732,83,1619,2002-05-02 06:00:15.06
"2002/05/02","06:51:57.60","eq","l",2.71,"l",35.7125,-118.07933,1.8,"A",12887760,48,709,2002-05-02 06:51:57.6
"2002/05/03","09:59:59.08","eq","l",2.98,"l",35.69983,-118.08533,1.4,"A",12895588,45,1617,2002-05-03 09:59:59.08
"2002/05/05","07:26:44.24","eq","l",2.63,"l",34.80367,-116.26467,4.9,"A",12911456,69,646,2002-05-05 07:26:44.24
"2002/05/06","11:54:53.18","eq","l",2.58,"l",35.7215,-118.06983,1.8,"A",12927580,45,606,2002-05-06 11:54:53.18
"2002/05/07","02:02:23.76","eq","l",2.8,"l",36.09867,-117.90217,1.9,"A",12935440,40,597,2002-05-07 02:02:23.76
"2002/05/07","22:31:48.17","eq","l",3.42,"l",35.7155,-118.06817,1.7,"A",12943648,90,1590,2002-05-07 22:31:48.17
"2002/05/10","21:33:12.57","eq","l",2.91,"l",35.37967,-118.472,6.1,"A",12987436,100,829,2002-05-10 21:33:12.57
"2002/05/20","16:14:42.91","eq","l",2.54,"l",35.58883,-116.31367,4.8,"C",13287452,32,396,2002-05-20 16:14:42.91
"2002/05/21","02:58:42.12","eq","l",2.69,"l",35.606,-116.31367,6.2,"C",13291460,16,468,2002-05-21 02:58:42.12
"2002/05/25","00:05:17.71","eq","l",2.72,"l",35.589,-116.31,5.9,"C",13351496,18,613,2002-05-25 00:05:17.71
"2002/06/05","11:04:54.67","eq","l",2.83,"l",34.79933,-116.26517,5,"A",13643432,32,782,2002-06-05 11:04:54.67
"2002/06/09","00:45:01.47","eq","l",2.78,"l",35.06733,-118.8935,7.9,"A",13656276,75,877,2002-06-09 00:45:01.47
"2002/06/18","15:40:26.58","eq","l",2.81,"c",36.027,-117.87583,3.6,"A",9792733,31,349,2002-06-18 15:40:26.58
"2002/07/10","03:15:23.54","eq","l",2.94,"l",34.80917,-118.89267,14,"A",9799641,68,1630,2002-07-10 03:15:23.54
"2002/07/10","08:03:00.21","eq","l",2.59,"l",35.84117,-118.132,10.9,"A",9799785,49,507,2002-07-10 08:03:00.21
"2002/07/12","21:18:18.90","eq","l",2.59,"l",36.44867,-117.95967,1.3,"A",9800533,56,400,2002-07-12 21:18:18.9
"2002/07/20","20:37:00.06","eq","l",2.81,"l",36.18767,-117.98767,5.9,"C",9802565,21,230,2002-07-20 20:37:00.06
"2002/07/21","05:03:33.06","eq","l",2.53,"l",36.18317,-117.99333,4,"C",9802613,49,434,2002-07-21 05:03:33.06
"2002/07/21","14:37:09.11","eq","l",2.53,"l",35.77967,-117.65733,4.2,"A",9802753,41,609,2002-07-21 14:37:09.11
"2002/07/24","15:15:45.42","eq","l",2.93,"l",36.2725,-116.361,6.5,"C",13692444,20,505,2002-07-24 15:15:45.42
"2002/07/29","01:02:20.58","eq","l",2.55,"l",36.0195,-117.80017,0.6,"A",13695432,38,370,2002-07-29 01:02:20.58
"2002/07/31","08:31:47.98","eq","l",3.73,"l",34.571,-116.44117,2,"A",9805021,93,1608,2002-07-31 08:31:47.98
"2002/07/31","15:15:12.64","eq","l",2.71,"l",35.34583,-117.89117,4.2,"A",9805089,47,848,2002-07-31 15:15:12.64
"2002/08/03","03:19:33.82","eq","l",2.56,"l",35.96333,-117.9545,5.2,"B",9805813,40,538,2002-08-03 03:19:33.82
"2002/08/19","14:31:43.44","eq","l",2.57,"l",36.0165,-117.80933,1,"A",9811465,13,134,2002-08-19 14:31:43.44
"2002/08/23","08:57:44.54","eq","l",2.54,"l",35.761,-118.4855,4.7,"C",9813573,26,537,2002-08-23 08:57:44.54
"2002/08/28","15:11:48.58","eq","l",2.62,"l",35.57833,-117.1675,4.7,"C",9816449,42,695,2002-08-28 15:11:48.58
"2002/09/07","00:02:10.91","eq","l",3.53,"l",36.0505,-117.87667,2,"A",9820489,51,1649,2002-09-07 00:02:10.91
"2002/09/10","17:26:39.36","eq","l",2.71,"l",34.58583,-116.27417,3.3,"A",9822801,56,723,2002-09-10 17:26:39.36
"2002/09/14","19:35:28.49","eq","l",2.63,"l",35.26983,-118.547,6,"A",13812836,76,883,2002-09-14 19:35:28.49
"2002/09/19","06:21:04.93","eq","l",3.84,"l",34.86617,-116.39533,2.6,"A",13820088,92,1624,2002-09-19 06:21:04.93
"2002/09/20","11:38:36.43","eq","l",2.67,"l",36.04967,-117.8805,1.2,"A",9826377,44,586,2002-09-20 11:38:36.43
"2002/09/28","10:34:47.16","eq","l",4.13,"l",35.94617,-117.3035,2.6,"A",9828889,64,1710,2002-09-28 10:34:47.16
"2002/09/28","18:11:29.72","eq","l",3.99,"l",35.9455,-117.30517,2.4,"A",9829213,60,1700,2002-09-28 18:11:29.72
"2002/09/28","18:12:57.49","eq","l",3.72,"l",35.944,-117.30517,2,"A",9829217,52,1700,2002-09-28 18:12:57.49
"2002/09/29","17:45:23.77","eq","l",2.82,"l",34.57833,-116.26533,2.6,"A",9829561,35,795,2002-09-29 17:45:23.77
"2002/09/29","17:46:08.66","eq","l",3.08,"l",34.57717,-116.26567,2.4,"A",9829565,57,795,2002-09-29 17:46:08.66
"2002/10/01","22:40:26.42","eq","l",2.5,"l",34.61733,-116.277,2.8,"A",9830173,45,571,2002-10-01 22:40:26.42
"2002/10/04","14:23:27.19","eq","l",3.35,"l",34.7095,-116.29783,2,"A",9831229,59,1721,2002-10-04 14:23:27.19
"2002/10/05","07:16:22.54","eq","l",3.28,"l",34.71883,-116.291,4.6,"C",13843616,65,1691,2002-10-05 07:16:22.54
"2002/10/05","08:41:40.96","eq","l",2.71,"l",34.715,-116.28233,8.7,"C",13843632,6,795,2002-10-05 08:41:40.96
"2002/10/07","02:49:38.20","eq","l",2.58,"l",35.83167,-117.6745,6,"A",9832069,40,554,2002-10-07 02:49:38.2
"2002/10/09","16:48:56.07","eq","l",2.59,"l",34.673,-116.27817,2.9,"A",9848857,39,750,2002-10-09 16:48:56.07
"2002/10/18","08:04:55.96","eq","l",2.96,"l",34.70667,-116.29467,1.3,"A",9851761,62,787,2002-10-18 08:04:55.96
"2002/10/29","14:16:54.08","eq","l",4.77,"l",34.80267,-116.2665,3.7,"A",9854597,57,3242,2002-10-29 14:16:54.08
"2002/10/29","15:01:03.67","eq","l",2.54,"l",34.80117,-116.26933,5.8,"A",9854637,27,1064,2002-10-29 15:01:03.67
"2002/10/29","19:25:46.78","eq","l",2.56,"l",34.803,-116.27283,6,"A",9854869,23,562,2002-10-29 19:25:46.78
"2002/10/31","14:01:03.54","eq","l",2.6,"l",34.80967,-116.26667,4.9,"A",9855281,46,670,2002-10-31 14:01:03.54
"2002/11/01","23:51:48.53","eq","l",2.78,"l",34.801,-116.27417,5.2,"A",9855901,36,745,2002-11-01 23:51:48.53
"2002/11/03","04:30:11.18","eq","l",2.51,"l",34.67183,-116.29817,2.6,"A",9856245,35,526,2002-11-03 04:30:11.18
"2002/11/03","18:18:10.61","eq","l",2.69,"l",34.80483,-116.2705,6,"A",9856433,35,740,2002-11-03 18:18:10.61
"2002/11/05","21:13:28.84","eq","l",2.83,"l",34.80267,-116.26383,3.4,"A",9857145,44,762,2002-11-05 21:13:28.84
"2002/11/07","11:02:11.01","eq","l",3.08,"l",34.80317,-116.27483,2.8,"A",13908892,47,766,2002-11-07 11:02:11.01
"2002/11/08","04:46:56.18","eq","l",2.82,"l",34.67833,-116.29467,4.6,"C",13909088,35,610,2002-11-08 04:46:56.18
"2002/11/09","16:18:35.86","eq","l",2.69,"l",35.27017,-118.585,4.3,"A",13909344,62,621,2002-11-09 16:18:35.86
"2002/11/09","21:06:31.25","eq","l",3.06,"l",35.94883,-117.29483,4.2,"A",13909360,46,741,2002-11-09 21:06:31.25
"2002/11/11","00:39:15.93","eq","l",2.63,"l",34.79533,-116.2655,3.3,"A",13909584,33,575,2002-11-11 00:39:15.93
"2002/11/11","15:02:45.99","eq","l",2.62,"l",34.80967,-116.26683,5.5,"A",13909652,37,591,2002-11-11 15:02:45.99
"2002/11/14","13:01:46.56","eq","l",2.72,"l",35.313,-118.64317,2.3,"A",13910372,69,632,2002-11-14 13:01:46.56
"2002/11/22","09:46:54.37","eq","l",2.85,"l",34.8035,-116.28317,6.7,"A",13912008,31,335,2002-11-22 09:46:54.37
"2002/11/24","17:24:27.41","eq","l",2.77,"l",34.80717,-116.2685,4.7,"C",13912392,35,642,2002-11-24 17:24:27.41
"2002/11/28","10:05:58.46","eq","l",3.03,"l",34.80517,-116.26967,5.4,"A",13913368,66,796,2002-11-28 10:05:58.46
"2002/12/01","22:57:56.68","eq","l",2.56,"l",36.27117,-118.30967,4.2,"C",13914436,35,439,2002-12-01 22:57:56.68
"2002/12/05","12:10:43.95","eq","l",2.5,"l",34.82617,-116.383,4.6,"A",13915584,57,595,2002-12-05 12:10:43.95
"2002/12/12","12:56:35.96","eq","l",2.59,"l",34.72433,-116.30617,5.9,"C",9867877,56,659,2002-12-12 12:56:35.96
"2002/12/18","15:42:57.99","eq","l",2.87,"l",35.31533,-118.65817,2.5,"A",9871341,69,625,2002-12-18 15:42:57.99
"2002/12/19","22:49:03.58","eq","l",2.7,"l",35.31367,-118.66083,2.7,"A",9871645,42,601,2002-12-19 22:49:03.58
"2002/12/23","22:08:00.91","eq","l",2.64,"l",35.31233,-118.6495,2.5,"A",9873093,45,663,2002-12-23 22:08:00.91
"2002/12/24","19:16:06.29","eq","l",2.69,"l",35.31983,-118.6605,2.4,"A",9873357,44,661,2002-12-24 19:16:06.29
"2002/12/24","19:17:10.41","eq","l",2.64,"l",35.3185,-118.65767,1.8,"A",9873361,46,661,2002-12-24 19:17:10.41
"2002/12/29","19:36:07.23","eq","l",3.15,"l",35.315,-118.65583,1.7,"A",9874701,46,948,2002-12-29 19:36:07.23
"2002/12/29","19:36:54.42","eq","l",2.5,"h",35.31333,-118.68,4.8,"A",9874705,26,948,2002-12-29 19:36:54.42
"2003/01/01","21:02:54.00","eq","l",3.03,"l",35.31983,-118.66133,4.7,"C",9875457,88,828,2003-01-01 21:02:54
"2003/01/02","15:55:15.57","eq","l",2.51,"l",35.32117,-118.66967,4.3,"C",9875637,62,383,2003-01-02 15:55:15.57
"2003/01/02","16:11:37.64","eq","l",3.64,"l",35.3195,-118.65667,3.1,"A",9875657,70,1674,2003-01-02 16:11:37.64
"2003/01/02","16:15:44.71","eq","l",3.59,"l",35.313,-118.65667,2.7,"A",9875665,60,1674,2003-01-02 16:15:44.71
"2003/01/03","01:03:21.25","eq","l",2.67,"l",35.32167,-118.6705,4.3,"C",9875885,53,658,2003-01-03 01:03:21.25
"2003/01/03","01:06:10.87","eq","l",2.5,"l",35.318,-118.66833,4.7,"C",9875889,35,658,2003-01-03 01:06:10.87
"2003/01/03","13:10:32.83","eq","l",2.74,"l",36.06367,-117.68817,0.1,"A",9876373,41,452,2003-01-03 13:10:32.83
"2003/01/03","16:26:36.09","eq","l",2.85,"l",35.3245,-118.6715,4.9,"C",9876501,23,596,2003-01-03 16:26:36.09
"2003/01/04","15:31:00.01","eq","l",2.82,"l",35.31417,-118.64183,1.9,"A",9876785,78,570,2003-01-04 15:31:00.01
"2003/01/04","15:31:10.49","eq","l",2.88,"l",35.31217,-118.63667,3.8,"A",9876789,18,570,2003-01-04 15:31:10.49
"2003/01/04","22:49:21.23","eq","l",2.73,"l",35.33333,-118.66633,0.9,"A",9876861,40,707,2003-01-04 22:49:21.23
"2003/01/05","15:17:18.89","eq","l",2.66,"l",35.151,-118.71233,-0.7,"A",9877001,32,714,2003-01-05 15:17:18.89
"2003/01/05","17:31:37.83","eq","l",2.99,"l",35.31683,-118.6435,2.5,"A",9877073,35,823,2003-01-05 17:31:37.83
"2003/01/05","18:12:47.36","eq","l",2.52,"l",35.31967,-118.65667,2,"A",9877089,40,505,2003-01-05 18:12:47.36
"2003/01/06","02:09:21.04","eq","l",2.73,"l",34.76983,-117.72017,3.2,"A",9877221,62,829,2003-01-06 02:09:21.04
"2003/01/06","12:10:01.19","eq","l",2.76,"l",35.31883,-118.66117,1.8,"A",9877329,33,411,2003-01-06 12:10:01.19
"2003/01/06","12:58:35.78","eq","l",2.86,"l",35.32417,-118.655,1.4,"A",9877341,41,385,2003-01-06 12:58:35.78
"2003/01/06","13:09:44.27","eq","l",2.9,"l",35.3175,-118.66267,1.9,"A",9877349,56,394,2003-01-06 13:09:44.27
"2003/01/06","13:49:11.43","eq","l",2.65,"l",35.3185,-118.66133,3.9,"A",9877361,39,346,2003-01-06 13:49:11.43
"2003/01/06","13:49:21.26","eq","l",2.62,"l",35.32233,-118.64,4.7,"C",9513742,9,346,2003-01-06 13:49:21.26
"2003/01/06","21:06:44.04","eq","l",2.53,"l",36.091,-118.00067,3.2,"A",9877537,31,338,2003-01-06 21:06:44.04
"2003/01/09","03:43:55.70","eq","l",2.81,"l",35.32717,-118.67167,1.6,"A",9878257,43,662,2003-01-09 03:43:55.7
"2003/01/09","03:44:45.74","eq","l",2.93,"l",35.324,-118.6735,1.8,"A",9878261,45,662,2003-01-09 03:44:45.74
"2003/01/09","03:46:46.34","eq","l",2.74,"l",35.32567,-118.67183,1.4,"A",9878265,40,662,2003-01-09 03:46:46.34
"2003/01/09","04:03:29.62","eq","l",2.75,"l",35.31883,-118.66267,1.8,"A",9878277,54,689,2003-01-09 04:03:29.62
"2003/01/11","08:56:58.66","eq","l",2.77,"l",35.31333,-118.66083,2.3,"A",9879041,56,777,2003-01-11 08:56:58.66
"2003/01/11","21:35:54.76","eq","l",2.6,"l",35.32783,-118.6735,2.1,"A",9879157,41,470,2003-01-11 21:35:54.76
"2003/01/11","21:42:37.42","eq","l",2.77,"l",35.32617,-118.67017,2.4,"A",9879161,50,627,2003-01-11 21:42:37.42
"2003/01/12","11:05:05.47","eq","l",2.99,"l",35.323,-118.6685,1.5,"A",9879333,72,801,2003-01-12 11:05:05.47
"2003/01/15","09:46:53.24","eq","l",3.25,"l",36.09483,-117.99683,4.3,"C",9880217,56,800,2003-01-15 09:46:53.24
"2003/01/16","12:56:50.53","eq","l",2.71,"l",35.32133,-118.64267,2.8,"A",9880529,56,646,2003-01-16 12:56:50.53
"2003/01/17","10:05:34.02","eq","l",2.84,"l",35.31467,-118.65533,0.9,"A",9880781,76,653,2003-01-17 10:05:34.02
"2003/01/17","10:09:04.12","eq","l",2.7,"l",35.31433,-118.66017,0.6,"A",9880785,107,699,2003-01-17 10:09:04.12
"2003/01/21","17:07:21.68","eq","l",2.5,"l",36.18133,-118.022,4.3,"C",9881613,48,395,2003-01-21 17:07:21.68
"2003/01/25","08:01:48.10","eq","l",2.73,"l",35.3305,-118.66283,2.7,"A",9882293,69,647,2003-01-25 08:01:48.1
"2003/01/25","08:10:58.65","eq","l",2.65,"l",35.33417,-118.6685,4.6,"C",9882305,39,562,2003-01-25 08:10:58.65
"2003/01/25","09:11:02.89","eq","l",3.88,"l",35.32483,-118.661,4.9,"C",9882325,76,1760,2003-01-25 09:11:02.89
"2003/01/25","09:16:10.22","eq","l",4.54,"l",35.3175,-118.65383,4.9,"C",9882329,100,1769,2003-01-25 09:16:10.22
"2003/01/26","05:30:22.57","eq","l",3.05,"l",35.31517,-118.651,3.5,"A",9882545,47,721,2003-01-26 05:30:22.57
"2003/01/26","05:32:57.93","eq","l",2.75,"l",35.31683,-118.65433,4.6,"B",9882625,49,721,2003-01-26 05:32:57.93
"2003/01/26","06:29:11.03","eq","l",2.85,"l",35.31233,-118.65067,2.2,"A",9882757,85,723,2003-01-26 06:29:11.03
"2003/01/26","07:36:21.35","eq","l",2.55,"l",35.30983,-118.64367,3.1,"A",9882769,72,499,2003-01-26 07:36:21.35
"2003/01/29","02:19:48.18","eq","l",2.89,"l",35.32783,-118.66817,1.9,"A",9883697,64,900,2003-01-29 02:19:48.18
"2003/01/29","02:20:15.35","eq","l",2.5,"h",35.32067,-118.67667,4.5,"A",12144203,10,899,2003-01-29 02:20:15.35
"2003/01/29","02:21:20.81","eq","l",2.99,"l",35.33117,-118.6695,1.4,"A",9883701,70,900,2003-01-29 02:21:20.81
"2003/01/29","04:48:53.49","eq","l",2.59,"l",35.307,-118.63717,1.7,"A",9883741,34,640,2003-01-29 04:48:53.49
"2003/01/29","05:17:18.27","eq","l",2.57,"l",35.33517,-118.67633,2,"A",9883749,49,554,2003-01-29 05:17:18.27
"2003/01/29","05:35:10.10","eq","l",2.86,"l",35.32317,-118.69333,4.7,"A",9883765,19,544,2003-01-29 05:35:10.1
"2003/01/30","19:28:12.21","eq","l",2.76,"l",35.30433,-118.6405,1.3,"A",13930360,48,767,2003-01-30 19:28:12.21
"2003/01/31","22:23:48.80","eq","l",2.55,"l",35.33333,-118.68033,1,"A",13930672,85,546,2003-01-31 22:23:48.8
"2003/02/01","23:20:18.79","eq","l",2.89,"l",35.313,-118.66017,1.6,"A",13930908,62,899,2003-02-01 23:20:18.79
"2003/02/09","00:09:39.48","eq","l",2.96,"l",35.3275,-118.66617,0.9,"A",9886953,47,784,2003-02-09 00:09:39.48
"2003/02/09","00:19:42.04","eq","l",2.65,"l",35.318,-118.6625,1,"A",9886961,47,462,2003-02-09 00:19:42.04
"2003/02/09","07:05:11.93","eq","l",3.17,"l",35.3285,-118.66917,1.7,"A",9887057,47,764,2003-02-09 07:05:11.93
"2003/02/20","02:03:03.34","eq","l",2.61,"l",34.85017,-116.41283,3,"A",13935400,76,663,2003-02-20 02:03:03.34
"2003/02/22","01:29:20.67","eq","l",2.63,"l",36.04917,-117.71467,0.1,"A",13935916,48,568,2003-02-22 01:29:20.67
"2003/02/23","21:42:07.77","eq","l",2.96,"l",35.33233,-118.661,1.5,"A",13937724,53,920,2003-02-23 21:42:07.77
"2003/03/04","01:51:03.26","eq","l",2.5,"l",35.33583,-118.66383,1.4,"A",13942348,46,528,2003-03-04 01:51:03.26
"2003/03/05","16:05:54.28","eq","l",3.04,"l",34.69833,-116.303,4.6,"C",13942864,57,955,2003-03-05 16:05:54.28
"2003/03/05","16:34:49.92","eq","l",2.5,"l",34.70117,-116.29733,4.6,"C",13942872,33,638,2003-03-05 16:34:49.92
"2003/03/10","02:27:59.10","eq","l",2.85,"l",35.78267,-116.58083,8,"C",13944568,28,628,2003-03-10 02:27:59.1
"2003/03/15","07:17:44.17","eq","l",2.52,"l",34.80333,-116.26567,4.3,"A",13947364,44,612,2003-03-15 07:17:44.17
"2003/04/05","04:25:53.59","eq","l",2.52,"l",34.80217,-116.27167,5.3,"A",13952796,30,596,2003-04-05 04:25:53.59
"2003/04/11","03:12:59.05","eq","l",2.86,"l",35.669,-117.45683,4.3,"A",9906697,38,687,2003-04-11 03:12:59.05
"2003/04/23","09:31:40.93","eq","l",2.65,"l",35.5105,-118.38967,4.7,"C",13958024,47,653,2003-04-23 09:31:40.93
"2003/04/23","13:48:01.23","eq","l",2.69,"l",34.57233,-116.2635,2.8,"A",13958048,85,658,2003-04-23 13:48:01.23
"2003/04/26","22:01:35.72","eq","l",2.5,"l",34.84567,-116.33,3.8,"A",13958992,36,669,2003-04-26 22:01:35.72
"2003/04/29","15:15:57.81","eq","l",2.59,"l",35.6355,-117.56117,2.1,"A",13959772,39,699,2003-04-29 15:15:57.81
"2003/05/07","12:32:56.59","eq","l",2.52,"l",35.47817,-118.31133,4.5,"C",13961848,60,755,2003-05-07 12:32:56.59
"2003/05/10","00:35:43.67","eq","l",2.85,"l",34.80683,-116.2645,4.7,"A",13962600,58,805,2003-05-10 00:35:43.67
"2003/05/13","02:00:19.02","eq","l",2.52,"l",34.82183,-116.3,8.1,"A",13963252,39,606,2003-05-13 02:00:19.02
"2003/05/15","13:37:03.98","eq","l",2.82,"l",34.80533,-116.26467,6,"A",9915829,48,660,2003-05-15 13:37:03.98
"2003/05/15","17:58:02.23","eq","l",3.63,"l",35.838,-118.1095,9.4,"A",9915909,76,1838,2003-05-15 17:58:02.23
"2003/05/17","00:35:14.55","eq","l",2.89,"l",34.78967,-118.92383,13.1,"A",9916233,97,1848,2003-05-17 00:35:14.55
"2003/05/19","06:19:08.84","eq","l",2.88,"l",34.55617,-116.49533,1.8,"A",9916617,112,778,2003-05-19 06:19:08.84
"2003/05/20","10:06:17.42","eq","l",2.78,"l",36.13083,-117.37183,0.3,"A",9916941,50,630,2003-05-20 10:06:17.42
"2003/05/22","19:03:33.91","eq","l",2.79,"l",35.7645,-118.03217,2.4,"A",13965884,47,780,2003-05-22 19:03:33.91
"2003/05/22","20:20:24.32","eq","l",2.85,"l",35.76217,-118.03233,2.1,"A",13965908,58,774,2003-05-22 20:20:24.32
"2003/05/23","18:35:41.75","eq","l",3.04,"l",35.20833,-118.11717,3.9,"A",13966128,94,1844,2003-05-23 18:35:41.75
"2003/05/24","17:36:43.98","eq","l",2.71,"l",34.65617,-116.291,3.9,"A",13966880,58,744,2003-05-24 17:36:43.98
"2003/05/25","02:27:37.56","eq","l",2.64,"l",35.20833,-118.12567,3.3,"A",13966988,60,922,2003-05-25 02:27:37.56
"2003/06/06","11:45:05.74","eq","l",2.58,"l",35.05033,-116.98183,4.4,"A",13969424,80,806,2003-06-06 11:45:05.74
"2003/06/15","23:54:03.24","eq","l",2.83,"l",36.18567,-118.06617,3,"A",13971656,64,599,2003-06-15 23:54:03.24
"2003/06/22","19:10:15.63","eq","l",2.76,"l",34.647,-116.29133,3.4,"A",9924765,64,855,2003-06-22 19:10:15.63
"2003/07/08","18:52:36.79","eq","l",2.57,"l",34.67883,-116.30483,2.9,"A",9929173,30,826,2003-07-08 18:52:36.79
"2003/07/12","13:23:52.87","eq","l",2.83,"l",34.80983,-116.26567,6.9,"A",9930073,70,766,2003-07-12 13:23:52.87
"2003/07/15","06:15:50.75","eq","l",4.15,"l",34.62167,-116.66717,6.5,"A",9930549,158,1743,2003-07-15 06:15:50.75
"2003/08/07","05:48:25.08","eq","l",2.87,"l",34.928,-116.7535,2.7,"A",9936313,94,989,2003-08-07 05:48:25.08
"2003/08/19","03:03:05.48","eq","l",2.62,"l",35.03367,-117.10833,4.3,"A",13985924,67,971,2003-08-19 03:03:05.48
"2003/08/19","22:02:08.91","eq","l",3.65,"l",36.46517,-118.29083,8,"A",13986104,77,1819,2003-08-19 22:02:08.91
"2003/08/25","19:56:48.78","eq","l",2.64,"l",36.08633,-117.89317,0.3,"A",9940681,25,503,2003-08-25 19:56:48.78
"2003/09/06","16:50:08.17","eq","l",2.79,"l",35.64317,-117.561,4.7,"C",9943249,19,754,2003-09-06 16:50:08.17
"2003/09/06","17:03:41.44","eq","l",2.91,"l",35.64333,-117.5725,1.8,"A",9943257,22,807,2003-09-06 17:03:41.44
"2003/10/07","01:48:26.55","eq","l",2.59,"l",34.84983,-116.33533,7.5,"A",9949457,35,924,2003-10-07 01:48:26.55
"2003/10/18","14:13:25.65","eq","l",2.74,"l",36.02733,-117.7875,1.5,"A",13998156,73,569,2003-10-18 14:13:25.65
"2003/10/29","07:18:30.27","eq","l",2.99,"l",34.65783,-116.29533,3.7,"A",14000224,91,778,2003-10-29 07:18:30.27
"2003/11/01","14:52:35.88","eq","l",3.28,"l",35.13317,-118.93917,14.2,"A",14000872,136,1871,2003-11-01 14:52:35.88
"2003/11/08","10:37:52.51","eq","l",2.81,"l",35.6905,-118.44767,3.2,"A",14002572,95,758,2003-11-08 10:37:52.51
"2003/11/17","06:42:15.16","eq","l",2.53,"l",35.7865,-117.65167,2.5,"A",14004224,36,464,2003-11-17 06:42:15.16
"2003/12/04","06:15:52.43","eq","l",3.73,"l",35.6355,-117.5765,1.9,"A",14007388,154,1910,2003-12-04 06:15:52.43
"2003/12/07","14:49:57.79","eq","l",3.18,"l",35.63233,-117.57533,1.1,"A",14008156,102,1174,2003-12-07 14:49:57.79
"2003/12/09","07:15:17.59","eq","l",2.55,"l",35.44917,-118.5865,4.5,"C",9961837,50,639,2003-12-09 07:15:17.59
"2003/12/11","02:50:29.74","eq","l",2.69,"l",35.1165,-118.996,6.1,"B",9962625,50,701,2003-12-11 02:50:29.74
"2003/12/20","12:52:43.95","eq","l",3.33,"l",34.69167,-116.29033,0.9,"A",9966017,152,1407,2003-12-20 12:52:43.95
"2003/12/30","05:05:43.63","eq","l",2.66,"l",36.01933,-117.77417,0.9,"A",9970877,71,724,2003-12-30 05:05:43.63
"2003/12/30","19:54:09.23","eq","l",2.69,"l",35.88883,-117.7155,9.4,"A",9971025,18,136,2003-12-30 19:54:09.23
"2004/01/01","09:00:23.78","eq","l",3.2,"l",35.63033,-117.57767,-0.9,"A",14018276,46,1264,2004-01-01 09:00:23.78
"2004/01/09","01:42:25.79","eq","l",2.57,"l",34.71267,-116.3025,3.8,"A",9973717,37,1058,2004-01-09 01:42:25.79
"2004/01/09","13:00:26.73","eq","l",2.97,"l",35.11883,-118.60767,1.8,"A",9973849,75,1265,2004-01-09 13:00:26.73
"2004/01/10","11:35:16.00","eq","l",2.67,"l",35.6375,-116.43083,5.1,"C",9974129,25,813,2004-01-10 11:35:16
"2004/01/11","22:01:43.70","eq","l",2.84,"l",34.99333,-116.94617,8.1,"A",9974437,76,1413,2004-01-11 22:01:43.7
"2004/01/16","23:30:07.66","eq","l",2.55,"l",35.52417,-118.22317,8.2,"A",9975741,56,924,2004-01-16 23:30:07.66
"2004/01/26","17:00:03.98","eq","l",3.08,"l",34.80983,-116.31083,2,"A",14025084,125,1871,2004-01-26 17:00:03.98
"2004/02/11","19:29:04.87","eq","l",2.56,"l",35.295,-118.61283,3.1,"A",9982609,99,946,2004-02-11 19:29:04.87
"2004/02/20","18:23:00.29","eq","l",2.55,"l",34.9605,-117.1395,8.7,"A",9985029,55,935,2004-02-20 18:23:00.29
"2004/02/25","15:31:58.85","eq","l",2.5,"l",35.899,-116.7565,2.7,"A",9986385,33,763,2004-02-25 15:31:58.85
"2004/02/29","06:25:17.49","eq","l",2.88,"l",35.76117,-117.73867,7.1,"A",9987065,60,1083,2004-02-29 06:25:17.49
"2004/03/11","06:05:26.45","eq","l",2.81,"l",35.40917,-117.80633,6.2,"A",9990049,66,1069,2004-03-11 06:05:26.45
"2004/03/16","02:22:39.61","eq","l",2.53,"l",36.0555,-117.70633,0.7,"A",9991349,47,789,2004-03-16 02:22:39.61
"2004/03/18","00:52:39.54","eq","l",2.53,"l",34.66133,-116.20783,5.2,"A",9992065,55,904,2004-03-18 00:52:39.54
"2004/03/28","07:20:02.83","eq","l",3.82,"l",36.18017,-118.16167,5.9,"C",9994573,62,1926,2004-03-28 07:20:02.83
"2004/03/28","14:08:02.54","eq","l",2.83,"l",36.17667,-118.16017,6.2,"C",9994749,51,882,2004-03-28 14:08:02.54
"2004/03/30","01:58:08.13","eq","l",2.68,"l",36.17933,-118.161,4.9,"C",14041952,55,746,2004-03-30 01:58:08.13
"2004/03/30","23:33:37.87","eq","l",2.95,"l",35.751,-118.024,4.2,"A",14042228,57,927,2004-03-30 23:33:37.87
"2004/03/31","04:57:35.97","eq","l",3.11,"l",36.1795,-118.15883,3.7,"C",14042308,114,1180,2004-03-31 04:57:35.97
"2004/04/01","14:33:07.69","eq","l",2.76,"l",34.6215,-116.29433,3.3,"A",14042672,62,891,2004-04-01 14:33:07.69
"2004/04/02","22:51:51.83","eq","l",3.17,"l",35.34733,-117.19317,4.7,"C",9996317,105,752,2004-04-02 22:51:51.83
"2004/04/05","04:44:46.35","eq","l",2.7,"l",35.63767,-117.56083,2,"A",9996809,43,754,2004-04-05 04:44:46.35
"2004/04/20","23:30:16.74","eq","l",2.87,"l",35.97417,-116.75767,2,"A",14048256,36,700,2004-04-20 23:30:16.74
"2004/04/26","11:19:09.92","eq","l",2.63,"l",35.97517,-116.757,1.4,"A",14049684,34,532,2004-04-26 11:19:09.92
"2004/04/26","23:26:59.52","eq","l",2.83,"l",36.48717,-116.57883,0.3,"A",14049820,29,598,2004-04-26 23:26:59.52
"2004/06/12","20:51:38.96","eq","l",2.62,"l",34.62833,-116.553,8.5,"A",14064416,57,1235,2004-06-12 20:51:38.96
"2004/06/14","21:58:36.92","eq","l",2.68,"l",36.10383,-117.62233,1.9,"A",14064992,43,841,2004-06-14 21:58:36.92
"2004/06/17","01:09:35.98","eq","l",3.13,"l",35.96633,-117.9825,3,"A",14066336,78,1175,2004-06-17 01:09:35.98
"2004/06/25","14:43:07.75","eq","l",2.85,"l",36.33183,-118.06067,3.7,"C",14068896,40,885,2004-06-25 14:43:07.75
"2004/06/29","10:20:43.60","eq","l",3.71,"l",36.07283,-117.90017,4,"A",10023841,144,1939,2004-06-29 10:20:43.6
"2004/06/30","05:05:04.03","eq","l",2.76,"l",36.07167,-117.90017,4.2,"A",10024357,47,828,2004-06-30 05:05:04.03
"2004/07/02","08:28:36.53","eq","l",2.89,"l",36.071,-117.88483,5.3,"C",10024993,19,1014,2004-07-02 08:28:36.53
"2004/07/17","21:09:50.35","eq","l",2.53,"l",34.80433,-116.2625,3.8,"A",10028821,32,1036,2004-07-17 21:09:50.35
"2004/07/28","07:13:39.73","eq","l",2.84,"l",35.06417,-118.92167,12.9,"A",14079016,66,1499,2004-07-28 07:13:39.73
"2004/08/12","14:33:32.89","eq","l",2.99,"l",36.04267,-117.808,-0.2,"A",14083656,44,1060,2004-08-12 14:33:32.89
"2004/08/18","13:58:26.89","eq","l",2.51,"l",34.50733,-118.6835,18.5,"A",14085940,81,1088,2004-08-18 13:58:26.89
"2004/08/23","13:22:13.00","eq","l",3.16,"l",34.67067,-116.35917,1.9,"A",14086916,139,1892,2004-08-23 13:22:13
"2004/08/27","18:10:21.14","eq","l",2.53,"l",34.687,-116.29517,4.5,"C",14087672,35,899,2004-08-27 18:10:21.14
"2004/08/31","00:09:13.63","eq","l",3.17,"l",35.5995,-117.035,4.8,"C",14088272,93,1023,2004-08-31 00:09:13.63
"2004/09/09","15:30:05.71","eq","l",3.67,"l",35.08783,-117.51733,4.7,"C",10043713,157,1900,2004-09-09 15:30:05.71
"2004/09/11","16:24:47.36","eq","l",2.78,"l",34.98617,-116.94367,5.6,"A",10044157,55,1894,2004-09-11 16:24:47.36
"2004/09/14","14:41:17.29","eq","l",3.11,"l",36.086,-117.86083,1.3,"A",10044661,71,1012,2004-09-14 14:41:17.29
"2004/09/15","01:46:05.30","eq","l",3.13,"l",36.085,-117.85633,0.6,"A",14090880,72,996,2004-09-15 01:46:05.3
"2004/09/20","08:51:25.11","eq","l",2.55,"l",36.325,-118.09,4,"C",14092848,27,207,2004-09-20 08:51:25.11
"2004/09/29","22:54:54.24","eq","l",5.03,"w",35.38983,-118.6235,2.8,"A",14095628,246,1902,2004-09-29 22:54:54.24
"2004/09/30","03:56:53.61","eq","l",2.78,"l",35.38367,-118.62633,4.8,"C",14095856,63,1068,2004-09-30 03:56:53.61
"2004/10/01","01:12:26.79","eq","l",2.97,"l",35.38817,-118.62517,2.8,"A",14096332,92,1079,2004-10-01 01:12:26.79
"2004/10/09","06:39:09.51","eq","l",3.28,"l",36.04533,-117.81167,-0.8,"A",14098488,75,1071,2004-10-09 06:39:09.51
"2004/10/09","12:02:43.56","eq","l",3.13,"l",34.83017,-118.3505,5.9,"A",14098588,160,1747,2004-10-09 12:02:43.56
"2004/10/10","18:58:25.61","eq","l",3.03,"l",36.0815,-117.991,4,"A",14098816,45,1006,2004-10-10 18:58:25.61
"2004/10/19","06:05:01.04","eq","l",2.63,"l",35.30733,-117.95133,3.9,"A",10054577,65,1181,2004-10-19 06:05:01.04
"2004/11/01","14:49:49.46","eq","l",3.2,"l",34.7255,-116.04967,1.1,"A",10057357,99,1127,2004-11-01 14:49:49.46
"2004/11/05","04:22:19.07","eq","l",2.61,"l",34.84317,-116.32467,4.5,"A",10058069,37,690,2004-11-05 04:22:19.07
"2004/11/07","22:51:42.50","eq","l",2.6,"l",34.62517,-116.292,2.9,"A",10058573,51,718,2004-11-07 22:51:42.5
"2004/11/09","06:44:04.78","eq","l",3.65,"l",35.03333,-116.9125,4,"A",10058877,129,1917,2004-11-09 06:44:04.78
"2004/11/11","10:50:48.07","eq","l",3.68,"l",34.72317,-116.04983,1.3,"A",10059245,85,1899,2004-11-11 10:50:48.07
"2004/11/12","10:04:59.12","eq","l",2.88,"l",34.72383,-116.0555,1.5,"A",10059401,63,839,2004-11-12 10:04:59.12
"2004/11/13","12:53:56.45","eq","l",2.66,"l",35.25367,-118.56433,7.2,"A",10059697,77,1097,2004-11-13 12:53:56.45
"2004/12/05","00:06:02.95","eq","l",3.12,"l",34.695,-116.36983,1.9,"A",10064737,149,1916,2004-12-05 00:06:02.95
"2005/01/11","02:47:34.35","eq","l",2.84,"l",35.2275,-118.57067,4.6,"A",14117896,90,889,2005-01-11 02:47:34.35
"2005/01/11","08:37:05.93","eq","l",2.77,"l",35.22833,-118.56683,2.1,"A",14117928,80,836,2005-01-11 08:37:05.93
"2005/01/16","11:40:20.63","eq","l",2.58,"l",36.19683,-117.88383,0.8,"A",14119012,46,634,2005-01-16 11:40:20.63
"2005/01/27","17:55:12.60","eq","l",2.53,"l",35.79683,-118.49967,1.9,"A",14121780,59,638,2005-01-27 17:55:12.6
"2005/02/08","17:35:32.01","eq","l",3.03,"l",35.11517,-116.9975,3.5,"A",10079521,117,1335,2005-02-08 17:35:32.01
"2005/02/14","09:31:06.18","eq","l",2.8,"l",34.66183,-116.212,4.5,"A",10080713,59,1022,2005-02-14 09:31:06.18
"2005/02/15","22:20:51.59","eq","l",3.44,"l",34.80183,-116.25983,6.5,"A",10081013,121,1922,2005-02-15 22:20:51.59
"2005/02/16","10:27:07.90","eq","l",2.52,"l",34.7985,-116.25783,6.2,"A",10081121,51,706,2005-02-16 10:27:07.9
"2005/03/15","07:49:00.36","eq","l",2.5,"l",35.65517,-118.1375,4.2,"C",14131948,42,539,2005-03-15 07:49:00.36
"2005/03/15","10:05:18.78","eq","l",2.78,"l",35.654,-118.13767,4.2,"C",14131952,43,941,2005-03-15 10:05:18.78
"2005/03/31","19:13:42.82","eq","l",3.24,"l",35.32283,-118.55767,2.1,"A",14135032,119,1227,2005-03-31 19:13:42.82
"2005/04/03","04:13:57.44","eq","l",2.74,"l",35.42167,-118.42817,3.9,"A",14135524,78,1044,2005-04-03 04:13:57.44
"2005/04/20","17:22:29.06","eq","l",2.58,"l",36.023,-117.53517,-0.3,"A",14138972,45,688,2005-04-20 17:22:29.06
"2005/04/28","11:52:21.36","eq","l",2.58,"l",35.25033,-118.59667,4.4,"A",10095053,73,1875,2005-04-28 11:52:21.36
"2005/04/30","15:01:47.81","eq","l",2.54,"l",36.20517,-118.05083,-1.6,"A",10095617,71,685,2005-04-30 15:01:47.81
"2005/05/09","17:48:12.04","eq","l",3.17,"l",34.80267,-116.28367,5,"A",10097865,34,1891,2005-05-09 17:48:12.04
"2005/05/12","22:01:20.24","eq","l",3.18,"l",34.845,-116.32383,4,"A",10099033,73,1905,2005-05-12 22:01:20.24
"2005/05/17","04:17:14.97","eq","l",2.66,"l",34.82933,-117.02033,6.4,"A",10100305,81,1287,2005-05-17 04:17:14.97
"2005/06/02","08:23:47.54","eq","l",3.33,"l",34.92983,-116.72267,0.3,"A",14149352,66,1871,2005-06-02 08:23:47.54
"2005/06/14","04:33:54.39","eq","l",2.78,"l",35.67317,-117.56433,3.3,"A",14153924,50,901,2005-06-14 04:33:54.39
"2005/06/24","16:36:12.69","eq","l",3.05,"l",35.1815,-118.62517,6.1,"B",14157872,81,1886,2005-06-24 16:36:12.69
"2005/06/24","16:40:14.30","eq","l",2.58,"l",35.18233,-118.62817,7.1,"A",14157880,68,1886,2005-06-24 16:40:14.3
"2005/07/11","11:43:41.82","eq","l",3.12,"l",36.14717,-118.072,-1.1,"A",14161712,77,1106,2005-07-11 11:43:41.82
"2005/07/11","12:47:42.55","eq","l",3.34,"l",36.14933,-118.072,-1.7,"A",14161740,103,1361,2005-07-11 12:47:42.55
"2005/07/12","05:58:35.06","eq","l",2.61,"l",34.67817,-116.329,4,"A",14161904,51,1052,2005-07-12 05:58:35.06
"2005/07/13","11:55:29.38","eq","l",3.11,"l",36.15183,-118.07283,-1.5,"A",14162224,56,924,2005-07-13 11:55:29.38
"2005/07/14","01:00:34.37","eq","l",2.5,"l",34.70883,-116.0535,2.7,"A",14162504,32,704,2005-07-14 01:00:34.37
"2005/07/14","01:52:25.32","eq","l",2.56,"l",34.70683,-116.06017,2.7,"A",14162540,33,822,2005-07-14 01:52:25.32
"2005/07/14","02:15:23.46","eq","l",3.11,"l",34.70617,-116.06083,2.6,"A",14162548,86,1180,2005-07-14 02:15:23.46
"2005/07/14","02:32:02.21","eq","l",3.14,"l",34.7035,-116.06233,2.5,"A",14162560,98,1892,2005-07-14 02:32:02.21
"2005/07/14","04:58:26.49","eq","l",2.83,"l",34.70717,-116.0535,2.8,"A",14162588,49,899,2005-07-14 04:58:26.49
"2005/07/16","04:58:31.74","eq","l",3.77,"l",34.84433,-116.32067,1.8,"A",14163180,181,1888,2005-07-16 04:58:31.74
"2005/07/16","06:46:10.36","eq","l",3.47,"l",34.847,-116.31483,1.6,"A",14163196,115,1885,2005-07-16 06:46:10.36
"2005/07/31","01:37:46.02","eq","l",2.51,"l",34.5475,-116.26917,-1,"A",10122081,47,744,2005-07-31 01:37:46.02
"2005/07/31","19:25:29.23","eq","l",2.76,"l",34.55033,-116.2555,4,"A",12216707,32,803,2005-07-31 19:25:29.23
"2005/08/05","01:42:51.46","eq","l",2.83,"l",35.27483,-118.4745,3.4,"A",14168964,39,694,2005-08-05 01:42:51.46
"2005/08/06","05:40:33.46","eq","l",4.38,"l",36.13917,-118.045,-1.8,"A",14169456,117,1899,2005-08-06 05:40:33.46
"2005/08/06","05:42:24.21","eq","l",3.48,"l",36.15,-118.0695,3.4,"B",14169460,37,1899,2005-08-06 05:42:24.21
"2005/08/06","05:42:48.62","eq","l",3.4,"l",36.15333,-118.077,3.8,"C",12216787,18,1899,2005-08-06 05:42:48.62
"2005/08/06","06:15:24.74","eq","l",2.75,"l",36.14933,-118.072,-1.2,"A",14169520,67,732,2005-08-06 06:15:24.74
"2005/08/06","15:20:32.86","eq","l",2.51,"l",36.143,-118.06967,-1.5,"A",14169728,66,674,2005-08-06 15:20:32.86
"2005/08/09","23:38:32.76","eq","l",2.55,"l",36.1415,-118.06833,-0.9,"A",14171472,47,664,2005-08-09 23:38:32.76
"2005/08/10","13:05:25.91","eq","l",2.69,"l",36.15417,-118.07283,-1.3,"A",14171652,39,812,2005-08-10 13:05:25.91
"2005/09/06","11:35:30.62","eq","l",3.36,"l",36.39833,-118.03533,-1.9,"A",14182080,37,1041,2005-09-06 11:35:30.62
"2005/09/22","23:05:19.81","eq","l",2.56,"l",35.03283,-118.9915,10.8,"A",14186768,50,689,2005-09-22 23:05:19.81
"2005/09/24","03:39:40.30","eq","l",2.63,"l",34.652,-116.28867,3.6,"A",14187112,55,868,2005-09-24 03:39:40.3
"2005/09/24","14:16:58.49","eq","l",2.77,"l",35.3805,-118.46883,5.8,"B",14187240,73,950,2005-09-24 14:16:58.49
"2005/09/25","00:10:09.16","eq","l",3.64,"l",35.38167,-118.4675,4.9,"C",14187364,87,1910,2005-09-25 00:10:09.16
"2005/09/27","00:20:00.59","eq","l",2.62,"l",35.05033,-118.97983,7.6,"C",14187964,58,606,2005-09-27 00:20:00.59
"2005/10/10","18:38:30.79","eq","l",3.34,"l",35.731,-116.2465,3.6,"A",10146669,49,1079,2005-10-10 18:38:30.79
"2005/10/29","09:20:11.51","eq","l",3.58,"l",35.0325,-116.95983,3.1,"A",10150549,94,1926,2005-10-29 09:20:11.51
"2005/10/30","23:15:59.23","eq","l",2.74,"l",35.0775,-116.99267,3.5,"A",10150905,98,878,2005-10-30 23:15:59.23
"2005/11/14","16:08:58.81","eq","l",2.99,"l",35.6335,-118.43017,5.6,"A",14197952,78,870,2005-11-14 16:08:58.81
"2005/11/23","01:27:26.89","eq","l",3.16,"l",36.1545,-118.07033,-1.8,"A",14199788,45,851,2005-11-23 01:27:26.89
"2005/11/25","15:40:34.86","eq","l",3.05,"l",34.59633,-116.355,1.9,"A",14200284,135,1326,2005-11-25 15:40:34.86
"2005/12/01","03:50:56.45","eq","l",2.91,"l",34.98683,-116.9445,7.1,"A",14201332,72,1031,2005-12-01 03:50:56.45
"2005/12/13","20:35:22.81","eq","l",3.79,"l",35.12717,-117.558,-1,"A",14204000,152,1840,2005-12-13 20:35:22.81
"2005/12/27","20:31:37.48","eq","l",2.57,"l",34.61333,-116.313,-0.9,"A",14206148,52,902,2005-12-27 20:31:37.48
"2005/12/30","00:22:44.62","eq","l",2.56,"l",34.642,-116.51483,2.7,"A",14206372,45,637,2005-12-30 00:22:44.62
"2006/01/01","23:58:53.03","eq","l",2.97,"l",35.12633,-117.56317,2.7,"A",14206756,72,1273,2006-01-01 23:58:53.03
"2006/01/03","15:37:52.28","eq","l",2.54,"l",36.01533,-117.82283,0.3,"A",14207040,37,500,2006-01-03 15:37:52.28
"2006/01/06","13:00:20.00","eq","l",2.59,"l",36.021,-117.7725,0.5,"A",14207456,35,546,2006-01-06 13:00:20
"2006/01/24","08:11:11.52","eq","l",2.78,"l",36.07433,-117.90167,3.8,"A",10165733,65,557,2006-01-24 08:11:11.52
"2006/02/05","03:18:12.41","eq","l",2.52,"l",35.82817,-117.54383,1.9,"A",10168137,46,539,2006-02-05 03:18:12.41
"2006/02/07","04:24:58.39","eq","l",2.84,"l",35.12,-117.55033,-0.5,"A",10168469,84,877,2006-02-07 04:24:58.39
"2006/02/08","13:19:26.71","eq","l",2.86,"l",35.831,-117.545,1.4,"A",10168685,53,784,2006-02-08 13:19:26.71
"2006/02/10","18:47:07.86","eq","l",2.53,"l",35.83267,-117.54133,1.4,"A",10169233,40,584,2006-02-10 18:47:07.86
"2006/02/23","17:50:48.51","eq","l",2.81,"l",35.1225,-117.5555,-0.9,"A",14214092,48,1069,2006-02-23 17:50:48.51
"2006/03/01","17:48:30.43","eq","l",2.54,"l",35.11583,-117.551,0.5,"A",14215028,54,866,2006-03-01 17:48:30.43
"2006/03/03","13:44:05.21","eq","l",3.71,"l",35.12133,-117.55633,1.2,"A",14215316,189,1898,2006-03-03 13:44:05.21
"2006/03/04","11:24:37.92","eq","l",2.87,"l",35.11617,-117.55333,-0.1,"A",14215476,69,979,2006-03-04 11:24:37.92
"2006/03/09","05:48:38.20","eq","l",2.72,"l",35.74217,-118.054,2.8,"A",14216220,42,854,2006-03-09 05:48:38.2
"2006/03/11","03:18:22.90","eq","l",2.85,"l",34.62683,-116.65733,4.9,"A",14216528,91,876,2006-03-11 03:18:22.9
"2006/03/14","14:50:57.94","eq","l",3.15,"l",35.93333,-117.64,1.8,"A",14216992,54,886,2006-03-14 14:50:57.94
"2006/03/20","18:47:22.16","eq","l",3.43,"l",35.57067,-117.52883,8.5,"A",14217904,114,1300,2006-03-20 18:47:22.16
"2006/03/23","23:48:57.28","eq","l",3.11,"l",34.5805,-116.2615,1.9,"A",14218424,80,1130,2006-03-23 23:48:57.28
"2006/03/29","01:36:23.01","eq","l",4.11,"l",35.62183,-117.5875,7.9,"A",14219360,84,1895,2006-03-29 01:36:23.01
"2006/04/06","10:05:59.47","eq","l",2.57,"l",35.27333,-118.55567,5.1,"C",14220484,76,669,2006-04-06 10:05:59.47
"2006/04/10","16:36:26.09","eq","l",2.6,"l",35.99333,-117.388,3.6,"A",14221100,43,606,2006-04-10 16:36:26.09
"2006/04/14","18:28:53.82","eq","l",2.79,"l",34.68167,-116.29133,2.8,"A",10178881,47,906,2006-04-14 18:28:53.82
"2006/05/04","17:07:07.88","eq","l",2.69,"l",34.72333,-116.302,4.3,"A",10181625,37,840,2006-05-04 17:07:07.88
"2006/05/06","07:32:02.03","eq","l",2.68,"l",34.60533,-116.29267,4.6,"C",10181885,35,902,2006-05-06 07:32:02.03
"2006/05/27","00:14:05.99","eq","l",2.57,"l",36.06733,-117.70833,-1.3,"A",10185253,21,327,2006-05-27 00:14:05.99
"2006/06/03","20:09:08.51","eq","l",2.93,"l",36.10533,-117.6235,0.6,"A",10186665,49,958,2006-06-03 20:09:08.51
"2006/06/12","04:53:40.65","eq","l",2.74,"l",36.02683,-117.88517,2.4,"A",10188613,42,911,2006-06-12 04:53:40.65
"2006/06/19","15:17:18.26","eq","l",2.93,"l",35.4865,-118.37417,4.4,"C",14234172,58,754,2006-06-19 15:17:18.26
"2006/07/09","05:06:57.66","eq","l",2.52,"l",35.11567,-117.55183,0.4,"A",14238984,47,692,2006-07-09 05:06:57.66
"2006/07/09","05:43:17.14","eq","l",2.75,"l",35.11433,-117.54933,0.2,"A",14238988,52,822,2006-07-09 05:43:17.14
"2006/07/12","22:20:50.22","eq","l",4.02,"l",36.071,-117.90217,3,"A",14239764,183,1859,2006-07-12 22:20:50.22
"2006/07/12","22:22:46.29","eq","l",3.69,"l",36.0755,-117.9035,2.1,"A",14239768,56,1859,2006-07-12 22:22:46.29
"2006/07/13","01:16:51.06","eq","l",2.71,"l",36.07733,-117.90217,4.1,"B",14239868,42,575,2006-07-13 01:16:51.06
"2006/07/14","11:17:17.71","eq","l",3.03,"l",36.07467,-117.902,3.4,"A",14240188,54,611,2006-07-14 11:17:17.71
"2006/07/19","13:23:19.61","eq","l",3.49,"l",35.5195,-116.42567,5.3,"C",14241380,114,862,2006-07-19 13:23:19.61
"2006/07/23","08:44:30.75","eq","l",2.57,"l",35.79567,-117.98567,2.7,"A",14242472,39,525,2006-07-23 08:44:30.75
"2006/08/02","23:25:26.89","eq","l",2.86,"l",34.527,-116.272,3.3,"A",14244276,69,814,2006-08-02 23:25:26.89
"2006/08/12","02:25:06.76","eq","l",2.52,"l",36.15183,-117.98883,-0.6,"A",10201993,44,392,2006-08-12 02:25:06.76
"2006/08/12","16:29:46.72","eq","l",2.57,"l",35.05383,-118.46,4.7,"C",10202129,60,783,2006-08-12 16:29:46.72
"2006/08/13","03:40:27.83","eq","l",2.61,"l",34.976,-116.94167,3.4,"A",10202189,49,751,2006-08-13 03:40:27.83
"2006/08/23","17:49:14.97","eq","l",2.71,"l",36.134,-117.9115,-1.3,"A",14247824,38,452,2006-08-23 17:49:14.97
"2006/08/23","17:54:07.92","eq","l",2.52,"l",35.1215,-118.84667,16.2,"A",14247832,59,539,2006-08-23 17:54:07.92
"2006/08/24","07:55:06.66","eq","l",3.33,"l",36.12917,-117.9085,0.8,"A",14247976,68,756,2006-08-24 07:55:06.66
"2006/09/09","13:05:47.20","eq","l",2.78,"l",36.28833,-117.45317,0,"A",10207129,38,572,2006-09-09 13:05:47.2
"2006/09/14","15:24:58.19","eq","l",2.52,"l",35.999,-117.699,1,"A",10207849,39,425,2006-09-14 15:24:58.19
"2006/09/18","16:25:30.18","eq","l",3.08,"l",34.5755,-116.54217,3.6,"A",10208641,102,1031,2006-09-18 16:25:30.18
"2006/09/24","03:47:08.45","eq","l",2.64,"l",36.13483,-117.8985,2.1,"A",14252956,44,451,2006-09-24 03:47:08.45
"2006/10/11","10:55:24.06","eq","l",3.2,"l",35.935,-117.68083,2,"A",14255908,54,760,2006-10-11 10:55:24.06
"2006/10/12","01:50:31.89","eq","l",2.8,"l",36.09517,-117.87283,-1.2,"A",14256052,46,563,2006-10-12 01:50:31.89
"2006/10/24","16:00:05.31","eq","l",2.71,"l",34.76267,-118.38167,12.1,"A",14257928,56,789,2006-10-24 16:00:05.31
"2006/11/06","04:35:26.49","eq","l",2.78,"l",35.3375,-117.91733,3.2,"A",10216289,58,760,2006-11-06 04:35:26.49
"2006/11/06","10:38:56.20","eq","l",2.55,"l",34.6355,-116.63583,3.5,"A",10216345,90,702,2006-11-06 10:38:56.2
"2006/11/10","14:34:04.94","eq","l",2.91,"l",36.13117,-117.67017,-0.4,"A",10216949,70,570,2006-11-10 14:34:04.94
"2006/11/18","14:29:01.64","eq","l",2.73,"l",35.9575,-117.973,2.8,"A",10218153,49,563,2006-11-18 14:29:01.64
"2006/11/22","13:06:27.69","eq","l",2.58,"l",36.2075,-117.88933,-1.2,"A",14262396,57,571,2006-11-22 13:06:27.69
"2006/11/27","21:14:16.58","eq","l",3.88,"l",36.06117,-117.71167,-0.3,"A",14263132,58,1945,2006-11-27 21:14:16.58
"2006/11/27","21:21:02.71","eq","l",3.48,"l",36.06333,-117.71117,-0.9,"A",14263136,53,911,2006-11-27 21:21:02.71
"2006/11/27","21:31:27.61","eq","l",2.86,"l",36.0625,-117.71683,0.2,"A",14263144,53,554,2006-11-27 21:31:27.61
"2006/11/27","21:32:30.40","eq","l",2.75,"l",36.062,-117.7145,0.5,"A",14263152,45,554,2006-11-27 21:32:30.4
"2006/11/28","04:35:25.15","eq","l",3.17,"l",36.0585,-117.716,0.6,"A",14263256,57,697,2006-11-28 04:35:25.15
"2006/11/30","20:12:58.07","eq","l",3.13,"l",36.402,-116.894,9.3,"A",10220301,43,460,2006-11-30 20:12:58.07
"2006/12/07","19:49:20.36","eq","l",3.24,"l",36.06,-117.718,-0.9,"A",10221693,58,737,2006-12-07 19:49:20.36
"2006/12/17","03:55:35.78","eq","l",2.71,"l",34.5125,-118.777,15.3,"A",10222833,86,738,2006-12-17 03:55:35.78
"2006/12/31","00:50:51.99","eq","l",3.32,"l",36.297,-118.328,-0.5,"A",10224601,51,618,2006-12-31 00:50:51.99
"2006/12/31","02:34:35.97","eq","l",2.79,"l",36.29583,-118.33083,4,"C",10224617,45,493,2006-12-31 02:34:35.97
"2007/01/09","04:27:50.60","eq","l",2.64,"l",34.575,-116.258,3.6,"A",10225733,43,557,2007-01-09 04:27:50.6
"2007/01/11","12:52:42.00","eq","l",2.76,"l",36.2715,-117.89083,0.9,"A",10226013,42,573,2007-01-11 12:52:42
"2007/01/17","16:37:29.21","eq","l",3,"l",35.07733,-118.3065,1.7,"A",10226909,73,981,2007-01-17 16:37:29.21
"2007/01/31","14:35:44.43","eq","l",2.6,"l",35.019,-118.32517,9.6,"A",10229153,79,826,2007-01-31 14:35:44.43
"2007/01/31","15:46:21.51","eq","l",2.85,"l",35.07483,-118.30683,2.8,"A",10229173,58,816,2007-01-31 15:46:21.51
"2007/02/15","10:19:02.05","eq","l",2.93,"l",35.06633,-118.30017,2.8,"A",10231929,37,782,2007-02-15 10:19:02.05
"2007/02/24","00:26:26.84","eq","l",2.64,"l",34.99367,-116.95033,4.2,"A",10233049,43,676,2007-02-24 00:26:26.84
"2007/03/08","19:25:04.76","eq","l",2.7,"l",35.54383,-118.75583,4.3,"A",10234813,81,703,2007-03-08 19:25:04.76
"2007/03/19","21:39:26.74","eq","l",2.65,"l",36.031,-117.52767,1.9,"A",10236573,37,675,2007-03-19 21:39:26.74
"2007/03/23","18:59:29.31","eq","l",2.57,"l",34.88483,-116.68233,10.9,"A",10237285,129,1071,2007-03-23 18:59:29.31
"2007/03/24","15:30:36.02","eq","l",2.51,"l",35.94483,-117.34383,1.4,"A",10237397,34,533,2007-03-24 15:30:36.02
"2007/03/25","12:31:52.99","eq","l",2.82,"l",36.00483,-117.808,0,"A",10237593,54,957,2007-03-25 12:31:52.99
"2007/03/27","10:40:45.13","eq","l",3.23,"l",35.828,-117.70117,7.8,"A",10237937,54,1223,2007-03-27 10:40:45.13
"2007/03/27","10:46:07.80","eq","l",2.71,"l",35.8305,-117.69867,8.2,"A",10237941,46,763,2007-03-27 10:46:07.8
"2007/03/27","16:12:49.50","eq","l",3.19,"l",35.0755,-118.31083,2.1,"A",10237985,80,1430,2007-03-27 16:12:49.5
"2007/03/27","21:15:38.91","eq","l",3.03,"l",34.77417,-117.22433,4.1,"A",10238013,76,1302,2007-03-27 21:15:38.91
"2007/03/27","22:40:04.06","eq","l",2.51,"l",35.31233,-118.57617,1.5,"A",10238021,39,689,2007-03-27 22:40:04.06
"2007/03/30","09:09:35.83","eq","l",4.11,"l",36.02767,-117.77533,-0.7,"A",14282008,52,1820,2007-03-30 09:09:35.83
"2007/04/07","03:13:58.29","eq","l",2.92,"l",34.51583,-118.09783,9.9,"A",14283248,105,1516,2007-04-07 03:13:58.29
"2007/04/07","23:09:41.66","eq","l",2.75,"l",35.525,-118.45833,7.2,"A",14283320,95,1267,2007-04-07 23:09:41.66
"2007/04/25","13:56:51.97","eq","l",3.05,"l",36.136,-117.919,1.2,"A",14287308,45,912,2007-04-25 13:56:51.97
"2007/04/30","14:34:13.66","eq","l",2.57,"l",34.6985,-118.99433,13.9,"A",14288252,67,733,2007-04-30 14:34:13.66
"2007/05/01","11:31:57.58","eq","l",2.8,"l",36.20367,-118.00033,-1.7,"A",14288476,39,833,2007-05-01 11:31:57.58
"2007/05/02","15:20:25.28","eq","l",2.7,"l",35.83333,-116.87833,2.1,"A",14288644,47,984,2007-05-02 15:20:25.28
"2007/05/03","15:13:33.06","eq","l",2.55,"l",35.867,-117.32467,-0.4,"A",14288824,31,697,2007-05-03 15:13:33.06
"2007/05/17","20:57:36.24","eq","l",3.11,"l",36.071,-117.90133,3.6,"A",10248017,79,1309,2007-05-17 20:57:36.24
"2007/05/19","13:56:15.53","eq","l",2.71,"l",35.97867,-117.65017,-0.2,"A",10248365,28,900,2007-05-19 13:56:15.53
"2007/05/29","05:24:46.50","eq","l",2.62,"l",36.0755,-117.90167,3.2,"A",10250845,36,777,2007-05-29 05:24:46.5
"2007/06/11","02:37:41.62","eq","l",2.57,"l",35.03317,-116.96317,3.8,"A",14297352,64,1190,2007-06-11 02:37:41.62
"2007/06/17","16:27:14.16","eq","l",2.66,"l",36.07333,-117.46317,3.4,"A",10255453,46,871,2007-06-17 16:27:14.16
"2007/06/22","14:54:57.15","eq","l",2.71,"l",35.34717,-118.56283,4.7,"C",10257089,95,1412,2007-06-22 14:54:57.15
"2007/06/28","01:33:40.60","eq","l",2.84,"l",36.1375,-117.68533,0.6,"A",10258249,48,1040,2007-06-28 01:33:40.6
"2007/07/01","23:16:35.33","eq","l",3.1,"l",35.953,-117.29883,2.8,"A",10258997,55,1315,2007-07-01 23:16:35.33
"2007/07/11","17:51:33.14","eq","l",2.53,"l",35.66333,-118.45983,9.8,"A",10260921,60,1011,2007-07-11 17:51:33.14
"2007/07/20","11:24:42.11","eq","l",2.61,"l",34.65133,-116.28933,4.6,"C",10263833,120,1129,2007-07-20 11:24:42.11
"2007/07/22","00:00:12.08","eq","l",3.47,"l",34.99483,-116.947,7,"A",10264097,87,1977,2007-07-22 00:00:12.08
"2007/08/10","20:13:41.41","eq","l",3.01,"l",36.11,-117.893,3.5,"A",14312596,102,1229,2007-08-10 20:13:41.41
"2007/08/14","10:39:19.53","eq","l",2.65,"l",35.82283,-118.53417,5,"C",14313300,61,759,2007-08-14 10:39:19.53
"2007/08/23","20:13:53.54","eq","l",2.69,"l",35.81417,-116.92267,2.2,"A",10271997,25,919,2007-08-23 20:13:53.54
"2007/08/24","06:29:58.64","eq","l",2.5,"l",36.14083,-117.91067,1.9,"A",10272057,40,698,2007-08-24 06:29:58.64
"2007/08/27","22:31:15.30","eq","l",3.49,"l",36.14517,-117.91183,2,"A",10272781,57,1394,2007-08-27 22:31:15.3
"2007/08/29","04:31:47.88","eq","l",3.01,"l",35.2585,-118.587,4.8,"C",10273361,85,1342,2007-08-29 04:31:47.88
"2007/08/30","13:08:01.11","eq","l",3.43,"l",34.60467,-116.29533,3.1,"A",10274237,148,2009,2007-08-30 13:08:01.11
"2007/09/03","01:50:42.44","eq","l",2.91,"l",36.13217,-117.6935,-0.6,"A",10275889,40,1026,2007-09-03 01:50:42.44
"2007/09/20","15:01:50.72","eq","l",3.27,"l",34.804,-116.28517,6.7,"A",10281369,62,1610,2007-09-20 15:01:50.72
"2007/09/24","10:11:27.92","eq","l",2.73,"l",35.11917,-118.60967,1.6,"A",14325252,80,1521,2007-09-24 10:11:27.92
"2007/10/03","04:35:54.24","eq","l",2.88,"l",36.14283,-117.90833,-0.7,"A",10283601,59,886,2007-10-03 04:35:54.24
"2007/10/04","14:50:41.95","eq","l",2.52,"l",34.57483,-116.5455,3.9,"A",10283725,113,998,2007-10-04 14:50:41.95
"2007/10/08","09:55:02.16","eq","l",2.61,"l",35.407,-117.81,4.4,"C",10284249,61,1138,2007-10-08 09:55:02.16
"2007/10/09","19:43:11.73","eq","l",2.78,"l",36.03483,-117.82067,-0.5,"A",10284501,42,818,2007-10-09 19:43:11.73
"2007/10/21","22:40:38.61","eq","l",2.67,"l",35.01467,-116.45433,9.3,"C",14329600,29,808,2007-10-21 22:40:38.61
"2007/10/24","12:22:48.77","eq","l",4.34,"l",35.838,-117.68467,3.5,"A",14330056,204,1939,2007-10-24 12:22:48.77
"2007/10/30","23:29:27.71","eq","l",2.88,"l",35.42717,-118.3065,7.7,"B",10287805,77,1241,2007-10-30 23:29:27.71
"2007/11/01","08:28:22.75","eq","l",2.53,"l",34.69483,-116.29467,4.2,"A",10288013,62,1009,2007-11-01 08:28:22.75
"2007/11/03","21:09:44.26","eq","l",2.54,"l",35.94383,-117.6755,2.2,"A",10288353,63,583,2007-11-03 21:09:44.26
"2007/11/15","00:37:32.03","eq","l",3.06,"l",35.43083,-118.30433,8.2,"A",14333212,85,1944,2007-11-15 00:37:32.03
"2007/11/21","21:37:51.86","eq","l",2.56,"l",35.95683,-117.49283,2.2,"A",14334276,92,615,2007-11-21 21:37:51.86
"2007/11/28","14:12:25.84","eq","l",3.06,"l",35.43183,-118.30033,7.7,"A",14335300,90,1202,2007-11-28 14:12:25.84
"2007/12/02","08:28:13.00","eq","l",2.77,"l",36.0665,-117.8655,-1.1,"A",10087234,50,734,2007-12-02 08:28:13
"2007/12/22","19:59:16.83","eq","l",2.66,"l",34.52417,-116.2825,4.6,"C",10296381,37,1053,2007-12-22 19:59:16.83
"2008/01/11","12:05:11.88","eq","l",3.9,"l",35.34417,-118.55417,6.4,"C",10299017,216,1955,2008-01-11 12:05:11.88
"2008/01/11","14:02:47.10","eq","l",3.04,"l",35.34617,-118.56083,6.5,"A",10299037,128,1239,2008-01-11 14:02:47.1
"2008/01/18","02:06:09.90","eq","l",2.85,"l",34.88383,-118.97083,5.6,"B",14343372,124,1031,2008-01-18 02:06:09.9
"2008/02/10","19:22:09.69","eq","l",2.75,"l",35.04167,-116.96733,3.1,"A",14347812,66,1094,2008-02-10 19:22:09.69
"2008/02/10","23:55:41.37","eq","l",2.6,"l",35.04017,-116.97317,2.5,"A",14347924,64,1206,2008-02-10 23:55:41.37
"2008/02/16","11:56:35.99","eq","l",3.58,"l",35.9565,-117.7325,1.5,"A",14350304,70,1969,2008-02-16 11:56:35.99
"2008/02/26","07:58:53.68","eq","l",2.98,"l",35.95317,-117.72783,0.7,"A",14352756,47,914,2008-02-26 07:58:53.68
"2008/02/27","01:50:40.41","eq","l",2.77,"l",35.95267,-117.72383,1.1,"A",14352980,41,859,2008-02-27 01:50:40.41
"2008/03/02","08:07:45.81","eq","l",3.47,"l",35.065,-118.98567,16.5,"A",14353880,85,1980,2008-03-02 08:07:45.81
"2008/03/03","11:34:58.22","eq","l",2.68,"l",36.152,-117.9675,2.4,"A",14354044,49,626,2008-03-03 11:34:58.22
"2008/03/20","12:20:31.09","eq","l",2.63,"l",36.2005,-117.61483,-1.1,"A",10313389,34,705,2008-03-20 12:20:31.09
"2008/03/21","16:05:42.01","eq","l",2.86,"l",35.50283,-116.92033,4.9,"C",10313641,76,1056,2008-03-21 16:05:42.01
"2008/03/30","22:30:42.58","eq","l",2.5,"l",36.03783,-117.81033,2,"A",14358924,57,490,2008-03-30 22:30:42.58
"2008/03/30","22:50:29.31","eq","l",2.74,"l",36.05,-117.80967,-0.4,"A",14358944,50,902,2008-03-30 22:50:29.31
"2008/04/06","20:51:30.87","eq","l",2.99,"l",34.68133,-116.3495,2.6,"A",14360376,93,1577,2008-04-06 20:51:30.87
"2008/04/06","23:44:21.17","eq","l",2.98,"l",35.5715,-116.97617,5.2,"C",14360396,63,1366,2008-04-06 23:44:21.17
"2008/04/07","01:27:01.32","eq","l",3.59,"l",35.7835,-117.6745,4.9,"A",14360416,143,1996,2008-04-07 01:27:01.32
"2008/04/07","03:29:00.03","eq","l",2.86,"l",35.4725,-118.41817,-1,"A",14360440,114,1999,2008-04-07 03:29:00.03
"2008/04/22","23:49:23.03","eq","l",3.03,"l",34.86717,-116.34167,3.9,"A",10319969,69,1241,2008-04-22 23:49:23.03
"2008/04/23","01:55:29.40","eq","l",4.14,"l",34.866,-116.34033,4.6,"A",10319993,174,1954,2008-04-23 01:55:29.4
"2008/04/27","16:05:14.52","eq","l",2.62,"l",35.89467,-116.94967,4.2,"C",12333711,30,874,2008-04-27 16:05:14.52
"2008/04/29","20:24:08.68","eq","l",2.51,"l",35.20417,-117.1665,4.9,"C",10321329,61,1135,2008-04-29 20:24:08.68
"2008/05/01","08:11:43.22","eq","l",4.43,"l",35.47333,-118.42533,4.8,"C",10321585,271,2019,2008-05-01 08:11:43.22
"2008/05/01","08:43:17.16","eq","l",2.85,"l",35.46833,-118.42667,1.2,"A",10321589,92,1144,2008-05-01 08:43:17.16
"2008/05/01","20:53:28.25","eq","l",3.13,"l",36.00067,-117.30517,-0.8,"A",10321741,58,1075,2008-05-01 20:53:28.25
"2008/05/01","21:39:38.23","eq","l",3.48,"l",35.47483,-118.417,-0.8,"A",10321749,106,1968,2008-05-01 21:39:38.23
"2008/05/02","04:03:38.11","eq","l",3.45,"l",35.47583,-118.41783,-1.3,"A",10321825,93,1968,2008-05-02 04:03:38.11
"2008/05/02","04:03:42.44","eq","l",3.69,"l",35.4725,-118.40683,4.6,"C",12333763,43,1968,2008-05-02 04:03:42.44
"2008/05/02","04:23:02.24","eq","l",3.31,"l",35.4735,-118.41983,4.4,"C",10321841,98,1968,2008-05-02 04:23:02.24
"2008/05/07","12:38:14.41","eq","l",2.6,"l",35.47233,-118.42217,4.2,"C",14366780,77,1058,2008-05-07 12:38:14.41
"2008/05/09","22:59:33.70","eq","l",3.32,"l",35.904,-117.01483,2.4,"A",14367536,41,1267,2008-05-09 22:59:33.7
"2008/05/10","02:14:06.47","eq","l",2.98,"l",35.90917,-117.01583,2.6,"A",14367588,39,1152,2008-05-10 02:14:06.47
"2008/05/10","02:22:59.82","eq","l",3.08,"l",35.90633,-117.01817,2.4,"A",14367592,36,1002,2008-05-10 02:22:59.82
"2008/05/20","02:59:51.88","eq","l",3.73,"l",35.26967,-117.35283,3,"A",10325809,101,2006,2008-05-20 02:59:51.88
"2008/05/24","04:13:07.03","eq","l",2.79,"l",35.58,-117.15667,5.4,"C",10326413,48,737,2008-05-24 04:13:07.03
"2008/06/17","01:25:08.36","eq","l",3.02,"l",35.371,-118.65267,5,"C",14375500,80,1377,2008-06-17 01:25:08.36
"2008/06/17","07:27:59.50","eq","l",2.81,"l",36.21733,-118.2025,3.6,"C",14375532,55,858,2008-06-17 07:27:59.5
"2008/07/01","09:07:06.67","eq","l",2.73,"l",34.6055,-117.61083,7.7,"A",14378356,148,1993,2008-07-01 09:07:06.67
"2008/07/04","22:16:10.94","eq","l",3.4,"l",36.15367,-118.06033,-1.2,"A",14379004,63,1220,2008-07-04 22:16:10.94
"2008/07/06","20:26:33.93","eq","l",3.32,"l",34.86117,-116.34,4.4,"A",14379364,53,1966,2008-07-06 20:26:33.93
"2008/07/09","23:43:55.01","eq","l",2.63,"l",34.866,-116.343,3.9,"A",14379928,38,1085,2008-07-09 23:43:55.01
"2008/07/11","21:40:32.88","eq","l",3.37,"l",36.07367,-117.89967,3.5,"A",14380372,63,1368,2008-07-11 21:40:32.88
"2008/07/14","00:04:48.13","eq","l",2.7,"l",34.86317,-116.34233,4.4,"A",14380860,167,1011,2008-07-14 00:04:48.13
"2008/07/17","06:17:17.74","eq","l",2.77,"l",34.91267,-116.56133,4.4,"A",14381612,52,1338,2008-07-17 06:17:17.74
"2008/07/21","17:48:18.34","eq","l",2.81,"l",34.86783,-116.34617,4.3,"A",14382480,106,1035,2008-07-21 17:48:18.34
"2008/07/24","09:05:50.71","eq","l",2.69,"l",34.57683,-116.269,3.7,"A",14382988,41,1104,2008-07-24 09:05:50.71
"2008/07/29","12:04:33.02","eq","l",3.04,"l",34.99733,-116.94483,5.1,"C",14383948,49,1556,2008-07-29 12:04:33.02
"2008/08/08","23:17:20.58","eq","l",2.6,"l",35.98,-117.322,2.7,"A",14386548,56,697,2008-08-08 23:17:20.58
"2008/08/22","19:52:21.38","eq","l",3,"l",35.983,-117.32167,2.9,"A",10345085,51,973,2008-08-22 19:52:21.38
"2008/09/12","00:19:44.01","eq","l",2.63,"l",34.619,-116.26483,1.9,"A",10348313,60,991,2008-09-12 00:19:44.01
"2008/09/14","15:02:47.19","eq","l",2.63,"l",34.523,-118.87083,15.6,"A",10348833,79,1178,2008-09-14 15:02:47.19
"2008/09/14","15:25:00.64","eq","l",2.81,"l",35.99333,-117.95367,4.6,"A",10348837,50,1068,2008-09-14 15:25:00.64
"2008/09/23","15:57:09.91","eq","l",2.72,"l",35.41533,-118.921,17.5,"A",14394476,50,961,2008-09-23 15:57:09.91
"2008/09/27","22:55:13.43","eq","l",3.06,"l",34.84483,-116.68267,10.2,"A",14395312,113,1985,2008-09-27 22:55:13.43
"2008/10/04","16:57:17.88","eq","l",2.57,"l",35.88433,-117.37183,6.9,"A",10352513,48,687,2008-10-04 16:57:17.88
"2008/10/09","04:57:10.02","eq","l",3.23,"l",35.89433,-116.75883,2.2,"A",10353117,49,1155,2008-10-09 04:57:10.02
"2008/10/12","22:01:47.51","eq","l",2.61,"l",35.026,-116.96467,3.9,"A",10353697,100,1091,2008-10-12 22:01:47.51
"2008/10/19","04:07:08.02","eq","l",2.99,"l",35.89383,-116.76167,2.8,"A",10354741,80,1109,2008-10-19 04:07:08.02
"2008/10/24","23:35:49.77","eq","l",3.15,"l",35.8965,-116.76,1.2,"A",10355761,52,1031,2008-10-24 23:35:49.77
"2008/11/06","22:50:14.91","eq","l",2.65,"l",35.34117,-118.83733,19,"A",10358013,78,897,2008-11-06 22:50:14.91
"2008/11/23","17:05:38.79","eq","l",2.73,"l",35.9725,-117.3245,2.4,"A",14405020,57,721,2008-11-23 17:05:38.79
"2008/11/24","18:18:09.68","eq","l",2.79,"l",35.97217,-117.3275,0.6,"A",14405300,51,1003,2008-11-24 18:18:09.68
"2008/11/25","04:11:36.23","eq","l",3.86,"l",35.97333,-117.329,0,"A",14405360,93,2010,2008-11-25 04:11:36.23
"2008/11/27","12:13:50.06","eq","l",2.57,"l",35.96917,-117.3275,0,"A",14405816,55,699,2008-11-27 12:13:50.06
"2008/11/29","11:04:51.02","eq","l",3.29,"l",35.744,-118.0095,2.8,"A",14406128,74,1299,2008-11-29 11:04:51.02
"2008/11/29","21:14:09.07","eq","l",4.03,"l",35.97067,-117.32633,0.2,"A",14406196,90,2021,2008-11-29 21:14:09.07
"2008/11/29","23:45:48.04","eq","l",2.54,"l",35.96833,-117.326,0.3,"A",14406220,55,656,2008-11-29 23:45:48.04
"2008/11/30","13:03:07.28","eq","l",4.04,"l",35.97133,-117.31983,2.5,"A",14406304,151,2043,2008-11-30 13:03:07.28
"2008/11/30","13:11:17.22","eq","l",2.91,"l",35.97033,-117.32,2.1,"A",14406316,59,1007,2008-11-30 13:11:17.22
"2008/11/30","15:22:53.56","eq","l",2.51,"l",35.9705,-117.3295,0.4,"A",14406360,50,615,2008-11-30 15:22:53.56
"2008/11/30","15:56:51.46","eq","l",2.91,"l",35.977,-117.31083,1.9,"A",14406376,65,1227,2008-11-30 15:56:51.46
"2008/11/30","19:24:06.29","eq","l",2.67,"l",35.973,-117.31367,0.1,"A",14406436,30,577,2008-11-30 19:24:06.29
"2008/11/30","21:16:25.46","eq","l",2.57,"l",35.978,-117.31133,2.3,"A",14406452,31,537,2008-11-30 21:16:25.46
"2008/11/30","22:38:11.58","eq","l",3.12,"l",35.97833,-117.31267,0.9,"A",14406484,59,1170,2008-11-30 22:38:11.58
"2008/12/02","10:19:06.95","eq","l",3.02,"l",35.97833,-117.30633,0.3,"A",14406872,59,863,2008-12-02 10:19:06.95
"2008/12/02","11:23:44.10","eq","l",3.8,"l",35.98017,-117.307,1.8,"A",14406888,90,2009,2008-12-02 11:23:44.1
"2008/12/02","12:27:35.10","eq","l",3.38,"l",35.98533,-117.303,1.9,"A",14406924,74,1388,2008-12-02 12:27:35.1
"2008/12/02","16:41:19.47","eq","l",3.69,"l",35.97117,-117.32133,0.8,"A",14407012,75,2011,2008-12-02 16:41:19.47
"2008/12/02","16:53:09.12","eq","l",4.03,"l",35.97117,-117.32217,2.3,"A",14407020,78,2011,2008-12-02 16:53:09.12
"2008/12/02","16:58:09.76","eq","l",3.06,"l",35.97,-117.31767,0.4,"A",14407024,51,1252,2008-12-02 16:58:09.76
"2008/12/03","00:07:13.96","eq","l",2.83,"l",35.96633,-117.32217,0.6,"A",14407152,57,837,2008-12-03 00:07:13.96
"2008/12/03","05:55:07.10","eq","l",2.66,"l",35.98317,-117.32,1.8,"A",14407260,64,798,2008-12-03 05:55:07.1
"2008/12/03","07:48:50.11","eq","l",2.53,"l",35.97817,-117.32233,0.3,"A",14407292,55,613,2008-12-03 07:48:50.11
"2008/12/03","10:17:57.11","eq","l",2.59,"l",35.97567,-117.3095,0.2,"A",14407312,58,586,2008-12-03 10:17:57.11
"2008/12/04","04:46:17.06","eq","l",2.74,"l",35.97533,-117.32067,2.4,"A",14407544,61,828,2008-12-04 04:46:17.06
"2008/12/05","21:43:25.02","eq","l",2.77,"l",35.48617,-118.39,2.7,"A",14407972,71,1200,2008-12-05 21:43:25.02
"2008/12/06","04:18:42.85","eq","l",5.06,"w",34.81333,-116.41883,6.4,"A",14408052,298,2010,2008-12-06 04:18:42.85
"2008/12/06","06:22:02.96","eq","l",2.71,"l",35.98017,-117.30967,3,"A",14408144,67,848,2008-12-06 06:22:02.96
"2008/12/06","08:25:36.89","eq","l",2.5,"l",34.80567,-116.41883,3.3,"A",14408180,93,955,2008-12-06 08:25:36.89
"2008/12/06","13:16:46.80","eq","l",2.8,"l",34.81883,-116.41567,3.5,"A",14408344,46,1046,2008-12-06 13:16:46.8
"2008/12/06","14:44:58.95","eq","l",2.59,"l",34.81033,-116.41167,3.7,"A",14408368,41,1049,2008-12-06 14:44:58.95
"2008/12/06","16:07:26.07","eq","l",2.9,"l",36.2095,-117.91283,-1.5,"A",14408404,73,1014,2008-12-06 16:07:26.07
"2008/12/07","20:13:20.00","eq","l",3.28,"l",35.977,-117.30917,0.2,"A",14408784,70,1445,2008-12-07 20:13:20
"2008/12/07","21:04:19.82","eq","l",3.01,"l",34.81817,-116.413,3.3,"A",14408792,59,1439,2008-12-07 21:04:19.82
"2008/12/08","17:03:55.66","eq","l",2.78,"l",35.6025,-118.8395,0.1,"A",14408968,68,1009,2008-12-08 17:03:55.66
"2008/12/08","21:48:46.27","eq","l",3.43,"l",34.81167,-116.41733,3.4,"A",14409036,57,1950,2008-12-08 21:48:46.27
"2008/12/09","03:41:08.02","eq","l",3.1,"l",36.21233,-117.914,0.2,"A",14409112,55,1130,2008-12-09 03:41:08.02
"2008/12/10","00:28:25.92","eq","l",2.55,"l",35.97967,-117.3055,-0.2,"A",10365233,51,1276,2008-12-10 00:28:25.92
"2008/12/10","10:07:42.73","eq","l",2.66,"l",35.97467,-117.3185,0.6,"A",10365317,43,1214,2008-12-10 10:07:42.73
"2008/12/11","08:38:55.37","eq","l",2.56,"l",35.72,-117.40217,10.7,"A",10365561,61,1046,2008-12-11 08:38:55.37
"2008/12/12","11:43:53.03","eq","l",2.85,"l",35.971,-117.318,2.8,"A",10365809,73,807,2008-12-12 11:43:53.03
"2008/12/13","17:16:46.47","eq","l",4.01,"l",35.972,-117.31733,-1,"A",10366101,88,1990,2008-12-13 17:16:46.47
"2008/12/13","17:17:20.15","eq","l",3.32,"l",35.95817,-117.33783,-1.1,"A",12445759,17,1984,2008-12-13 17:17:20.15
"2008/12/14","11:23:17.89","eq","l",3.17,"l",35.978,-117.32217,0.4,"A",10366277,64,1081,2008-12-14 11:23:17.89
"2008/12/14","11:27:09.06","eq","l",3.37,"l",35.97617,-117.32417,0.7,"A",10366285,73,1146,2008-12-14 11:27:09.06
"2008/12/14","17:26:07.05","eq","l",2.57,"l",35.9955,-117.30583,2.9,"A",10366361,55,811,2008-12-14 17:26:07.05
"2008/12/14","17:41:06.79","eq","l",3.24,"l",35.99367,-117.30867,2.4,"A",10366365,59,1160,2008-12-14 17:41:06.79
"2008/12/16","01:03:08.12","eq","l",3.12,"l",35.98017,-117.31367,2,"A",10366617,61,935,2008-12-16 01:03:08.12
"2008/12/17","20:46:57.76","eq","l",2.56,"l",35.98467,-117.3095,0.7,"A",10366941,27,741,2008-12-17 20:46:57.76
"2008/12/17","20:47:48.02","eq","l",2.71,"l",35.9775,-117.31183,-0.6,"A",10105042,30,741,2008-12-17 20:47:48.02
"2008/12/18","02:20:53.38","eq","l",2.63,"l",34.80283,-116.41633,3.4,"A",10367001,44,871,2008-12-18 02:20:53.38
"2009/01/10","06:03:06.06","eq","l",2.61,"l",36.16067,-118.06167,3.7,"C",10370429,33,428,2009-01-10 06:03:06.06
"2009/01/12","20:41:06.34","eq","l",3.4,"l",35.98,-117.29967,5,"C",10370809,39,1133,2009-01-12 20:41:06.34
"2009/01/16","18:22:23.88","eq","l",2.6,"l",35.968,-117.31983,1.4,"A",10371673,62,685,2009-01-16 18:22:23.88
"2009/01/24","18:08:40.55","eq","l",3.12,"l",35.98967,-117.29583,-0.6,"A",10373189,67,1136,2009-01-24 18:08:40.55
"2009/01/25","20:53:32.00","eq","l",2.63,"l",35.98967,-117.29533,0.7,"A",10373341,41,660,2009-01-25 20:53:32
"2009/01/28","05:53:24.57","eq","l",2.78,"l",35.31933,-118.52117,3.6,"A",10373805,70,1152,2009-01-28 05:53:24.57
"2009/01/28","17:19:52.68","eq","l",2.64,"l",35.31433,-118.52167,5,"C",10373909,93,910,2009-01-28 17:19:52.68
"2009/01/31","21:09:22.59","eq","l",4.39,"l",35.4135,-117.78583,7.4,"A",14418600,233,1931,2009-01-31 21:09:22.59
"2009/02/01","06:02:50.98","eq","l",2.99,"l",35.41067,-117.78967,6.5,"A",14418780,66,1593,2009-02-01 06:02:50.98
"2009/02/08","13:57:32.73","eq","l",3.07,"l",36.02167,-117.77833,0.4,"A",14419896,68,1040,2009-02-08 13:57:32.73
"2009/02/09","22:08:36.73","eq","l",2.76,"l",35.9805,-117.29917,0.8,"A",14420080,51,669,2009-02-09 22:08:36.73
"2009/02/13","01:52:48.81","eq","l",2.8,"l",35.41183,-117.79467,6.7,"A",14420704,120,981,2009-02-13 01:52:48.81
"2009/02/14","17:01:03.15","eq","l",2.58,"l",35.99,-117.29917,2.5,"A",14421304,92,613,2009-02-14 17:01:03.15
"2009/02/15","21:42:48.42","eq","l",2.82,"l",34.52683,-116.277,2.2,"A",14421568,74,1132,2009-02-15 21:42:48.42
"2009/02/19","07:22:53.15","eq","l",2.65,"l",35.98783,-117.31283,-1.1,"A",14422680,25,604,2009-02-19 07:22:53.15
"2009/02/19","22:30:23.70","eq","l",2.9,"l",36.13083,-117.86467,0.3,"A",14422936,73,782,2009-02-19 22:30:23.7
"2009/02/20","12:19:14.66","eq","l",3.68,"l",35.9825,-117.30533,0.7,"A",10377693,138,1903,2009-02-20 12:19:14.66
"2009/02/26","22:50:11.14","eq","l",2.57,"l",35.32783,-118.57017,3.2,"A",10378869,84,949,2009-02-26 22:50:11.14
"2009/03/13","18:57:16.27","eq","l",3.21,"l",35.98633,-117.30633,0.7,"A",14429360,73,1311,2009-03-13 18:57:16.27
"2009/03/16","12:28:56.99","eq","l",2.54,"l",35.1075,-118.51617,5.1,"C",14430408,83,890,2009-03-16 12:28:56.99
"2009/03/24","04:07:55.39","eq","l",2.74,"l",35.97583,-117.29867,0.3,"A",14433352,56,719,2009-03-24 04:07:55.39
"2009/03/25","20:33:37.07","eq","l",2.79,"l",35.99233,-117.30017,1.7,"A",14435312,33,836,2009-03-25 20:33:37.07
"2009/03/25","20:42:06.65","eq","l",3.13,"l",35.98633,-117.301,0.3,"A",14435320,48,1113,2009-03-25 20:42:06.65
"2009/04/01","02:42:52.66","eq","l",2.63,"l",36.04033,-117.78383,0.2,"A",14439560,45,993,2009-04-01 02:42:52.66
"2009/04/29","03:08:44.78","eq","l",2.83,"l",36.40667,-117.84183,3.9,"C",10402193,24,1106,2009-04-29 03:08:44.78
"2009/04/29","21:22:20.09","eq","l",2.79,"l",35.31383,-118.565,1.3,"A",10402593,82,1320,2009-04-29 21:22:20.09
"2009/05/05","02:39:44.03","eq","l",2.78,"l",36.01983,-117.80633,0.3,"A",10405097,57,979,2009-05-05 02:39:44.03
"2009/05/16","13:02:24.78","eq","l",2.63,"l",35.98633,-117.29233,4.4,"C",10409785,29,839,2009-05-16 13:02:24.78
"2009/05/21","00:14:27.08","eq","l",2.74,"l",35.13933,-118.714,0.7,"A",10412281,49,1373,2009-05-21 00:14:27.08
"2009/05/22","00:25:25.01","eq","l",2.57,"l",34.6925,-118.89583,13.8,"A",14461304,76,1385,2009-05-22 00:25:25.01
"2009/05/22","20:28:20.83","eq","l",2.96,"l",36.40683,-117.8285,3.8,"C",14461744,33,1108,2009-05-22 20:28:20.83
"2009/05/23","21:51:31.69","eq","l",3.38,"l",36.39317,-117.82933,-0.1,"A",14462048,59,2033,2009-05-23 21:51:31.69
"2009/05/23","22:58:32.94","eq","l",4.73,"l",36.39617,-117.83767,-0.6,"A",14462064,212,2036,2009-05-23 22:58:32.94
"2009/05/23","23:54:04.82","eq","l",2.98,"l",36.38267,-117.8225,0.4,"A",14462160,66,1204,2009-05-23 23:54:04.82
"2009/05/24","03:43:06.49","eq","l",2.9,"l",36.4025,-117.82883,3.7,"C",14462296,29,929,2009-05-24 03:43:06.49
"2009/05/24","21:38:48.17","eq","l",2.89,"l",36.38117,-117.82217,-0.1,"A",14462600,50,1116,2009-05-24 21:38:48.17
"2009/05/25","16:38:27.57","eq","l",2.95,"l",36.391,-117.8415,4.1,"C",14462960,38,1202,2009-05-25 16:38:27.57
"2009/05/25","18:33:02.33","eq","l",2.81,"l",36.38467,-117.8255,4.2,"C",14463000,34,1110,2009-05-25 18:33:02.33
"2009/05/25","21:38:48.52","eq","l",3.36,"l",36.37933,-117.82233,-0.1,"A",14463032,77,2036,2009-05-25 21:38:48.52
"2009/05/26","11:07:00.38","eq","l",3.09,"l",36.395,-117.8385,1,"A",14463304,66,1289,2009-05-26 11:07:00.38
"2009/05/26","23:53:51.24","eq","l",3.02,"l",36.39466,-117.843,2.2,"B",14463600,99,1989,2009-05-26 23:53:51.24
"2009/05/27","09:59:33.92","eq","l",2.99,"l",36.3875,-117.8385,0.1,"A",14463888,46,1385,2009-05-27 09:59:33.92
"2009/05/31","17:47:39.19","eq","l",3,"l",36.385,-117.83417,-0.1,"A",14466088,71,1376,2009-05-31 17:47:39.19
"2009/06/02","13:50:01.10","eq","l",2.93,"l",36.39917,-117.83867,0.5,"A",14467064,52,1047,2009-06-02 13:50:01.1
"2009/06/09","16:39:45.58","eq","l",2.8,"l",36.393,-117.83983,0.7,"A",14470856,51,991,2009-06-09 16:39:45.58
"2009/06/10","20:35:31.02","eq","l",3.35,"l",36.406,-117.85017,2.1,"A",14471672,70,1571,2009-06-10 20:35:31.02
"2009/06/13","05:26:59.72","eq","l",2.94,"l",34.8455,-118.96917,11.2,"A",14473104,211,2051,2009-06-13 05:26:59.72
"2009/06/14","16:10:59.06","eq","l",2.79,"l",35.95567,-117.335,0.7,"A",14474184,54,1297,2009-06-14 16:10:59.06
"2009/06/15","03:44:36.24","eq","l",2.56,"l",35.88733,-116.77,2.2,"A",14474552,41,887,2009-06-15 03:44:36.24
"2009/06/18","19:47:10.53","eq","l",2.77,"l",36.40867,-117.8465,1.2,"A",14476272,60,1118,2009-06-18 19:47:10.53
"2009/06/20","06:49:59.48","eq","l",2.82,"l",36.41183,-117.8565,4,"C",14477104,31,1083,2009-06-20 06:49:59.48
"2009/06/21","21:45:58.53","eq","l",2.51,"l",34.987,-116.948,6.5,"A",14477928,75,1035,2009-06-21 21:45:58.53
"2009/06/25","18:23:10.55","eq","l",2.65,"l",36.4615,-117.49917,-1,"A",14479648,46,907,2009-06-25 18:23:10.55
"2009/06/26","00:35:42.24","eq","l",2.72,"l",36.38167,-117.809,-0.3,"A",14479880,54,780,2009-06-26 00:35:42.24
"2009/07/14","02:22:38.22","eq","l",3.77,"l",35.72733,-117.622,9.4,"A",10438025,80,2034,2009-07-14 02:22:38.22
"2009/07/16","01:18:50.23","eq","l",2.5,"l",34.72917,-116.301,3.8,"A",10438761,39,958,2009-07-16 01:18:50.23
"2009/07/19","05:49:03.60","eq","l",2.54,"l",36.19433,-117.39867,4.3,"C",10440041,25,599,2009-07-19 05:49:03.6
"2009/08/10","09:13:55.14","eq","l",2.54,"l",35.96133,-117.33283,1.5,"A",14498296,53,1616,2009-08-10 09:13:55.14
"2009/08/13","20:07:32.76","eq","l",3.14,"l",34.71183,-116.26533,2.8,"A",14499904,76,1913,2009-08-13 20:07:32.76
"2009/08/21","16:08:58.10","eq","l",3.03,"l",35.95867,-117.33917,1.5,"A",14500524,67,1909,2009-08-21 16:08:58.1
"2009/08/23","16:51:55.95","eq","l",2.54,"l",36.38867,-117.861,3.8,"C",14501492,28,1373,2009-08-23 16:51:55.95
"2009/08/27","07:08:24.71","eq","l",3.59,"l",36.01167,-117.39567,3.9,"A",14502836,139,2046,2009-08-27 07:08:24.71
"2009/08/30","07:05:58.02","eq","l",3.89,"l",36.38633,-117.85283,0.1,"A",10456453,97,2033,2009-08-30 07:05:58.02
"2009/08/30","07:07:12.41","eq","l",2.51,"l",36.401,-117.86633,4.1,"C",10130562,22,3314,2009-08-30 07:07:12.41
"2009/08/30","07:09:41.97","eq","l",2.62,"l",36.3975,-117.86317,4.3,"C",10456461,34,1461,2009-08-30 07:09:41.97
"2009/08/30","08:30:07.81","eq","l",2.75,"l",36.39567,-117.8535,4,"C",10456621,32,1598,2009-08-30 08:30:07.81
"2009/08/30","18:13:59.69","eq","l",3.64,"l",36.38767,-117.86067,0.5,"A",10456893,87,2028,2009-08-30 18:13:59.69
"2009/08/30","18:44:51.51","eq","l",3.34,"l",36.38783,-117.85833,0.5,"A",10456917,71,1919,2009-08-30 18:44:51.51
"2009/09/01","05:42:45.39","eq","l",2.99,"l",36.39217,-117.86083,0.1,"A",10457677,58,1811,2009-09-01 05:42:45.39
"2009/09/02","18:25:16.78","eq","l",2.52,"l",36.18117,-118.069,3.9,"C",14505740,99,1772,2009-09-02 18:25:16.78
"2009/09/02","23:52:20.42","eq","l",3.02,"l",35.099,-116.79783,3.2,"A",10458437,74,1965,2009-09-02 23:52:20.42
"2009/09/04","03:58:56.23","eq","l",3,"l",35.25183,-118.55467,4.7,"A",14506324,94,1842,2009-09-04 03:58:56.23
"2009/09/13","09:54:27.70","eq","l",3.37,"l",35.40617,-117.42433,4.7,"C",14510108,61,1903,2009-09-13 09:54:27.7
"2009/09/23","22:20:30.93","eq","l",2.72,"l",34.59633,-116.27967,2.1,"A",14514316,56,1904,2009-09-23 22:20:30.93
"2009/09/24","21:24:40.18","eq","l",2.79,"l",36.11183,-117.84417,1.7,"A",14514924,48,1937,2009-09-24 21:24:40.18
"2009/09/25","20:30:01.61","eq","l",2.74,"l",35.13283,-118.5585,1.6,"A",14515268,131,1951,2009-09-25 20:30:01.61
"2009/09/26","16:02:45.73","eq","l",2.57,"l",36.09583,-117.906,2.9,"A",14515612,84,1883,2009-09-26 16:02:45.73
"2009/09/28","02:16:05.88","eq","l",2.57,"l",35.05817,-118.9185,13.9,"A",14516228,65,3830,2009-09-28 02:16:05.88
"2009/10/01","10:01:24.67","eq","l",5,"w",36.38783,-117.85867,4,"C",14517500,94,2071,2009-10-01 10:01:24.67
"2009/10/01","10:03:30.17","eq","l",3.5,"l",36.3755,-117.86033,4.3,"C",14517508,51,2008,2009-10-01 10:03:30.17
"2009/10/01","10:04:31.44","eq","l",2.76,"l",36.40233,-117.874,4,"C",14517516,42,1930,2009-10-01 10:04:31.44
"2009/10/01","10:10:26.40","eq","l",2.65,"l",36.37733,-117.85183,1.1,"A",14517548,45,1877,2009-10-01 10:10:26.4
"2009/10/01","10:48:42.73","eq","l",2.83,"l",36.37733,-117.857,0.7,"A",14517700,59,1920,2009-10-01 10:48:42.73
"2009/10/01","11:32:23.68","eq","l",3.4,"l",36.38867,-117.85883,2.7,"A",14517796,55,2017,2009-10-01 11:32:23.68
"2009/10/01","11:32:52.32","eq","l",3.32,"l",36.38033,-117.861,4.4,"C",10133126,38,4023,2009-10-01 11:32:52.32
"2009/10/01","11:53:04.76","eq","l",2.84,"l",36.39683,-117.866,0.3,"A",14517820,52,1908,2009-10-01 11:53:04.76
"2009/10/01","12:26:17.39","eq","l",2.77,"l",36.39017,-117.841,0,"A",14517876,40,1903,2009-10-01 12:26:17.39
"2009/10/01","12:55:55.50","eq","l",3.46,"l",36.3775,-117.854,0.4,"A",14517908,53,2070,2009-10-01 12:55:55.5
"2009/10/01","12:56:33.64","eq","l",3.43,"l",36.38317,-117.8445,4,"C",14517916,30,2031,2009-10-01 12:56:33.64
"2009/10/01","13:13:08.24","eq","l",2.79,"l",36.3795,-117.85317,4,"C",14517940,36,1898,2009-10-01 13:13:08.24
"2009/10/01","13:34:50.74","eq","l",2.77,"l",36.38183,-117.862,1.7,"A",14517972,37,1898,2009-10-01 13:34:50.74
"2009/10/01","15:08:12.85","eq","l",3.5,"l",36.39433,-117.869,2.5,"A",14518108,64,2065,2009-10-01 15:08:12.85
"2009/10/01","20:07:39.64","eq","l",2.61,"l",36.37,-117.85267,0.4,"A",14518396,69,1892,2009-10-01 20:07:39.64
"2009/10/01","20:45:37.01","eq","l",2.82,"l",36.40133,-117.875,3.8,"C",14518452,57,1926,2009-10-01 20:45:37.01
"2009/10/01","23:22:43.25","eq","l",2.67,"l",36.388,-117.85567,0.7,"A",14518644,62,1883,2009-10-01 23:22:43.25
"2009/10/02","07:21:00.47","eq","l",2.74,"l",36.383,-117.8635,2.4,"A",14518924,52,1892,2009-10-02 07:21:00.47
"2009/10/02","23:28:06.53","eq","l",2.7,"l",36.39267,-117.86283,3.9,"C",14519612,41,1851,2009-10-02 23:28:06.53
"2009/10/03","00:32:05.24","eq","l",3.08,"l",36.3895,-117.86117,0.5,"A",14519700,61,1937,2009-10-03 00:32:05.24
"2009/10/03","01:09:19.14","eq","l",4.74,"l",36.391,-117.86383,0.7,"A",14519756,66,2057,2009-10-03 01:09:19.14
"2009/10/03","01:10:26.10","eq","l",4.85,"l",36.38633,-117.86817,1.7,"C",14519764,57,2058,2009-10-03 01:10:26.1
"2009/10/03","01:16:00.31","eq","l",5.19,"w",36.391,-117.86083,-1.8,"A",14519780,73,2060,2009-10-03 01:16:00.31
"2009/10/03","01:18:20.35","eq","l",2.5,"h",36.39467,-117.86117,5.4,"C",10133842,23,1787,2009-10-03 01:18:20.35
"2009/10/03","01:19:02.20","eq","l",2.8,"h",36.38517,-117.87767,4.2,"C",10133850,28,1899,2009-10-03 01:19:02.2
"2009/10/03","01:19:50.98","eq","l",2.81,"l",36.39333,-117.863,3.8,"C",14519796,39,1903,2009-10-03 01:19:50.98
"2009/10/03","01:23:26.62","eq","l",2.72,"l",36.404,-117.8395,-1.2,"A",14519820,45,1876,2009-10-03 01:23:26.62
"2009/10/03","01:26:05.57","eq","l",2.82,"l",36.382,-117.86167,0.2,"A",14519844,52,1904,2009-10-03 01:26:05.57
"2009/10/03","01:30:31.91","eq","l",4.07,"l",36.40267,-117.85133,-0.1,"A",14519860,74,2061,2009-10-03 01:30:31.91
"2009/10/03","01:31:44.02","eq","l",3.97,"l",36.4055,-117.8475,0.8,"A",14519868,58,2061,2009-10-03 01:31:44.02
"2009/10/03","01:33:35.45","eq","l",3.39,"l",36.3995,-117.848,-0.9,"A",14519876,55,2013,2009-10-03 01:33:35.45
"2009/10/03","01:38:09.07","eq","l",3.31,"l",36.4085,-117.85533,3,"A",14519900,64,2011,2009-10-03 01:38:09.07
"2009/10/03","01:42:30.07","eq","l",2.8,"l",36.3935,-117.84967,0.2,"A",14519948,42,581,2009-10-03 01:42:30.07
"2009/10/03","01:47:55.37","eq","l",4.2,"l",36.39483,-117.84567,0,"A",14519940,70,2062,2009-10-03 01:47:55.37
"2009/10/03","01:50:21.13","eq","l",2.51,"l",36.37983,-117.86733,0.6,"A",14519956,37,1764,2009-10-03 01:50:21.13
"2009/10/03","01:52:17.95","eq","l",2.86,"l",36.40517,-117.84283,0.1,"A",14519964,47,1883,2009-10-03 01:52:17.95
"2009/10/03","01:56:00.76","eq","l",3,"l",36.38533,-117.84233,-0.1,"A",14519980,60,1939,2009-10-03 01:56:00.76
"2009/10/03","01:59:46.02","eq","l",2.53,"l",36.377,-117.8805,3.8,"C",10134482,22,1809,2009-10-03 01:59:46.02
"2009/10/03","02:27:06.68","eq","l",3.36,"l",36.38617,-117.8425,0.2,"A",14520052,63,2020,2009-10-03 02:27:06.68
"2009/10/03","03:11:18.20","eq","l",3.1,"l",36.40517,-117.84017,-0.2,"A",14520172,59,1972,2009-10-03 03:11:18.2
"2009/10/03","03:37:41.43","eq","l",2.71,"l",36.39833,-117.8585,2.8,"A",14520244,56,1911,2009-10-03 03:37:41.43
"2009/10/03","03:54:49.11","eq","l",2.51,"l",36.396,-117.863,4,"C",14520292,43,1829,2009-10-03 03:54:49.11
"2009/10/03","04:23:41.59","eq","l",2.61,"l",36.402,-117.84417,-0.3,"A",14520324,35,1857,2009-10-03 04:23:41.59
"2009/10/03","05:05:33.32","eq","l",2.65,"l",36.39583,-117.8605,1.2,"A",14520420,53,1866,2009-10-03 05:05:33.32
"2009/10/03","05:31:57.72","eq","l",4.66,"l",36.39,-117.8635,0.1,"A",14520476,81,2072,2009-10-03 05:31:57.72
"2009/10/03","05:38:42.26","eq","l",2.91,"l",36.39,-117.85883,0.2,"A",14520484,50,1931,2009-10-03 05:38:42.26
"2009/10/03","06:15:39.45","eq","l",2.98,"l",36.38983,-117.86467,0.3,"A",14520556,57,1960,2009-10-03 06:15:39.45
"2009/10/03","06:30:46.88","eq","l",2.88,"l",36.38783,-117.86117,0.6,"A",14520580,52,1921,2009-10-03 06:30:46.88
"2009/10/03","09:25:53.73","eq","l",2.8,"l",36.40017,-117.842,0.2,"A",14520812,69,1909,2009-10-03 09:25:53.73
"2009/10/03","11:37:11.38","eq","l",4.41,"l",36.38933,-117.86733,0.4,"A",14520900,73,2072,2009-10-03 11:37:11.38
"2009/10/03","12:41:13.61","eq","l",2.94,"l",36.37283,-117.84517,-0.5,"A",14520972,43,1919,2009-10-03 12:41:13.61
"2009/10/03","15:10:36.17","eq","l",3.02,"l",36.39683,-117.86217,2.5,"A",14521076,54,1958,2009-10-03 15:10:36.17
"2009/10/03","16:22:32.42","eq","l",3.05,"l",36.39083,-117.86617,1.9,"A",14521148,57,1961,2009-10-03 16:22:32.42
"2009/10/03","17:52:31.63","eq","l",3.01,"l",36.395,-117.84567,-0.4,"A",14521204,52,1961,2009-10-03 17:52:31.63
"2009/10/03","21:54:30.05","eq","l",2.65,"l",36.39367,-117.85983,4.1,"C",14521396,40,1814,2009-10-03 21:54:30.05
"2009/10/04","00:07:37.76","eq","l",2.88,"l",36.41567,-117.84217,3.9,"C",14521500,63,1884,2009-10-04 00:07:37.76
"2009/10/04","01:02:09.37","eq","l",3.48,"l",36.38767,-117.8635,0.9,"A",14521564,89,2041,2009-10-04 01:02:09.37
"2009/10/04","01:08:35.39","eq","l",2.8,"l",36.38217,-117.865,-0.1,"A",14521572,54,2038,2009-10-04 01:08:35.39
"2009/10/04","02:50:48.56","eq","l",2.77,"l",36.38733,-117.85633,0.8,"A",14521676,74,2053,2009-10-04 02:50:48.56
"2009/10/04","10:24:18.24","eq","l",2.92,"l",36.39283,-117.86017,3.9,"C",14522164,92,1910,2009-10-04 10:24:18.24
"2009/10/04","14:54:51.54","eq","l",2.89,"l",36.402,-117.846,3.9,"C",14522292,86,1891,2009-10-04 14:54:51.54
"2009/10/04","15:03:53.02","eq","l",2.88,"l",36.1045,-117.89517,2.6,"A",14522300,77,1931,2009-10-04 15:03:53.02
"2009/10/04","16:47:28.84","eq","l",2.76,"l",36.37533,-117.85367,0.2,"A",14522356,72,1867,2009-10-04 16:47:28.84
"2009/10/04","21:59:29.14","eq","l",2.91,"l",36.3855,-117.87267,-0.5,"A",14522484,69,1894,2009-10-04 21:59:29.14
"2009/10/06","03:24:48.23","eq","l",2.76,"l",36.39817,-117.85067,1.9,"A",14523308,59,1891,2009-10-06 03:24:48.23
"2009/10/06","16:31:16.08","eq","l",2.56,"l",36.4,-117.84717,0.3,"A",14523588,52,1836,2009-10-06 16:31:16.08
"2009/10/06","18:06:34.72","eq","l",3.98,"l",36.41417,-117.83583,0,"A",14523676,92,2072,2009-10-06 18:06:34.72
"2009/10/06","22:37:54.47","eq","l",2.88,"l",35.0585,-118.91983,13.6,"A",14523836,75,1975,2009-10-06 22:37:54.47
"2009/10/08","08:05:54.69","eq","l",2.65,"l",36.39,-117.86817,2.4,"A",14524732,60,1860,2009-10-08 08:05:54.69
"2009/10/08","12:46:52.44","eq","l",3,"l",34.9915,-116.94967,8.4,"A",14524796,77,1978,2009-10-08 12:46:52.44
"2009/10/08","14:36:28.86","eq","l",2.8,"l",36.408,-117.84983,0.9,"A",14524820,54,1888,2009-10-08 14:36:28.86
"2009/10/09","04:25:05.27","eq","l",4.29,"l",36.39767,-117.86417,7.6,"A",10477949,101,2061,2009-10-09 04:25:05.27
"2009/10/09","19:28:09.78","eq","l",2.52,"l",36.37067,-117.84133,3.4,"A",10478405,41,1803,2009-10-09 19:28:09.78
"2009/10/17","10:52:38.60","eq","l",2.55,"l",35.95533,-117.33533,1,"A",10482197,51,1844,2009-10-17 10:52:38.6
"2009/10/24","17:17:30.65","eq","l",2.51,"l",34.72083,-116.29533,3.7,"A",10485101,51,1895,2009-10-24 17:17:30.65
"2009/10/27","21:51:22.78","eq","l",2.89,"l",36.39333,-117.85683,3.2,"A",10486365,36,1855,2009-10-27 21:51:22.78
"2009/10/28","15:11:47.10","eq","l",3.03,"l",36.02167,-117.78467,0.3,"A",10486581,45,1925,2009-10-28 15:11:47.1
"2009/11/01","00:41:48.56","eq","l",3.05,"l",36.39167,-117.86583,4.5,"A",10488077,47,1888,2009-11-01 00:41:48.56
"2009/11/02","04:56:08.26","eq","l",3.67,"l",36.4045,-117.87917,4.5,"A",10488901,75,1987,2009-11-02 04:56:08.26
"2009/11/02","07:24:11.17","eq","l",2.95,"l",36.40467,-117.86917,2.8,"A",10488973,35,1867,2009-11-02 07:24:11.17
"2009/11/02","08:54:52.61","eq","l",3.07,"l",36.40167,-117.878,4.2,"A",10488997,37,1874,2009-11-02 08:54:52.61
"2009/11/03","19:34:06.38","eq","l",2.59,"l",36.38433,-117.852,3.8,"A",10490981,46,1802,2009-11-03 19:34:06.38
"2009/11/08","04:54:51.55","eq","l",2.55,"l",36.39867,-117.86667,2,"A",10493589,36,1700,2009-11-08 04:54:51.55
"2009/11/09","20:35:16.50","eq","l",2.77,"l",34.69267,-116.30233,4.6,"C",10494829,34,1910,2009-11-09 20:35:16.5
"2009/11/11","05:56:41.90","eq","l",2.54,"l",35.42667,-116.76233,4.2,"A",10495365,37,1913,2009-11-11 05:56:41.9
"2009/11/16","21:21:30.63","eq","l",4.6,"l",35.5485,-117.2745,1.2,"A",10497821,235,2032,2009-11-16 21:21:30.63
"2009/11/17","13:21:32.18","eq","l",2.96,"l",35.55133,-117.28283,3,"A",10498141,77,1944,2009-11-17 13:21:32.18
"2009/11/22","07:40:54.01","eq","l",3.15,"l",36.3845,-117.87133,0.5,"A",14547892,65,1934,2009-11-22 07:40:54.01
"2009/11/27","19:57:48.25","eq","l",3.47,"l",36.385,-117.86933,2.2,"A",14551524,90,2044,2009-11-27 19:57:48.25
"2009/11/28","05:06:51.04","eq","l",2.85,"l",36.19,-117.17033,4.9,"C",14551620,84,1881,2009-11-28 05:06:51.04
"2009/12/02","00:59:55.56","eq","l",3.07,"l",35.954,-117.33367,0.7,"A",14553332,63,1902,2009-12-02 00:59:55.56
"2009/12/15","09:52:20.16","eq","l",2.98,"l",36.402,-117.83833,-0.1,"A",14559172,50,1976,2009-12-15 09:52:20.16
"2009/12/26","14:17:56.07","eq","l",2.57,"l",36.06283,-117.708,0.1,"A",14563964,49,1863,2009-12-26 14:17:56.07
"2009/12/30","11:44:38.05","eq","l",3.64,"l",35.97367,-117.405,1.8,"A",14565492,66,2062,2009-12-30 11:44:38.05
"2009/12/31","19:57:42.94","eq","l",3.19,"l",36.0315,-117.7835,1.1,"A",14566588,53,2020,2009-12-31 19:57:42.94
"2010/01/01","02:55:04.37","eq","l",2.79,"l",35.98517,-117.29833,0.7,"A",14566884,59,1951,2010-01-01 02:55:04.37
"2010/01/01","03:25:30.18","eq","l",2.86,"l",36.0325,-117.78283,0.7,"A",14566908,57,1950,2010-01-01 03:25:30.18
"2010/01/04","20:07:59.93","eq","l",3.39,"l",35.71167,-117.48217,8.6,"A",14568516,78,2034,2010-01-04 20:07:59.93
"2010/01/04","20:11:25.79","eq","l",3.12,"l",35.7115,-117.485,9.2,"A",14568532,70,2024,2010-01-04 20:11:25.79
"2010/01/05","04:44:42.27","eq","l",2.76,"l",35.95833,-117.3335,0.3,"A",14568716,41,1977,2010-01-05 04:44:42.27
"2010/01/10","02:55:06.75","eq","l",3.04,"l",36.40133,-117.86867,3.9,"C",14570732,60,1984,2010-01-10 02:55:06.75
"2010/01/13","02:43:38.98","eq","l",2.56,"l",36.40067,-117.878,2.3,"A",10525669,42,1730,2010-01-13 02:43:38.98
"2010/01/14","12:10:05.29","eq","l",3.48,"l",36.03783,-117.8355,0.1,"A",10526285,54,2024,2010-01-14 12:10:05.29
"2010/01/14","12:57:12.58","eq","l",3.22,"l",36.03967,-117.834,0.4,"A",10526373,54,1988,2010-01-14 12:57:12.58
"2010/01/14","13:37:00.91","eq","l",3.4,"l",36.038,-117.83633,0.4,"A",10526413,68,2000,2010-01-14 13:37:00.91
"2010/01/15","04:52:33.48","eq","l",2.53,"l",36.0325,-117.839,0.6,"A",10527509,49,1845,2010-01-15 04:52:33.48
"2010/01/15","08:23:27.34","eq","l",4.41,"l",36.031,-117.843,0.1,"A",10527789,87,2054,2010-01-15 08:23:27.34
"2010/01/15","08:24:16.01","eq","l",2.53,"l",36.03167,-117.83683,-0.8,"C",25277759,7,1881,2010-01-15 08:24:16.01
"2010/01/15","08:25:23.10","eq","l",2.5,"h",36.03033,-117.8325,2,"C",25301759,5,1869,2010-01-15 08:25:23.1
"2010/01/15","08:43:41.28","eq","l",2.85,"l",36.03283,-117.83983,-0.8,"A",10527869,69,1941,2010-01-15 08:43:41.28
"2010/01/15","09:25:13.94","eq","l",2.97,"l",36.03417,-117.84283,0.5,"A",10527997,79,1952,2010-01-15 09:25:13.94
"2010/01/15","09:28:18.96","eq","l",3.53,"l",36.032,-117.8385,-0.3,"A",10528013,69,2013,2010-01-15 09:28:18.96
"2010/01/15","10:29:58.63","eq","l",3.61,"l",36.02917,-117.83983,0.4,"A",10528149,72,2053,2010-01-15 10:29:58.63
"2010/01/15","13:39:31.39","eq","l",3.4,"l",36.036,-117.84833,0,"A",10528517,72,1990,2010-01-15 13:39:31.39
"2010/01/15","14:20:49.50","eq","l",2.9,"l",36.03717,-117.84617,1.7,"A",10528645,59,1944,2010-01-15 14:20:49.5
"2010/01/16","06:36:18.60","eq","l",3.43,"l",36.03767,-117.84433,0.1,"A",10529677,75,2001,2010-01-16 06:36:18.6
"2010/01/18","04:50:45.68","eq","l",2.91,"l",36.03333,-117.84467,0.8,"A",10531309,56,1934,2010-01-18 04:50:45.68
"2010/01/18","06:34:55.83","eq","l",2.84,"l",36.036,-117.84117,1.8,"A",10531453,55,1914,2010-01-18 06:34:55.83
"2010/01/30","11:25:59.72","eq","l",2.64,"l",36.1025,-117.89033,3.3,"A",10536397,57,1838,2010-01-30 11:25:59.72
"2010/02/01","04:21:55.20","eq","l",2.79,"l",35.23383,-118.59083,5,"A",10536957,71,1912,2010-02-01 04:21:55.2
"2010/02/07","12:34:37.66","eq","l",2.91,"l",36.01367,-117.7895,0.4,"A",14586412,80,1909,2010-02-07 12:34:37.66
"2010/02/14","00:37:58.04","eq","l",2.98,"l",36.1125,-117.715,1,"A",10542181,46,1905,2010-02-14 00:37:58.04
"2010/02/15","00:07:09.36","eq","l",4.05,"l",36.0735,-117.86583,-1.1,"A",10542589,63,2000,2010-02-15 00:07:09.36
"2010/02/15","00:10:55.31","eq","l",2.6,"l",36.0765,-117.86733,0,"A",10542597,33,1813,2010-02-15 00:10:55.31
"2010/02/19","22:11:26.75","eq","l",2.74,"l",36.06217,-117.85917,1.2,"A",10545077,28,1782,2010-02-19 22:11:26.75
"2010/02/21","07:57:56.11","eq","l",2.73,"l",34.7855,-118.9265,12.5,"A",10545613,63,1821,2010-02-21 07:57:56.11
"2010/02/22","21:55:30.57","eq","l",2.5,"l",35.75283,-118.9995,20.8,"A",10546189,74,1802,2010-02-22 21:55:30.57
"2010/02/26","12:46:42.92","eq","l",2.64,"l",36.063,-117.8715,1.3,"A",14594708,45,1871,2010-02-26 12:46:42.92
"2010/02/26","13:22:53.02","eq","l",2.69,"l",36.07283,-117.88033,1.4,"A",14594724,36,1863,2010-02-26 13:22:53.02
"2010/02/26","20:12:04.58","eq","l",2.79,"l",36.064,-117.87217,1.2,"A",14594860,49,1864,2010-02-26 20:12:04.58
"2010/02/26","21:05:25.67","eq","l",2.8,"l",34.80683,-116.30083,2.7,"A",14594876,58,1873,2010-02-26 21:05:25.67
"2010/02/27","06:56:03.12","eq","l",2.91,"l",36.07283,-117.87767,1.1,"A",14594996,25,1994,2010-02-27 06:56:03.12
"2010/02/27","07:10:48.14","eq","l",3.45,"l",36.0615,-117.88767,-0.8,"A",14595012,45,2003,2010-02-27 07:10:48.14
"2010/02/27","13:56:38.76","eq","l",3.11,"l",36.06567,-117.883,0.4,"A",14595164,54,1932,2010-02-27 13:56:38.76
"2010/02/27","15:01:35.91","eq","l",3.3,"l",36.06083,-117.87733,1,"A",14595172,59,1944,2010-02-27 15:01:35.91
"2010/02/27","20:23:53.81","eq","l",2.8,"l",36.06267,-117.88867,-1.4,"A",14595292,43,1870,2010-02-27 20:23:53.81
"2010/02/28","06:30:17.42","eq","l",3.43,"l",36.06,-117.88217,-0.7,"A",14595452,48,1932,2010-02-28 06:30:17.42
"2010/02/28","06:30:41.17","eq","l",2.6,"l",36.06017,-117.87767,-0.3,"A",28213759,12,1823,2010-02-28 06:30:41.17
"2010/02/28","06:56:28.81","eq","l",3.13,"l",36.06117,-117.8795,1.1,"A",14595468,62,1924,2010-02-28 06:56:28.81
"2010/02/28","07:08:47.92","eq","l",2.58,"l",36.0625,-117.879,0.8,"A",14595476,42,1781,2010-02-28 07:08:47.92
"2010/03/01","09:06:03.09","eq","l",3.76,"l",36.06983,-117.8785,-0.4,"A",14595820,77,2007,2010-03-01 09:06:03.09
"2010/03/01","10:32:07.54","eq","l",2.75,"l",36.06433,-117.87,0.6,"A",14595868,44,1881,2010-03-01 10:32:07.54
"2010/03/01","10:39:40.26","eq","l",2.61,"l",36.0645,-117.87583,1.2,"A",14595876,41,1890,2010-03-01 10:39:40.26
"2010/03/01","10:40:00.04","eq","l",2.75,"l",36.06533,-117.88167,0.6,"A",10144402,25,1871,2010-03-01 10:40:00.04
"2010/03/02","07:22:53.99","eq","l",3.47,"l",36.0645,-117.87317,1.2,"A",14596204,66,2041,2010-03-02 07:22:53.99
"2010/03/03","13:44:40.43","eq","l",2.81,"l",34.81017,-116.30183,3,"A",14596580,49,1874,2010-03-03 13:44:40.43
"2010/03/05","03:46:24.72","eq","l",2.94,"l",36.13833,-117.83933,-0.2,"A",14597012,50,1876,2010-03-05 03:46:24.72
"2010/03/08","03:43:20.98","eq","l",3.28,"l",36.05983,-117.88133,1.5,"A",14597804,57,1958,2010-03-08 03:43:20.98
"2010/03/08","07:00:45.26","eq","l",3.2,"l",36.06083,-117.883,1.4,"A",14597860,49,1940,2010-03-08 07:00:45.26
"2010/03/08","07:18:22.07","eq","l",2.88,"l",36.057,-117.8845,1.3,"A",14597876,42,1902,2010-03-08 07:18:22.07
"2010/03/08","14:08:10.57","eq","l",2.5,"l",35.50267,-118.30167,3.4,"A",14597964,58,1848,2010-03-08 14:08:10.57
"2010/03/08","18:46:54.89","eq","l",2.58,"l",36.06133,-117.87317,1.4,"A",14598044,42,1834,2010-03-08 18:46:54.89
"2010/03/09","07:54:27.83","eq","l",3.34,"l",36.06433,-117.882,1,"A",14598340,40,1922,2010-03-09 07:54:27.83
"2010/03/09","09:06:35.12","eq","l",3.03,"l",36.0595,-117.89117,-1.3,"A",14598356,35,1887,2010-03-09 09:06:35.12
"2010/03/09","20:05:12.87","eq","l",3.66,"l",36.05967,-117.87267,0.8,"A",14598516,55,2026,2010-03-09 20:05:12.87
"2010/03/09","23:43:59.74","eq","l",2.57,"l",36.0555,-117.88083,1.2,"A",14598564,40,1800,2010-03-09 23:43:59.74
"2010/03/10","04:36:38.33","eq","l",3.01,"l",36.061,-117.87733,1.3,"A",14598644,47,1923,2010-03-10 04:36:38.33
"2010/03/12","13:24:04.82","eq","l",2.68,"l",35.97683,-117.65083,2,"A",14599716,41,1882,2010-03-12 13:24:04.82
"2010/03/19","17:16:41.16","eq","l",2.61,"l",35.50433,-118.25833,3.2,"A",14602292,48,1895,2010-03-19 17:16:41.16
"2010/04/02","17:20:57.95","eq","l",2.73,"l",34.58033,-116.59217,6.6,"A",14606868,102,1912,2010-04-02 17:20:57.95
"2010/04/10","01:27:33.84","eq","l",2.75,"l",36.37317,-117.84717,-1.1,"A",10595501,38,1901,2010-04-10 01:27:33.84
"2010/04/10","02:47:23.71","eq","l",2.79,"l",36.37483,-117.84817,-1,"A",10595869,41,1900,2010-04-10 02:47:23.71
"2010/04/10","22:42:49.60","eq","l",2.79,"l",35.38967,-117.8925,3.1,"A",10599293,54,1996,2010-04-10 22:42:49.6
"2010/04/23","20:33:53.58","eq","l",2.76,"l",36.07383,-117.88717,1.2,"A",10631941,42,1918,2010-04-23 20:33:53.58
"2010/05/01","13:24:30.78","eq","l",2.98,"l",35.50633,-118.2825,4.5,"C",14688476,71,1972,2010-05-01 13:24:30.78
"2010/05/06","04:16:48.38","eq","l",3.71,"l",35.95633,-117.33817,1.4,"A",14695652,70,2081,2010-05-06 04:16:48.38
"2010/05/07","20:49:30.92","eq","l",2.69,"l",35.37067,-118.47067,4.3,"A",10656053,82,1915,2010-05-07 20:49:30.92
"2010/05/10","21:28:55.05","eq","l",3.85,"l",35.52983,-118.373,1,"A",10660837,75,2074,2010-05-10 21:28:55.05
"2010/05/14","11:35:17.09","eq","l",3.47,"l",35.95783,-117.32867,1,"A",10665629,71,2009,2010-05-14 11:35:17.09
"2010/05/15","17:08:32.49","eq","l",2.58,"l",35.31567,-117.95983,4.3,"C",10667549,68,1920,2010-05-15 17:08:32.49
"2010/05/16","17:23:27.85","eq","l",2.81,"l",36.40433,-117.85483,4.1,"C",10669157,49,1891,2010-05-16 17:23:27.85
"2010/05/22","14:28:16.39","eq","l",2.52,"l",35.69283,-116.525,3.2,"A",14718636,23,1800,2010-05-22 14:28:16.39
"2010/05/28","03:38:51.95","eq","l",2.55,"l",34.8225,-116.40567,3.9,"A",14725900,45,1923,2010-05-28 03:38:51.95
"2010/05/28","07:43:55.03","eq","l",2.99,"l",36.031,-117.78367,0.6,"A",14726092,62,1958,2010-05-28 07:43:55.03
"2010/06/03","18:31:53.72","eq","l",2.65,"l",34.57317,-118.97667,14.1,"A",14733548,65,1919,2010-06-03 18:31:53.72
"2010/06/06","10:34:53.68","eq","l",2.96,"l",36.15383,-118.057,-0.4,"A",14736516,51,1915,2010-06-06 10:34:53.68
"2010/06/08","07:21:39.81","eq","l",2.56,"l",34.6135,-116.291,3.5,"A",14738812,31,1869,2010-06-08 07:21:39.81
"2010/06/17","01:44:04.62","eq","l",3.37,"l",35.20333,-118.60283,5.5,"B",14753740,101,1975,2010-06-17 01:44:04.62
"2010/06/17","03:09:47.80","eq","l",2.79,"l",35.20167,-118.59883,4.7,"A",14753932,59,1923,2010-06-17 03:09:47.8
"2010/06/25","22:08:54.84","eq","l",3,"l",35.337,-118.60917,4,"A",10724845,71,1898,2010-06-25 22:08:54.84
"2010/06/27","12:22:13.51","eq","l",3.78,"l",35.2025,-118.59583,5.8,"C",10726413,96,1973,2010-06-27 12:22:13.51
"2010/06/27","19:57:02.63","eq","l",2.72,"l",35.204,-118.59267,7.1,"A",10726829,60,1880,2010-06-27 19:57:02.63
"2010/06/29","07:00:58.60","eq","l",2.7,"l",35.50767,-118.3635,1.9,"A",10728165,57,1895,2010-06-29 07:00:58.6
"2010/07/01","07:51:30.72","eq","l",3.74,"l",35.48167,-118.43983,0.7,"A",10730349,87,1989,2010-07-01 07:51:30.72
"2010/07/09","01:30:46.42","eq","l",3.15,"l",36.10167,-117.70867,0.7,"A",10743157,51,1934,2010-07-09 01:30:46.42
"2010/07/13","19:43:41.04","eq","l",2.65,"l",36.0775,-117.8885,-1,"A",10750957,43,1857,2010-07-13 19:43:41.04
"2010/07/21","02:29:22.25","eq","l",2.74,"l",35.33367,-117.89483,5.9,"B",10757773,51,1932,2010-07-21 02:29:22.25
"2010/07/27","10:09:16.38","eq","l",2.69,"l",34.81217,-116.27183,1.7,"A",10763189,33,1853,2010-07-27 10:09:16.38
"2010/08/25","03:14:52.29","eq","l",2.83,"l",36.08083,-117.88417,1.3,"A",10785653,62,1840,2010-08-25 03:14:52.29
"2010/09/04","07:40:10.97","eq","l",2.65,"l",35.94967,-117.66817,3.1,"A",10792237,44,1845,2010-09-04 07:40:10.97
"2010/09/05","01:55:48.62","eq","l",2.59,"l",35.95067,-117.6695,3.3,"A",10792749,27,1833,2010-09-05 01:55:48.62
"2010/09/06","11:52:13.54","eq","l",2.99,"l",35.52183,-116.77183,8.2,"C",10793549,30,1786,2010-09-06 11:52:13.54
"2010/09/07","13:07:21.08","eq","l",2.65,"l",35.7245,-116.963,2.6,"A",10793837,27,1732,2010-09-07 13:07:21.08
"2010/09/07","17:29:13.93","eq","l",3.45,"l",35.72733,-116.95667,3.5,"B",10793909,27,1782,2010-09-07 17:29:13.93
"2010/09/07","18:50:43.09","eq","l",2.6,"l",35.7245,-116.964,5.3,"C",10793957,30,1864,2010-09-07 18:50:43.09
"2010/09/08","12:56:02.39","eq","l",2.84,"l",35.72517,-116.95783,5.1,"C",10794317,34,1820,2010-09-08 12:56:02.39
"2010/09/12","22:44:53.36","eq","l",3.12,"l",34.7295,-116.77283,3,"A",10796885,100,1925,2010-09-12 22:44:53.36
"2010/09/13","16:12:57.06","eq","l",2.67,"l",35.84383,-117.67467,4,"A",10797349,38,1896,2010-09-13 16:12:57.06
"2010/09/15","03:26:51.15","eq","l",2.82,"l",34.69033,-116.3095,4.4,"A",10798797,75,1880,2010-09-15 03:26:51.15
"2010/09/15","16:02:20.08","eq","l",2.55,"l",34.804,-116.27267,3.9,"A",10799373,39,1832,2010-09-15 16:02:20.08
"2010/09/16","15:54:55.66","eq","l",3.88,"l",35.84317,-117.67717,3.6,"A",10800093,63,1869,2010-09-16 15:54:55.66
"2010/10/10","22:08:46.62","eq","l",2.5,"l",36.014,-117.8125,1.1,"A",14858308,48,1827,2010-10-10 22:08:46.62
"2010/10/12","22:24:13.78","eq","l",3.06,"l",35.9625,-117.66267,1.9,"A",14859364,60,1961,2010-10-12 22:24:13.78
"2010/10/12","23:02:27.57","eq","l",2.56,"l",35.96167,-117.663,1.4,"A",14859404,49,1884,2010-10-12 23:02:27.57
"2010/10/12","23:45:18.28","eq","l",2.71,"l",35.96333,-117.657,1.6,"A",14859452,44,1897,2010-10-12 23:45:18.28
"2010/10/19","19:36:44.25","eq","l",2.58,"l",36.02583,-116.08217,5,"C",14864084,29,214,2010-10-19 19:36:44.25
"2010/10/23","08:55:41.53","eq","l",2.55,"l",35.96583,-117.66233,1.9,"A",10824741,39,1894,2010-10-23 08:55:41.53
"2010/10/24","08:31:06.90","eq","l",2.93,"l",36.12817,-117.83783,7.3,"A",10825437,39,1962,2010-10-24 08:31:06.9
"2010/10/24","08:31:09.86","eq","l",2.9,"l",36.12467,-117.84467,4.1,"C",36881399,13,1933,2010-10-24 08:31:09.86
"2010/10/24","09:06:52.09","eq","l",2.58,"l",36.1275,-117.83583,7.5,"A",10825517,43,1886,2010-10-24 09:06:52.09
"2010/10/25","13:45:36.48","eq","l",3.73,"l",35.068,-118.97883,16.5,"A",10826277,84,2030,2010-10-25 13:45:36.48
"2010/10/29","08:22:23.82","eq","l",2.69,"l",36.12017,-117.665,0.2,"A",14870548,41,1967,2010-10-29 08:22:23.82
"2010/10/29","15:47:34.46","eq","l",2.78,"l",36.03567,-117.77433,0.6,"A",14870724,32,2004,2010-10-29 15:47:34.46
"2010/10/29","15:53:50.65","eq","l",2.61,"l",36.03783,-117.77267,0.6,"A",14870756,33,1944,2010-10-29 15:53:50.65
"2010/10/30","10:53:12.91","eq","l",2.73,"l",34.8585,-116.39283,5.2,"A",14871220,30,1988,2010-10-30 10:53:12.91
"2010/10/31","00:42:35.42","eq","l",3.1,"l",34.992,-116.949,7.5,"A",14871492,97,2047,2010-10-31 00:42:35.42
"2010/11/02","17:57:41.64","eq","l",2.63,"l",34.86333,-116.3935,3.1,"A",14873028,40,1973,2010-11-02 17:57:41.64
"2010/11/08","04:51:18.37","eq","l",2.52,"l",34.7795,-116.28533,2.4,"A",10835413,33,1932,2010-11-08 04:51:18.37
"2010/11/12","11:01:11.46","eq","l",2.94,"l",36.3825,-117.8725,3.9,"C",10837629,45,1973,2010-11-12 11:01:11.46
"2010/11/21","17:17:03.19","eq","l",2.54,"l",35.87817,-118.651,11.5,"A",14884732,40,1884,2010-11-21 17:17:03.19
"2010/11/25","04:01:15.65","eq","l",3.74,"l",36.0355,-117.781,1.2,"A",14886020,69,1994,2010-11-25 04:01:15.65
"2010/11/25","05:04:35.47","eq","l",2.73,"l",36.03283,-117.78133,1.3,"A",14886140,54,1901,2010-11-25 05:04:35.47
"2010/11/25","09:51:23.29","eq","l",2.6,"l",35.11533,-118.61033,1.1,"A",14886276,78,1910,2010-11-25 09:51:23.29
"2010/12/01","12:16:14.83","eq","l",2.65,"l",35.96017,-117.67,1.2,"A",14888780,41,1889,2010-12-01 12:16:14.83
"2010/12/01","20:53:10.45","eq","l",3.28,"l",35.96367,-117.66383,1.6,"A",14889484,45,2005,2010-12-01 20:53:10.45
"2010/12/01","20:53:36.98","eq","l",3.03,"l",35.96333,-117.66267,1.5,"A",14889492,39,2003,2010-12-01 20:53:36.98
"2010/12/28","08:36:50.36","eq","l",3.6,"l",34.51067,-118.68,18.9,"A",10863861,148,2005,2010-12-28 08:36:50.36
"2011/01/24","16:55:13.83","eq","l",2.58,"l",35.97033,-117.65983,1.6,"A",14921468,46,1935,2011-01-24 16:55:13.83
"2011/01/27","15:29:46.23","eq","l",3.17,"l",35.079,-118.98467,19.3,"A",14923668,68,2078,2011-01-27 15:29:46.23
"2011/02/21","00:25:55.80","eq","l",2.5,"l",35.3245,-118.48367,2.4,"A",14938052,35,1836,2011-02-21 00:25:55.8
"2011/02/23","03:16:15.12","eq","l",2.75,"l",35.97017,-117.66433,1.4,"A",14939572,42,1956,2011-02-23 03:16:15.12
"2011/02/23","05:33:53.48","eq","l",2.94,"l",35.96583,-117.6675,1.2,"A",14939692,50,1986,2011-02-23 05:33:53.48
"2011/02/24","20:05:47.54","eq","l",3.48,"l",36.03683,-118.35483,-0.2,"A",14940932,47,2001,2011-02-24 20:05:47.54
"2011/03/02","00:38:22.83","eq","l",2.64,"l",35.96567,-117.67017,-0.5,"A",10901389,44,1918,2011-03-02 00:38:22.83
"2011/03/03","18:15:40.07","eq","l",2.5,"l",35.50133,-118.287,6.4,"A",10902501,68,1914,2011-03-03 18:15:40.07
"2011/03/10","15:56:24.81","eq","l",3.15,"l",36.008,-117.40083,3.4,"A",10906469,63,2037,2011-03-10 15:56:24.81
"2011/03/11","04:51:25.41","eq","l",3.35,"l",35.35067,-118.56117,4.6,"A",10906781,92,2032,2011-03-11 04:51:25.41
"2011/03/21","04:54:35.69","eq","l",2.67,"l",35.17133,-118.19733,7,"C",10911637,48,1987,2011-03-21 04:54:35.69
"2011/04/07","12:20:48.71","eq","l",2.88,"l",36.0235,-117.77667,0.8,"A",14963996,51,2015,2011-04-07 12:20:48.71
"2011/04/09","18:00:44.49","eq","l",2.5,"l",34.69717,-116.29467,2.9,"A",10922581,44,1969,2011-04-09 18:00:44.49
"2011/04/11","14:03:29.71","eq","l",2.53,"l",35.06683,-118.33583,3.8,"A",10923933,50,1996,2011-04-11 14:03:29.71
"2011/04/15","10:28:57.45","eq","l",2.59,"l",35.58083,-117.59317,7.3,"A",10926037,18,2023,2011-04-15 10:28:57.45
"2011/04/20","13:43:33.73","eq","l",2.5,"l",35.60717,-116.91133,3.9,"C",10929613,39,1987,2011-04-20 13:43:33.73
"2011/04/26","16:16:44.07","eq","l",3.19,"l",35.96817,-117.64733,2.3,"A",10933157,97,2045,2011-04-26 16:16:44.07
"2011/04/26","18:55:26.05","eq","l",3.24,"l",35.9575,-117.65817,1.7,"B",10933245,15,1938,2011-04-26 18:55:26.05
"2011/04/27","03:52:36.17","eq","l",2.73,"l",35.73617,-118.03617,8.3,"A",10933397,54,2011,2011-04-27 03:52:36.17
"2011/05/03","21:41:49.82","eq","l",4.45,"l",36.39533,-117.87033,0.5,"A",14978940,69,2125,2011-05-03 21:41:49.82
"2011/05/04","08:08:23.38","eq","l",2.6,"l",36.39733,-117.868,2.6,"A",10936845,44,1931,2011-05-04 08:08:23.38
"2011/05/04","08:10:45.91","eq","l",3.61,"l",36.39083,-117.86983,0.2,"A",10936853,59,2092,2011-05-04 08:10:45.91
"2011/05/04","08:11:09.65","eq","l",3.54,"l",36.39883,-117.87267,5.4,"C",36998159,26,458,2011-05-04 08:11:09.65
"2011/05/04","11:55:45.96","eq","l",3,"l",36.3865,-117.87367,0.2,"A",10937077,50,2003,2011-05-04 11:55:45.96
"2011/05/08","05:59:13.09","eq","l",2.5,"l",35.3545,-118.45783,7.4,"A",14981444,54,1955,2011-05-08 05:59:13.09
"2011/05/13","04:38:07.66","eq","l",3.05,"l",35.34933,-118.56417,5.7,"C",14984380,62,2053,2011-05-13 04:38:07.66
"2011/05/13","09:56:51.66","eq","l",3.22,"l",34.832,-116.378,3.2,"A",14984468,122,2041,2011-05-13 09:56:51.66
"2011/05/15","01:50:53.31","eq","l",2.94,"l",34.8285,-116.3775,3.4,"A",14985476,60,2006,2011-05-15 01:50:53.31
"2011/05/15","04:07:55.82","eq","l",3.35,"l",35.14367,-116.86267,1.8,"A",14985556,90,2054,2011-05-15 04:07:55.82
"2011/06/25","18:36:10.91","eq","l",3.27,"l",35.923,-117.73967,3.4,"A",10964509,53,1777,2011-06-25 18:36:10.91
"2011/06/27","14:54:54.04","eq","l",2.7,"l",34.6845,-116.28633,1.7,"A",10965341,38,1990,2011-06-27 14:54:54.04
"2011/07/07","17:22:25.53","eq","l",3.36,"l",35.388,-117.83967,4.8,"C",15013156,93,2117,2011-07-07 17:22:25.53
"2011/07/12","20:17:27.59","eq","l",2.68,"l",34.72383,-116.29617,3.9,"A",15016052,31,2009,2011-07-12 20:17:27.59
"2011/07/26","06:01:47.30","eq","l",2.8,"l",36.41383,-117.85,3.4,"A",10981789,52,1993,2011-07-26 06:01:47.3
"2011/07/27","22:18:43.58","eq","l",2.52,"l",35.89633,-117.72633,3,"A",10983053,41,1983,2011-07-27 22:18:43.58
"2011/07/28","23:06:12.03","eq","l",2.65,"l",35.92233,-117.72433,7.8,"A",10983685,41,2037,2011-07-28 23:06:12.03
"2011/08/04","09:12:12.10","eq","l",2.75,"l",34.59367,-116.209,7.7,"A",10987421,62,2036,2011-08-04 09:12:12.1
"2011/08/07","09:19:12.63","eq","l",2.86,"l",36.279,-118.30883,4.1,"C",10988861,49,2067,2011-08-07 09:19:12.63
"2011/08/09","15:03:07.09","eq","l",2.99,"l",36.02983,-117.77333,1.1,"A",10989965,60,2132,2011-08-09 15:03:07.09
"2011/08/17","20:32:37.05","eq","l",2.69,"l",36.03317,-117.76867,1.6,"A",10994733,53,2037,2011-08-17 20:32:37.05
"2011/08/21","02:22:48.02","eq","l",3.22,"l",36.36867,-117.8385,0.5,"A",10995917,57,2116,2011-08-21 02:22:48.02
"2011/09/20","02:27:00.74","eq","l",2.85,"l",35.13217,-118.24583,4.8,"C",11009093,101,2119,2011-09-20 02:27:00.74
"2011/09/20","04:54:00.55","eq","l",2.72,"l",36.03083,-117.76783,1.1,"A",11009173,56,2044,2011-09-20 04:54:00.55
"2011/09/22","16:19:08.92","eq","l",3.79,"l",36.11067,-117.58917,0.1,"A",11010669,72,2172,2011-09-22 16:19:08.92
"2011/09/22","16:21:52.11","eq","l",2.78,"l",36.10733,-117.59217,0.1,"A",11010677,41,2073,2011-09-22 16:21:52.11
"2011/09/23","00:41:52.02","eq","l",3.13,"l",36.10417,-117.58733,0.7,"A",11010989,55,2117,2011-09-23 00:41:52.02
"2011/09/27","01:55:35.65","eq","l",2.92,"l",34.51983,-118.799,15.8,"A",15056116,101,2128,2011-09-27 01:55:35.65
"2011/09/29","16:37:58.53","eq","l",2.75,"l",36.10883,-117.59017,-0.1,"A",15057140,62,2057,2011-09-29 16:37:58.53
"2011/10/04","21:05:35.56","eq","l",2.62,"l",35.9675,-117.89333,9.4,"A",15059260,49,2060,2011-10-04 21:05:35.56
"2011/10/08","18:55:22.07","eq","l",3.12,"l",35.494,-118.398,1.8,"A",15060820,96,2134,2011-10-08 18:55:22.07
"2011/10/11","10:12:02.38","eq","l",3.44,"l",34.72,-116.0275,6.6,"B",15061972,68,2179,2011-10-11 10:12:02.38
"2011/10/17","20:05:57.82","eq","l",3.78,"w",34.69383,-116.2935,0.1,"A",15064556,148,2250,2011-10-17 20:05:57.82
"2011/10/17","21:25:34.31","eq","l",3.54,"l",34.69317,-116.293,0,"A",15064604,93,2170,2011-10-17 21:25:34.31
"2011/10/26","04:47:05.49","eq","l",2.67,"l",34.69467,-116.28933,-0.1,"A",11025533,72,2032,2011-10-26 04:47:05.49
"2011/10/28","09:30:54.47","eq","l",2.54,"l",35.95417,-117.34883,2,"A",11026581,63,1956,2011-10-28 09:30:54.47
"2011/10/31","12:26:45.28","eq","l",2.85,"l",35.93117,-117.62283,2.6,"A",11027613,54,2101,2011-10-31 12:26:45.28
"2011/11/01","15:38:22.83","eq","l",4.1,"l",35.68067,-117.61967,6.1,"B",15071220,168,2250,2011-11-01 15:38:22.83
"2011/11/06","02:18:31.49","eq","l",2.81,"l",35.227,-118.0705,7.8,"A",15072788,69,2110,2011-11-06 02:18:31.49
"2011/11/15","00:40:18.28","eq","l",3.36,"l",36.22733,-118.31867,2.3,"A",15075572,60,2147,2011-11-15 00:40:18.28
"2011/12/06","20:52:57.43","eq","l",2.55,"l",36.229,-118.32183,4.1,"C",15083404,49,1933,2011-12-06 20:52:57.43
"2011/12/09","00:52:07.13","eq","l",2.52,"l",36.229,-118.32667,4.5,"C",15084260,52,1916,2011-12-09 00:52:07.13
"2012/01/06","06:26:53.39","eq","l",2.7,"l",36.091,-117.78633,5.3,"A",11050237,54,2067,2012-01-06 06:26:53.39
"2012/01/06","06:50:10.22","eq","l",3.25,"l",36.0025,-117.90783,5,"A",11050245,63,2166,2012-01-06 06:50:10.22
"2012/01/20","00:43:49.93","eq","l",2.63,"l",36.03333,-117.77667,0.5,"A",11056317,50,2027,2012-01-20 00:43:49.93
"2012/01/21","17:41:36.40","eq","l",2.51,"l",34.50783,-118.83583,15.8,"A",11056965,77,2088,2012-01-21 17:41:36.4
"2012/01/26","14:11:59.21","eq","l",2.8,"l",36.22267,-118.32033,3,"A",15101636,45,1997,2012-01-26 14:11:59.21
"2012/01/26","17:09:21.67","eq","l",2.92,"l",36.21633,-118.31183,-1.4,"A",15101692,77,2079,2012-01-26 17:09:21.67
"2012/01/28","15:29:43.37","eq","l",2.5,"l",36.22267,-118.321,4.4,"C",15102484,44,1905,2012-01-28 15:29:43.37
"2012/02/02","07:33:41.02","eq","l",2.93,"l",36.22517,-118.31817,3.4,"C",15105076,51,2085,2012-02-02 07:33:41.02
"2012/02/03","02:38:49.50","eq","l",2.98,"l",36.23267,-118.32817,4.2,"C",10205150,46,2087,2012-02-03 02:38:49.5
"2012/02/12","20:27:49.32","eq","l",2.86,"l",35.9235,-117.72883,8.2,"A",11066037,63,2153,2012-02-12 20:27:49.32
"2012/02/18","08:45:18.09","eq","l",2.71,"l",35.9435,-117.63883,1.4,"A",11068445,73,2108,2012-02-18 08:45:18.09
"2012/02/20","22:23:30.47","eq","l",2.55,"l",35.94183,-117.65,1.8,"A",11069925,61,2032,2012-02-20 22:23:30.47
"2012/02/23","03:08:31.20","eq","l",2.58,"l",36.33633,-117.99367,-1.1,"A",11070933,63,2016,2012-02-23 03:08:31.2
"2012/03/05","16:33:47.35","eq","l",2.7,"l",36.02333,-117.77583,0.9,"A",15118657,56,2108,2012-03-05 16:33:47.35
"2012/03/05","17:18:02.79","eq","l",2.67,"l",36.023,-117.77483,2.8,"A",15118777,16,1853,2012-03-05 17:18:02.79
"2012/03/14","14:05:20.99","eq","l",2.85,"l",34.72683,-116.29583,5,"A",11079850,58,2107,2012-03-14 14:05:20.99
"2012/05/05","02:00:25.91","eq","l",2.6,"l",35.98567,-117.87117,5.8,"A",11102346,48,2090,2012-05-05 02:00:25.91
"2012/05/13","04:45:48.76","eq","l",2.63,"l",34.59133,-116.2675,1.4,"A",15148153,80,2160,2012-05-13 04:45:48.76
"2012/05/21","10:47:07.32","eq","l",3.61,"l",34.96267,-118.577,8.2,"A",15152793,155,2332,2012-05-21 10:47:07.32
"2012/05/24","05:45:27.41","eq","l",3.17,"l",34.9475,-116.724,1,"A",15154161,74,2298,2012-05-24 05:45:27.41
"2012/05/27","13:05:48.00","eq","l",3.43,"w",34.947,-116.72183,5.8,"A",15155281,124,2294,2012-05-27 13:05:48
"2012/05/28","17:25:18.71","eq","l",2.76,"l",34.94717,-116.72417,1.3,"A",15155809,79,2210,2012-05-28 17:25:18.71
"2012/05/29","21:39:41.03","eq","l",2.64,"l",34.94617,-116.72433,3.1,"A",15156305,61,2178,2012-05-29 21:39:41.03
"2012/06/06","01:31:41.00","eq","l",2.96,"l",35.79017,-116.27133,10.4,"A",15159921,56,2211,2012-06-06 01:31:41
"2012/06/10","04:33:58.92","eq","l",3.07,"l",34.95183,-116.72233,0.8,"A",15162585,99,2241,2012-06-10 04:33:58.92
"2012/07/24","08:11:32.92","eq","l",2.55,"l",36.02717,-117.77283,0,"A",15182433,58,2099,2012-07-24 08:11:32.92
"2012/07/27","13:05:15.47","eq","l",2.72,"l",36.0375,-117.8185,0.1,"A",15183841,72,2134,2012-07-27 13:05:15.47
"2012/07/30","22:15:40.52","eq","l",2.62,"l",36.16533,-118.07017,-1,"A",15185209,65,1913,2012-07-30 22:15:40.52
"2012/07/31","13:06:25.96","eq","l",2.81,"l",35.53233,-117.505,6.5,"A",15185497,66,2134,2012-07-31 13:06:25.96
"2012/08/02","06:07:42.70","eq","l",2.88,"l",35.7475,-118.4795,2.1,"A",15186321,82,2154,2012-08-02 06:07:42.7
"2012/08/02","18:50:52.78","eq","l",2.5,"l",35.534,-118.41017,1.5,"A",15186537,66,2076,2012-08-02 18:50:52.78
"2012/08/02","23:33:03.51","eq","l",2.92,"l",35.53417,-118.40983,1.7,"A",15186665,62,2222,2012-08-02 23:33:03.51
"2012/08/03","01:46:37.02","eq","l",2.6,"l",35.53133,-118.408,1.7,"A",15186729,73,2104,2012-08-03 01:46:37.02
"2012/08/04","09:17:49.09","eq","l",2.97,"l",35.532,-118.40833,1,"A",15187625,95,2232,2012-08-04 09:17:49.09
"2012/08/09","12:09:32.20","eq","l",2.86,"l",35.4065,-116.89867,6.9,"A",15189873,77,2253,2012-08-09 12:09:32.2
"2012/08/10","02:09:50.10","eq","l",2.82,"l",36.05217,-117.61017,0.5,"A",15190281,29,1658,2012-08-10 02:09:50.1
"2012/08/10","12:00:01.44","eq","l",2.54,"l",35.29667,-118.77117,4.7,"B",15190441,98,2185,2012-08-10 12:00:01.44
"2012/08/13","14:03:47.93","eq","l",3.54,"l",35.95467,-117.66917,1.1,"A",15191649,65,2361,2012-08-13 14:03:47.93
"2012/08/14","14:29:40.55","eq","l",2.5,"l",36.21683,-118.319,2.9,"A",15192681,60,1959,2012-08-14 14:29:40.55
"2012/08/20","22:30:49.53","eq","l",2.61,"l",35.816,-117.67667,5,"A",15195689,26,1968,2012-08-20 22:30:49.53
"2012/08/25","09:27:54.67","eq","l",3,"l",36.45917,-117.87783,10.4,"A",15198281,64,2153,2012-08-25 09:27:54.67
"2012/08/27","15:33:48.31","eq","l",3.31,"l",36.00883,-118.40183,3.6,"A",15204137,81,2306,2012-08-27 15:33:48.31
"2012/08/28","09:36:18.33","eq","l",3.25,"l",36.0125,-118.39917,3.9,"C",15205449,80,2258,2012-08-28 09:36:18.33
"2012/08/28","19:41:41.88","eq","l",2.8,"l",36.00833,-118.39817,3.6,"A",15206049,57,1944,2012-08-28 19:41:41.88
"2012/08/28","20:28:32.72","eq","l",3.25,"l",36.00633,-118.39967,3.7,"C",15206089,57,2231,2012-08-28 20:28:32.72
"2012/08/29","01:34:35.44","eq","l",3.27,"l",35.84417,-117.77833,8.3,"A",15206465,76,2330,2012-08-29 01:34:35.44
"2012/08/29","13:01:50.04","eq","l",3.47,"l",36.0105,-118.4025,3.2,"A",15207025,72,2365,2012-08-29 13:01:50.04
"2012/09/04","23:10:48.41","eq","l",2.88,"l",34.55783,-118.95417,18.5,"A",15210857,29,2305,2012-09-04 23:10:48.41
"2012/09/16","00:09:01.39","eq","l",2.62,"l",34.70983,-116.2855,0.8,"A",15216225,50,2183,2012-09-16 00:09:01.39
"2012/09/22","19:15:43.29","eq","l",2.75,"l",36.00783,-118.39733,3.4,"C",15219553,70,2179,2012-09-22 19:15:43.29
"2012/09/23","21:10:50.18","eq","l",2.77,"l",36.01383,-118.40033,3.6,"B",15219881,67,2182,2012-09-23 21:10:50.18
"2012/09/25","07:14:26.12","eq","l",2.77,"l",36.221,-118.317,5.4,"A",15220513,53,2150,2012-09-25 07:14:26.12
"2012/09/25","18:43:13.37","eq","l",2.82,"l",36.01417,-118.4005,3.4,"C",15221161,71,2146,2012-09-25 18:43:13.37
"2012/09/26","22:53:59.31","eq","l",2.58,"l",36.00667,-118.394,3,"A",15221561,51,2092,2012-09-26 22:53:59.31
"2012/10/01","23:56:08.71","eq","l",2.53,"l",36.21783,-118.32467,3.1,"A",15223209,48,1671,2012-10-01 23:56:08.71
"2012/10/02","03:20:53.08","eq","l",3.14,"l",36.22,-118.31783,3.7,"A",15223249,59,2240,2012-10-02 03:20:53.08
"2012/10/05","01:17:21.76","eq","l",3.47,"l",35.92817,-117.67967,1.5,"A",15224969,81,2372,2012-10-05 01:17:21.76
"2012/10/12","09:13:23.24","eq","l",2.65,"l",34.843,-116.95,10,"A",15228593,97,2228,2012-10-12 09:13:23.24
"2012/10/30","15:09:43.07","eq","l",2.85,"l",35.95183,-117.6615,2,"A",15238473,24,2119,2012-10-30 15:09:43.07
"2012/10/31","22:48:45.82","eq","l",2.58,"l",36.0525,-117.5045,3.1,"A",15239289,52,2139,2012-10-31 22:48:45.82
"2012/11/02","03:30:15.03","eq","l",2.63,"l",34.53083,-116.26133,-0.9,"A",15240073,92,2210,2012-11-02 03:30:15.03
"2012/11/12","02:45:45.67","eq","l",2.54,"l",35.93117,-117.66117,2.4,"A",15243993,67,2144,2012-11-12 02:45:45.67
"2012/11/12","17:51:18.68","eq","l",2.58,"l",35.50817,-116.24983,-0.9,"A",15244225,33,2178,2012-11-12 17:51:18.68
"2012/11/13","00:19:16.49","eq","l",2.94,"l",35.51067,-116.24617,-0.9,"A",15244329,43,2250,2012-11-13 00:19:16.49
"2012/11/16","04:44:36.98","eq","l",2.7,"l",34.76183,-117.494,1.3,"A",15245897,77,2303,2012-11-16 04:44:36.98
"2012/11/23","02:08:21.16","eq","l",2.67,"l",35.35717,-118.63633,4.4,"A",11207426,87,2203,2012-11-23 02:08:21.16
"2012/11/27","00:16:32.81","eq","l",2.54,"l",36.09317,-117.8465,1.5,"A",11209122,52,1511,2012-11-27 00:16:32.81
"2012/11/27","15:17:21.36","eq","l",2.99,"l",35.78467,-117.26667,5.8,"A",11209634,84,2250,2012-11-27 15:17:21.36
"2012/11/30","10:40:03.30","eq","l",3.69,"l",36.09083,-117.84717,1.3,"A",15252921,92,2404,2012-11-30 10:40:03.3
"2012/12/02","10:20:34.92","eq","l",3.64,"l",36.09033,-117.845,1.5,"A",15254617,78,2400,2012-12-02 10:20:34.92
"2012/12/03","02:12:24.50","eq","l",2.72,"l",36.08867,-117.84517,1.4,"A",15255161,63,2140,2012-12-03 02:12:24.5
"2012/12/05","05:15:31.23","eq","l",2.66,"l",34.504,-118.8355,14,"A",15257233,110,2288,2012-12-05 05:15:31.23
"2012/12/05","13:36:38.40","eq","l",2.99,"l",36.0895,-117.846,1.3,"A",15257521,70,2248,2012-12-05 13:36:38.4
"2012/12/07","12:16:06.09","eq","l",2.51,"l",36.09683,-117.848,1.5,"A",15259361,65,2096,2012-12-07 12:16:06.09
"2012/12/09","14:13:38.16","eq","l",2.69,"l",36.2245,-118.3175,5.7,"A",15260945,63,2107,2012-12-09 14:13:38.16
"2012/12/11","05:30:17.16","eq","l",2.57,"l",34.5035,-118.84217,14.5,"A",15262025,104,2251,2012-12-11 05:30:17.16
"2012/12/12","17:45:42.16","eq","l",2.71,"l",36.09317,-117.846,2.1,"A",15262857,60,2163,2012-12-12 17:45:42.16
"2012/12/30","11:52:35.11","eq","l",3.45,"l",36.15217,-118.0605,-0.3,"A",15268969,52,2372,2012-12-30 11:52:35.11
"2012/12/30","12:25:45.57","eq","l",2.68,"l",36.14433,-118.05817,-1.7,"A",15268985,62,2113,2012-12-30 12:25:45.57
"2013/01/16","11:25:40.69","eq","l",3.59,"l",35.487,-118.2885,4.5,"A",15273833,128,2469,2013-01-16 11:25:40.69
"2013/01/24","21:00:15.79","eq","l",2.53,"l",34.84,-118.978,14.5,"A",15277225,68,2163,2013-01-24 21:00:15.79
"2013/02/03","22:14:26.59","eq","l",2.68,"l",35.805,-118.504,3.3,"A",15281081,68,2175,2013-02-03 22:14:26.59
"2013/02/11","17:24:04.25","eq","l",2.68,"l",36.49433,-116.576,3.2,"A",11242938,24,1949,2013-02-11 17:24:04.25
"2013/02/12","19:27:48.41","eq","l",3,"l",34.78117,-118.6295,8.2,"A",11243394,110,2396,2013-02-12 19:27:48.41
"2013/02/14","07:40:56.76","eq","l",3.01,"l",34.78617,-118.6265,8.7,"A",11244474,168,2396,2013-02-14 07:40:56.76
"2013/02/19","09:55:26.84","eq","l",2.82,"l",34.62717,-116.62167,5.2,"A",11246650,156,2312,2013-02-19 09:55:26.84
"2013/03/01","21:55:27.58","eq","l",4.14,"w",35.82983,-116.79967,7.7,"A",15292545,109,2340,2013-03-01 21:55:27.58
"2013/03/21","10:07:05.14","eq","l",2.77,"l",35.9455,-117.665,1,"A",15311217,71,2233,2013-03-21 10:07:05.14
"2013/03/22","11:50:14.67","eq","l",2.5,"l",35.71917,-117.51767,10.9,"A",15312049,62,2224,2013-03-22 11:50:14.67
"2013/03/28","06:03:41.12","eq","l",2.58,"l",36.01367,-117.81333,0.4,"A",11274154,54,2158,2013-03-28 06:03:41.12
"2013/04/05","11:51:06.27","eq","l",2.62,"l",36.04817,-117.86133,0.8,"A",11279714,56,2180,2013-04-05 11:51:06.27
"2013/04/07","20:45:18.09","eq","l",3.22,"l",34.7115,-116.287,0.7,"A",11281434,99,2388,2013-04-07 20:45:18.09
"2013/04/08","06:59:10.29","eq","l",2.92,"l",36.40417,-117.84133,0.8,"A",11281706,71,2223,2013-04-08 06:59:10.29
"2013/04/08","14:22:51.02","eq","l",2.89,"l",34.71,-116.29,1.4,"A",11281850,42,2256,2013-04-08 14:22:51.02
"2013/04/14","09:42:34.59","eq","l",2.67,"l",34.59317,-118.6255,8.5,"A",11284746,120,2298,2013-04-14 09:42:34.59
"2013/04/15","13:21:18.11","eq","l",3.11,"l",35.49133,-118.39383,8.4,"A",11285426,115,2393,2013-04-15 13:21:18.11
"2013/04/16","22:43:42.93","eq","l",2.7,"l",36.1775,-117.85183,-0.1,"A",11286026,63,1792,2013-04-16 22:43:42.93
"2013/04/16","22:56:43.84","eq","l",2.54,"l",36.1785,-117.84967,0.4,"A",11286034,57,2052,2013-04-16 22:56:43.84
"2013/04/17","00:20:05.34","eq","l",2.6,"l",36.17317,-117.851,0.5,"A",11286074,46,2065,2013-04-17 00:20:05.34
"2013/04/25","16:00:38.21","eq","l",2.56,"l",36.176,-117.85133,1,"A",15332497,60,2078,2013-04-25 16:00:38.21
"2013/05/01","01:56:02.00","eq","l",3.17,"l",36.17367,-117.85383,-0.5,"A",15335745,73,2296,2013-05-01 01:56:02
"2013/05/01","11:29:24.38","eq","l",2.74,"l",34.77233,-118.93183,14.2,"A",15335849,98,2257,2013-05-01 11:29:24.38
"2013/05/01","11:29:31.02","eq","l",2.62,"l",34.7625,-118.92817,13,"A",37113436,32,2140,2013-05-01 11:29:31.02
"2013/05/26","01:58:30.73","eq","l",3.3,"l",35.1615,-116.84,1.9,"A",15349113,94,2435,2013-05-26 01:58:30.73
"2013/06/01","15:06:01.35","eq","l",3.17,"l",36.213,-117.911,-0.6,"A",15352569,66,2280,2013-06-01 15:06:01.35
"2013/06/02","19:14:38.12","eq","l",2.63,"l",34.56317,-116.49667,1.6,"A",15353001,103,2206,2013-06-02 19:14:38.12
"2013/06/04","21:02:02.47","eq","l",2.5,"l",36.21667,-117.91233,1.2,"A",15354529,56,1991,2013-06-04 21:02:02.47
"2013/06/11","18:57:19.76","eq","l",2.61,"l",35.56383,-118.5225,0.2,"A",15358689,66,2199,2013-06-11 18:57:19.76
"2013/06/22","10:30:50.94","eq","l",2.87,"l",34.61817,-116.66317,6.2,"A",11323506,176,2300,2013-06-22 10:30:50.94
"2013/07/22","17:34:33.78","eq","l",2.63,"l",34.8345,-118.95133,13.1,"A",11338050,45,2207,2013-07-22 17:34:33.78
"2013/07/24","16:46:02.63","eq","l",4.29,"l",35.486,-118.2875,5.5,"A",11339042,124,2459,2013-07-24 16:46:02.63
"2013/07/24","17:13:46.33","eq","l",2.74,"l",35.4835,-118.28517,1.3,"A",11339082,89,2258,2013-07-24 17:13:46.33
"2013/07/28","17:31:43.79","eq","l",3.18,"l",35.48233,-118.28783,2.5,"A",11340658,79,2364,2013-07-28 17:31:43.79
"2013/07/30","00:37:36.45","eq","l",2.83,"l",35.482,-118.286,6,"A",11341522,60,2268,2013-07-30 00:37:36.45
"2013/08/04","05:30:55.14","eq","l",3.91,"l",36.14033,-118.06617,-1.5,"A",11344050,67,2466,2013-08-04 05:30:55.14
"2013/08/04","05:43:48.06","eq","l",2.97,"l",36.1435,-118.07183,-0.5,"A",11344090,61,2231,2013-08-04 05:43:48.06
"2013/08/05","09:58:42.13","eq","l",2.76,"l",34.99167,-118.5345,7,"A",11344834,151,2336,2013-08-05 09:58:42.13
"2013/08/12","07:32:34.96","eq","l",3.75,"l",36.0215,-117.776,0.1,"A",11348882,88,2407,2013-08-12 07:32:34.96
"2013/08/16","14:40:25.88","eq","l",3.32,"l",35.48233,-118.287,4,"B",11351498,96,2390,2013-08-16 14:40:25.88
"2013/08/20","07:11:54.49","eq","l",3.09,"l",35.48167,-118.28733,1.5,"A",15394377,83,2259,2013-08-20 07:11:54.49
"2013/08/20","08:27:23.58","eq","l",2.56,"l",34.72083,-118.5585,9.9,"A",15394457,77,2199,2013-08-20 08:27:23.58
"2013/08/24","18:48:15.44","eq","l",2.81,"l",35.47033,-118.5225,-0.4,"A",15396321,67,2194,2013-08-24 18:48:15.44
"2013/08/25","12:00:21.86","eq","l",2.87,"l",34.68717,-117.1875,6.7,"A",15396745,155,2232,2013-08-25 12:00:21.86
"2013/08/25","18:50:28.71","eq","l",4.19,"w",35.48033,-118.28533,1.2,"A",15396881,120,2312,2013-08-25 18:50:28.71
"2013/08/25","18:59:18.92","eq","l",3.6,"l",35.479,-118.2885,2.4,"A",15396897,104,2270,2013-08-25 18:59:18.92
"2013/08/25","23:41:32.21","eq","l",2.61,"l",35.485,-118.28467,3.8,"A",15397129,81,2172,2013-08-25 23:41:32.21
"2013/08/27","15:45:25.32","eq","l",2.54,"l",35.931,-117.6335,2.5,"A",15397945,51,2150,2013-08-27 15:45:25.32
"2013/08/29","23:40:55.15","eq","l",2.65,"l",36.20867,-117.89017,3.6,"C",15399249,60,2082,2013-08-29 23:40:55.15
"2013/09/09","10:32:16.26","eq","l",2.78,"l",36.11883,-117.69333,0.8,"A",11361658,65,2164,2013-09-09 10:32:16.26
"2013/09/10","22:49:58.80","eq","l",3.16,"l",35.7645,-117.60367,9.6,"A",11362618,75,2420,2013-09-10 22:49:58.8
"2013/09/21","18:22:19.95","eq","l",2.51,"l",35.65983,-118.47067,9.7,"A",11367970,69,2147,2013-09-21 18:22:19.95
"2013/09/23","16:56:34.41","eq","l",2.81,"l",35.87117,-116.749,0.5,"A",11369034,47,2190,2013-09-23 16:56:34.41
"2013/10/06","02:06:21.88","eq","l",4.28,"l",34.70917,-116.29383,0.8,"A",11373458,116,2330,2013-10-06 02:06:21.88
"2013/10/06","02:28:58.39","eq","l",2.5,"l",34.69817,-116.29567,1.8,"A",11373498,68,2155,2013-10-06 02:28:58.39
"2013/10/06","16:41:51.37","eq","l",3.64,"l",34.7105,-116.29483,1.7,"A",11373818,122,2251,2013-10-06 16:41:51.37
"2013/10/06","16:42:45.46","eq","l",2.89,"l",34.7135,-116.29783,1.6,"A",11373826,48,2236,2013-10-06 16:42:45.46
"2013/10/06","22:34:27.75","eq","l",2.7,"l",34.7145,-116.29167,1.5,"A",11373994,67,2155,2013-10-06 22:34:27.75
"2013/10/07","20:54:28.68","eq","l",2.6,"l",35.98617,-117.29067,4.2,"B",11374402,50,2134,2013-10-07 20:54:28.68
"2013/10/08","02:45:53.51","eq","l",2.65,"l",35.98917,-117.28933,3.1,"A",11374578,57,2149,2013-10-08 02:45:53.51
"2013/10/10","01:34:23.16","eq","l",3.4,"l",35.65917,-118.4725,9.4,"A",11375690,99,2281,2013-10-10 01:34:23.16
"2013/10/14","05:33:32.56","eq","l",2.78,"l",36.15133,-118.07133,1.3,"A",11377490,48,2089,2013-10-14 05:33:32.56
"2013/10/15","07:07:06.30","eq","l",3.17,"l",36.15167,-118.06833,2.1,"A",11378394,76,2275,2013-10-15 07:07:06.3
"2013/11/02","18:23:10.83","eq","l",3.19,"l",34.70767,-116.29233,0.5,"A",11386842,124,2378,2013-11-02 18:23:10.83
"2013/11/18","14:39:05.33","eq","l",2.64,"l",36.11783,-117.69783,0.1,"A",11392650,54,2118,2013-11-18 14:39:05.33
"2013/11/20","15:48:43.08","eq","l",2.87,"l",35.40433,-118.40067,9.7,"A",11393450,78,2233,2013-11-20 15:48:43.08
"2013/11/22","21:53:20.96","eq","l",2.74,"l",36.02783,-117.768,0.8,"A",11394162,65,2158,2013-11-22 21:53:20.96
"2013/12/05","02:15:04.54","eq","l",3.19,"l",36.13817,-118.06433,-0.1,"A",15441265,72,2247,2013-12-05 02:15:04.54
"2013/12/05","04:25:56.50","eq","l",2.63,"l",36.141,-118.063,0,"A",15441289,58,2066,2013-12-05 04:25:56.5
"2013/12/06","10:51:28.91","eq","l",2.61,"l",36.04617,-117.47983,3.3,"A",15441753,46,2079,2013-12-06 10:51:28.91
"2013/12/11","14:38:55.45","eq","l",2.55,"l",34.94167,-116.677,0.5,"A",15443001,55,2108,2013-12-11 14:38:55.45
"2013/12/12","13:40:18.54","eq","l",2.82,"l",35.40433,-118.397,10.1,"A",15443329,59,2195,2013-12-12 13:40:18.54
"2013/12/23","13:39:26.30","eq","l",4.3,"h",36.1405,-118.06483,0.9,"A",15447161,54,2438,2013-12-23 13:39:26.3
"2013/12/23","14:01:30.86","eq","l",3.4,"l",36.14033,-118.06883,-0.3,"A",15447217,58,2315,2013-12-23 14:01:30.86
"2013/12/23","14:03:35.81","eq","l",2.61,"l",36.14133,-118.071,-1.2,"A",15447233,36,2102,2013-12-23 14:03:35.81
"2013/12/23","14:18:35.30","eq","l",2.54,"l",36.14333,-118.06,0.9,"A",15447257,39,2040,2013-12-23 14:18:35.3
"2013/12/23","18:03:50.12","eq","l",3.11,"l",36.1425,-118.06717,-0.5,"A",15447473,60,2252,2013-12-23 18:03:50.12
"2013/12/23","18:24:47.88","eq","l",2.97,"l",36.1445,-118.05967,-0.8,"A",15447505,79,2189,2013-12-23 18:24:47.88
"2013/12/23","18:36:32.13","eq","l",3.02,"l",36.138,-118.05667,-0.6,"A",15447513,63,2186,2013-12-23 18:36:32.13
"2013/12/23","18:56:01.70","eq","l",3.31,"l",36.14433,-118.06867,-1.2,"A",15447537,71,2279,2013-12-23 18:56:01.7
"2013/12/25","05:00:52.36","eq","l",3.27,"l",36.228,-118.32967,3.3,"A",11405530,67,2270,2013-12-25 05:00:52.36
"2013/12/25","12:29:47.46","eq","l",2.62,"l",36.14583,-118.0665,-0.2,"A",11405682,53,2049,2013-12-25 12:29:47.46
"2013/12/26","05:17:32.15","eq","l",2.54,"l",36.1355,-118.063,3.3,"C",11406074,52,2025,2013-12-26 05:17:32.15
"2013/12/27","17:55:36.23","eq","l",2.76,"l",36.14183,-118.0675,-1.4,"A",11406586,51,2099,2013-12-27 17:55:36.23
"2014/01/01","15:47:16.46","eq","l",3.02,"l",35.66467,-118.469,9.4,"A",11408690,99,2237,2014-01-01 15:47:16.46
"2014/01/08","09:50:46.05","eq","l",2.57,"l",34.94883,-116.78667,9.4,"A",11411562,81,2103,2014-01-08 09:50:46.05
"2014/01/18","06:37:37.20","eq","l",3.15,"l",36.39417,-116.93583,8.1,"A",11415114,42,2124,2014-01-18 06:37:37.2
"2014/01/27","23:35:33.75","eq","l",3.39,"l",35.3125,-118.49633,6.6,"A",11418410,93,2335,2014-01-27 23:35:33.75
"2014/01/29","09:22:52.91","eq","l",2.84,"l",35.311,-118.49333,6.9,"A",11418882,74,2204,2014-01-29 09:22:52.91
"2014/02/10","08:30:24.04","eq","l",2.84,"l",35.47517,-118.27867,3.1,"A",11422786,65,2145,2014-02-10 08:30:24.04
"2014/02/20","00:34:41.60","eq","l",3.68,"l",35.30817,-118.49017,2.7,"A",37189912,79,2111,2014-02-20 00:34:41.6
"2014/03/02","16:11:54.43","eq","l",2.87,"l",35.30617,-118.48517,7.1,"A",15471521,52,2090,2014-03-02 16:11:54.43
"2014/03/04","22:42:55.60","eq","l",3.29,"l",35.96183,-117.29967,6.1,"A",15472201,50,2195,2014-03-04 22:42:55.6
"2014/03/04","22:49:32.79","eq","l",3.78,"l",35.961,-117.29767,5.6,"A",15472217,51,2315,2014-03-04 22:49:32.79
"2014/03/04","22:51:03.07","eq","l",3.01,"l",35.96317,-117.30033,5.4,"A",15472225,42,2297,2014-03-04 22:51:03.07
"2014/03/05","21:29:58.90","eq","l",2.92,"l",35.95517,-117.301,6.3,"A",15472905,48,2120,2014-03-05 21:29:58.9
"2014/03/05","21:58:02.37","eq","l",2.58,"l",35.95,-117.3035,4.2,"A",15472937,57,2003,2014-03-05 21:58:02.37
"2014/03/07","17:58:31.54","eq","l",3.13,"l",35.9495,-117.30267,6.1,"A",15473569,65,2199,2014-03-07 17:58:31.54
"2014/03/09","02:27:16.26","eq","l",2.65,"l",36.0495,-117.57367,1.3,"A",15473937,58,2008,2014-03-09 02:27:16.26
"2014/03/09","18:59:48.51","eq","l",3.13,"l",36.1045,-117.84483,1.9,"A",15474201,70,2159,2014-03-09 18:59:48.51
"2014/03/11","10:03:08.58","eq","l",2.62,"l",35.47683,-118.28067,4.3,"A",15474825,68,2026,2014-03-11 10:03:08.58
"2014/03/13","02:11:04.03","eq","l",4.39,"w",36.11167,-118.055,-1.3,"A",15475329,109,2350,2014-03-13 02:11:04.03
"2014/03/13","02:14:18.78","eq","l",2.61,"l",36.11667,-118.05217,-0.4,"A",15475345,52,2001,2014-03-13 02:14:18.78
"2014/03/13","02:26:29.53","eq","l",2.95,"l",36.10967,-118.055,-0.8,"A",15475385,72,2056,2014-03-13 02:26:29.53
"2014/03/14","09:42:14.27","eq","l",2.55,"l",36.11217,-118.05517,-0.1,"A",15475953,49,1915,2014-03-14 09:42:14.27
"2014/03/15","15:12:19.86","eq","l",3.92,"l",34.61383,-118.63117,7.9,"A",15476409,240,2376,2014-03-15 15:12:19.86
"2014/03/23","04:21:36.67","eq","l",2.53,"l",34.87433,-116.81383,7.1,"A",15479113,60,2093,2014-03-23 04:21:36.67
"2014/03/23","14:12:02.50","eq","l",2.55,"l",35.94633,-117.70317,2.7,"A",15479265,53,2026,2014-03-23 14:12:02.5
"2014/03/25","13:10:18.35","eq","l",2.6,"l",35.94683,-117.7025,2.5,"A",15480049,56,2029,2014-03-25 13:10:18.35
"2014/03/26","23:50:53.14","eq","l",3.15,"l",36.016,-117.53867,1.9,"A",15480609,57,2240,2014-03-26 23:50:53.14
"2014/03/30","19:18:25.92","eq","l",2.87,"l",36.01483,-117.53917,1.4,"A",15483649,64,2205,2014-03-30 19:18:25.92
"2014/03/30","20:35:38.87","eq","l",2.81,"l",36.105,-118.05433,-1.6,"A",15483665,69,2144,2014-03-30 20:35:38.87
"2014/03/31","17:28:38.74","eq","l",2.61,"l",36.01133,-117.54133,1.3,"A",15484113,53,2120,2014-03-31 17:28:38.74
"2014/04/08","19:06:19.33","eq","l",3.01,"l",35.669,-118.4655,9.1,"A",15487297,117,2130,2014-04-08 19:06:19.33
"2014/04/19","12:15:13.01","eq","l",4.24,"l",35.46633,-118.521,-0.8,"A",37214496,108,2308,2014-04-19 12:15:13.01
"2014/04/19","17:22:04.01","eq","l",2.75,"l",36.0905,-118.26233,5.3,"A",37214608,49,2148,2014-04-19 17:22:04.01
"2014/04/20","01:27:54.78","eq","l",2.5,"l",35.466,-118.52283,1.5,"A",37214808,60,2148,2014-04-20 01:27:54.78
"2014/04/20","05:12:18.16","eq","l",3.14,"l",35.46617,-118.52183,2.7,"A",37214944,68,2248,2014-04-20 05:12:18.16
"2014/04/28","01:23:22.47","eq","l",2.54,"l",35.31717,-117.65383,6.4,"A",37217960,72,2202,2014-04-28 01:23:22.47
"2014/04/29","01:49:03.26","eq","l",2.83,"l",35.97533,-117.87317,3,"A",37218344,65,2174,2014-04-29 01:49:03.26
"2014/04/30","13:16:31.30","eq","l",2.65,"l",34.59667,-116.613,5.9,"A",37218752,82,2185,2014-04-30 13:16:31.3
"2014/05/06","10:48:19.83","eq","l",3.51,"l",35.44967,-118.3485,4.1,"A",37220384,103,2224,2014-05-06 10:48:19.83
"2014/05/07","13:08:43.66","eq","l",2.55,"l",35.30617,-118.48867,7,"A",15498697,85,2154,2014-05-07 13:08:43.66
"2014/05/27","19:30:51.69","eq","l",3.03,"l",34.99083,-116.8665,2.8,"A",15506089,61,2341,2014-05-27 19:30:51.69
"2014/05/31","10:16:02.19","eq","l",2.6,"l",35.02233,-117.5945,-0.1,"A",15507289,68,2296,2014-05-31 10:16:02.19
"2014/06/02","09:46:48.31","eq","l",2.6,"l",36.12183,-118.03083,-0.8,"A",15507921,60,2121,2014-06-02 09:46:48.31
"2014/06/03","13:51:55.43","eq","l",2.61,"l",36.11217,-118.05483,-1,"A",15508313,50,2140,2014-06-03 13:51:55.43
"2014/06/05","13:19:40.46","eq","l",3.12,"l",35.33633,-118.56033,8.7,"A",15509041,105,2383,2014-06-05 13:19:40.46
"2014/06/11","09:38:05.72","eq","l",3.62,"w",35.0025,-116.91567,1.4,"A",15510833,189,2560,2014-06-11 09:38:05.72
"2014/06/12","07:46:18.37","eq","l",2.85,"l",36.192,-118.14083,2.5,"A",15511097,54,2222,2014-06-12 07:46:18.37
"2014/06/15","04:30:26.01","eq","l",3.01,"l",36.1925,-118.14083,1.3,"A",15512169,69,2267,2014-06-15 04:30:26.01
"2014/06/16","11:48:41.41","eq","l",2.85,"l",36.19383,-118.14033,0.6,"A",15512529,53,2216,2014-06-16 11:48:41.41
"2014/06/27","15:17:23.95","eq","l",3.78,"l",35.39933,-118.47467,2.6,"A",37236856,125,2350,2014-06-27 15:17:23.95
"2014/06/28","06:06:15.44","eq","l",3.03,"l",35.143,-118.16683,6.4,"A",37237048,130,2375,2014-06-28 06:06:15.44
"2014/06/30","04:30:55.47","eq","l",3.1,"l",36.1835,-118.32167,2.8,"A",37237584,63,2342,2014-06-30 04:30:55.47
"2014/07/01","09:04:43.12","eq","l",3.03,"l",36.13433,-117.965,3.1,"A",37238128,64,2361,2014-07-01 09:04:43.12
"2014/07/02","01:39:57.93","eq","l",2.79,"l",36.139,-117.96167,2,"A",37238496,59,2286,2014-07-02 01:39:57.93
"2014/07/02","18:32:17.74","eq","l",3.1,"l",36.13533,-117.9635,2.8,"A",37238872,63,2412,2014-07-02 18:32:17.74
"2014/07/04","11:22:17.81","eq","l",2.65,"l",36.13533,-117.968,2.9,"A",15520113,56,2316,2014-07-04 11:22:17.81
"2014/07/05","19:05:46.13","eq","l",3.01,"l",36.133,-117.96667,2.6,"A",15521265,48,2397,2014-07-05 19:05:46.13
"2014/07/06","00:54:56.80","eq","l",3.4,"l",36.13783,-117.96583,2.7,"A",15521601,59,2566,2014-07-06 00:54:56.8
"2014/07/09","07:04:47.70","eq","l",3.63,"l",36.43433,-116.9325,8.2,"A",15524177,26,740,2014-07-09 07:04:47.7
"2014/07/14","10:49:10.67","eq","l",2.65,"l",35.349,-117.77867,1.5,"A",15526481,77,2416,2014-07-14 10:49:10.67
"2014/07/18","01:04:57.63","eq","l",2.73,"l",35.36867,-118.55517,6.4,"A",15527809,91,2414,2014-07-18 01:04:57.63
"2014/07/20","19:43:22.24","eq","l",3.24,"l",35.51383,-116.24183,1.6,"A",37248768,37,2400,2014-07-20 19:43:22.24
"2014/07/20","19:48:38.64","eq","l",3,"l",35.5105,-116.2445,-0.2,"A",37248784,25,2363,2014-07-20 19:48:38.64
"2014/07/27","10:46:39.61","eq","l",2.55,"l",36.0765,-117.85817,-0.1,"A",15531617,43,2355,2014-07-27 10:46:39.61
"2014/07/27","21:34:21.93","eq","l",2.77,"l",36.0785,-117.85667,0.2,"A",15531785,48,2426,2014-07-27 21:34:21.93
"2014/07/30","12:57:47.82","eq","l",2.74,"l",36.29567,-118.35133,0,"A",15532777,50,2386,2014-07-30 12:57:47.82
"2014/08/03","08:03:58.65","eq","l",2.82,"l",34.54117,-116.27017,4.5,"A",15534049,81,2549,2014-08-03 08:03:58.65
"2014/08/03","12:00:22.69","eq","l",2.62,"l",35.47067,-118.80567,12,"A",15534081,73,2424,2014-08-03 12:00:22.69
"2014/08/09","16:46:29.37","eq","l",3.17,"l",35.17433,-118.66433,11,"A",15536505,111,2749,2014-08-09 16:46:29.37
"2014/08/12","05:06:29.42","eq","l",2.98,"l",36.14333,-118.0555,0.4,"A",15537393,80,2576,2014-08-12 05:06:29.42
"2014/08/12","20:58:50.16","eq","l",3.16,"l",35.98967,-116.0725,5.5,"A",15537721,56,632,2014-08-12 20:58:50.16
"2014/09/05","20:47:09.76","eq","l",2.57,"l",34.6965,-116.2435,3.5,"A",37264960,57,2547,2014-09-05 20:47:09.76
"2014/09/08","04:18:56.74","eq","l",3.64,"l",34.518,-118.7825,13.6,"A",37265672,213,2670,2014-09-08 04:18:56.74
"2014/09/12","12:20:04.53","eq","l",3.3,"l",35.407,-117.7995,9.4,"A",37267296,114,2677,2014-09-12 12:20:04.53
"2014/09/15","00:56:56.28","eq","l",3.18,"l",35.916,-118.00867,8.2,"A",37268088,87,2644,2014-09-15 00:56:56.28
"2014/09/20","00:33:21.32","eq","l",3.1,"l",36.04967,-117.85933,0.3,"A",37042559,91,2645,2014-09-20 00:33:21.32
"2014/09/25","04:05:54.72","eq","l",2.8,"l",34.6935,-116.2435,3.4,"A",37044311,54,2569,2014-09-25 04:05:54.72
"2014/10/06","11:35:21.85","eq","l",3.68,"l",35.66883,-117.52517,8.1,"A",37048183,112,2676,2014-10-06 11:35:21.85
"2014/10/17","13:03:49.00","eq","l",3.09,"l",35.01783,-116.508,6.3,"A",37279904,125,2670,2014-10-17 13:03:49
"2014/10/19","12:26:16.01","eq","l",2.58,"l",36.22983,-118.32217,1.2,"A",37280376,45,2485,2014-10-19 12:26:16.01
"2014/10/25","14:31:15.08","eq","l",3.61,"l",36.13017,-118.05183,-1.8,"A",37282264,101,2714,2014-10-25 14:31:15.08
"2014/10/25","21:48:29.30","eq","l",2.9,"l",34.932,-116.72533,10.1,"A",37282360,58,2657,2014-10-25 21:48:29.3
"2014/10/30","05:38:24.45","eq","l",3.01,"l",35.979,-116.0745,0.7,"A",37283792,45,2538,2014-10-30 05:38:24.45
"2014/11/16","13:43:44.93","eq","l",2.69,"l",36.11267,-117.362,-0.1,"C",37061471,37,2552,2014-11-16 13:43:44.93
"2014/11/18","19:33:36.97","eq","l",2.93,"l",36.11533,-117.36383,0.5,"A",37062191,54,2649,2014-11-18 19:33:36.97
"2014/11/24","20:15:33.53","eq","l",2.6,"l",36.11783,-117.365,1.3,"A",37063943,56,2580,2014-11-24 20:15:33.53
"2014/12/06","12:23:19.50","eq","l",3.46,"l",34.82033,-116.41533,2.5,"A",37066951,114,2681,2014-12-06 12:23:19.5
"2014/12/07","12:59:05.80","eq","l",3.09,"l",36.00317,-117.9105,4.5,"A",37067415,82,2655,2014-12-07 12:59:05.8
"2014/12/07","13:08:39.01","eq","l",2.76,"l",36.003,-117.90983,3.1,"A",37067439,70,2592,2014-12-07 13:08:39.01
"2014/12/30","00:12:02.71","eq","l",3.47,"l",35.93667,-117.22217,6.3,"A",37300152,66,2695,2014-12-30 00:12:02.71
"2014/12/31","06:27:41.91","eq","l",3.11,"l",34.61017,-118.63533,8.1,"A",37300496,71,2627,2014-12-31 06:27:41.91
"2015/01/03","16:01:25.71","eq","l",2.77,"l",35.34117,-118.56833,9.3,"A",37301560,64,2546,2015-01-03 16:01:25.71
"2015/01/04","02:58:10.81","eq","l",3.03,"l",34.61017,-118.6355,8.3,"A",37301696,82,2615,2015-01-04 02:58:10.81
"2015/01/04","03:18:09.48","eq","l",4.25,"w",34.61733,-118.63017,7.8,"A",37301704,133,2889,2015-01-04 03:18:09.48
"2015/01/04","09:43:56.20","eq","l",2.51,"l",34.60467,-118.6405,8.3,"A",37301936,68,2558,2015-01-04 09:43:56.2
"2015/01/05","07:18:46.59","eq","l",2.6,"l",35.6215,-116.61233,2.5,"A",37302216,34,346,2015-01-05 07:18:46.59
"2015/01/27","08:16:39.12","eq","l",3.45,"l",34.7505,-118.44667,8.4,"A",37309384,189,2743,2015-01-27 08:16:39.12
"2015/01/28","14:54:00.59","eq","l",2.85,"l",35.49033,-118.29967,3.3,"A",37309848,71,2664,2015-01-28 14:54:00.59
"2015/01/31","02:26:43.83","eq","l",2.51,"l",36.079,-117.884,0.1,"A",37310928,63,2554,2015-01-31 02:26:43.83
"2015/02/02","16:48:25.32","eq","l",2.66,"l",36.03683,-117.788,-0.1,"C",37311912,78,2584,2015-02-02 16:48:25.32
"2015/02/05","04:32:03.68","eq","l",2.6,"l",35.49033,-118.2955,1.5,"A",37313072,78,2559,2015-02-05 04:32:03.68
"2015/02/07","19:45:49.27","eq","l",2.69,"l",36.03833,-117.59033,0.3,"A",37313952,66,2600,2015-02-07 19:45:49.27
"2015/02/20","11:15:56.85","eq","l",2.6,"l",36.06283,-117.59383,-0.1,"A",37097711,54,2542,2015-02-20 11:15:56.85
"2015/03/14","11:52:19.75","eq","l",3.2,"l",34.57717,-116.268,1.1,"A",37338184,211,2663,2015-03-14 11:52:19.75
"2015/03/24","04:46:19.41","eq","l",3.56,"l",35.26733,-118.58,10,"A",37347128,187,2731,2015-03-24 04:46:19.41
"2015/03/25","02:40:40.29","eq","l",2.61,"l",36.03033,-117.615,0.3,"A",37347888,42,2548,2015-03-25 02:40:40.29
"2015/03/30","09:21:56.69","eq","l",4.04,"l",34.79117,-116.26117,2.9,"A",37352384,214,2951,2015-03-30 09:21:56.69
"2015/03/30","11:29:58.26","eq","l",2.84,"l",35.67567,-118.25667,10,"A",37352440,69,2666,2015-03-30 11:29:58.26
"2015/04/24","01:56:35.74","eq","l",2.56,"l",34.87967,-118.8345,1.7,"A",37150975,83,2603,2015-04-24 01:56:35.74
"2015/04/25","11:18:05.48","eq","l",2.62,"l",35.85817,-116.64283,0.9,"A",37151487,54,2602,2015-04-25 11:18:05.48
"2015/04/27","13:49:18.21","eq","l",2.57,"l",34.99217,-116.93833,5.9,"A",37152303,84,2678,2015-04-27 13:49:18.21
"2015/05/02","11:13:28.00","eq","l",2.5,"l",36.00567,-117.718,2,"A",37373608,62,2600,2015-05-02 11:13:28
"2015/05/05","00:26:46.57","eq","l",2.6,"l",36.04117,-117.60867,1.5,"A",37374928,67,2598,2015-05-05 00:26:46.57
"2015/05/09","06:18:32.63","eq","l",2.65,"l",36.0415,-117.60867,1.4,"A",37377184,73,2601,2015-05-09 06:18:32.63
"2015/05/18","02:48:12.69","eq","l",2.63,"l",35.8485,-117.58717,4.7,"A",37164103,53,2618,2015-05-18 02:48:12.69
"2015/05/27","03:15:38.94","eq","l",2.58,"l",36.01883,-117.36683,5.4,"A",37388024,59,2604,2015-05-27 03:15:38.94
"2015/05/29","06:32:17.22","eq","l",2.67,"l",36.00783,-117.71833,2,"A",37389552,59,2628,2015-05-29 06:32:17.22
"2015/06/01","14:40:22.41","eq","l",2.9,"l",35.85633,-117.68917,3,"A",37391776,55,2708,2015-06-01 14:40:22.41
"2015/06/02","01:31:11.55","eq","l",3.51,"l",35.8595,-117.68883,3.1,"A",37392152,76,2838,2015-06-02 01:31:11.55
"2015/06/02","13:20:29.16","eq","l",3.46,"l",35.862,-117.6855,2.8,"A",37392440,83,2813,2015-06-02 13:20:29.16
"2015/06/04","15:12:49.19","eq","l",3.52,"l",35.48233,-118.42383,4,"A",37393496,107,2922,2015-06-04 15:12:49.19
"2015/06/05","06:11:16.74","eq","l",3.31,"l",35.86267,-117.69033,3.4,"A",37393840,78,2878,2015-06-05 06:11:16.74
"2015/06/08","15:28:32.40","eq","l",2.94,"l",36.1305,-117.85617,1.6,"A",37395552,58,2666,2015-06-08 15:28:32.4
"2015/06/08","22:08:10.60","eq","l",2.53,"l",35.06617,-118.35683,7.3,"A",37395840,86,2681,2015-06-08 22:08:10.6
"2015/06/10","09:41:46.25","eq","l",2.54,"l",34.51583,-118.90317,-0.2,"A",37396632,105,2676,2015-06-10 09:41:46.25
"2015/06/14","18:34:52.28","eq","l",3.63,"l",35.72167,-117.599,8.9,"A",37400032,176,2976,2015-06-14 18:34:52.28
"2015/06/19","02:21:24.94","eq","l",2.62,"l",34.92117,-116.91667,1.6,"A",37403536,75,2687,2015-06-19 02:21:24.94
"2015/06/20","20:22:14.73","eq","l",2.67,"l",34.69733,-116.24383,2.9,"A",37404840,54,2645,2015-06-20 20:22:14.73
"2015/06/26","07:21:15.82","eq","l",2.52,"l",35.39433,-116.8925,9.8,"A",37408704,44,2605,2015-06-26 07:21:15.82
"2015/07/05","05:57:18.28","eq","l",2.94,"l",36.12833,-117.8555,3.5,"A",37198247,68,2704,2015-07-05 05:57:18.28
"2015/07/05","07:59:39.06","eq","l",2.52,"l",36.13,-117.8555,3.8,"A",37198303,43,2561,2015-07-05 07:59:39.06
"2015/07/14","17:01:25.25","eq","l",2.54,"l",34.9175,-116.897,2.8,"A",37206743,67,2688,2015-07-14 17:01:25.25
"2015/07/22","20:51:14.78","eq","l",2.88,"l",36.22617,-118.32217,3.7,"A",37211663,61,2581,2015-07-22 20:51:14.78
"2015/07/27","21:43:13.85","eq","l",2.57,"l",36.06083,-117.54117,0.9,"A",37214663,61,2607,2015-07-27 21:43:13.85
"2015/08/09","16:32:01.81","eq","l",2.5,"l",36.27467,-118.3535,4.2,"A",37223719,50,2442,2015-08-09 16:32:01.81
"2015/08/09","17:43:48.05","eq","l",2.56,"l",36.27733,-118.353,2.7,"A",37223759,50,2488,2015-08-09 17:43:48.05
"2015/08/23","17:26:15.52","eq","l",2.65,"l",35.48133,-118.425,4,"A",37231743,81,2651,2015-08-23 17:26:15.52
"2015/09/15","08:57:33.46","eq","l",2.8,"l",34.71283,-116.29917,5.3,"A",37242887,41,2031,2015-09-15 08:57:33.46
"2015/09/25","09:39:42.58","eq","l",2.56,"l",34.8425,-118.9635,14.8,"A",37248607,110,2550,2015-09-25 09:39:42.58
"2015/10/03","23:31:36.85","eq","l",2.74,"l",34.82917,-116.34533,7.4,"A",37252855,51,2662,2015-10-03 23:31:36.85
"2015/11/01","02:18:15.12","eq","l",2.85,"l",35.57983,-116.2715,2.1,"A",37266543,29,2603,2015-11-01 02:18:15.12
"2015/11/02","14:04:31.50","eq","l",2.65,"l",36.032,-117.77967,1.2,"A",37267119,46,2540,2015-11-02 14:04:31.5
"2015/11/06","09:08:44.98","eq","l",2.58,"l",35.08567,-116.64233,0.8,"A",37486336,55,2610,2015-11-06 09:08:44.98
"2015/11/09","10:26:48.72","eq","l",2.89,"l",35.08717,-116.6415,1,"A",37487976,62,2740,2015-11-09 10:26:48.72
"2015/11/12","15:27:19.47","eq","l",2.67,"l",35.07567,-118.29783,2.8,"A",37271903,89,2642,2015-11-12 15:27:19.47
"2015/11/30","22:08:58.73","eq","l",2.6,"l",34.69933,-116.24067,3.1,"A",37279503,43,2580,2015-11-30 22:08:58.73
"2015/12/06","11:19:12.55","eq","l",2.64,"l",36.22183,-117.886,2.3,"A",37499016,67,2607,2015-12-06 11:19:12.55
"2015/12/26","08:04:31.15","eq","l",3.74,"w",35.21217,-117.28083,3.1,"A",37506064,190,2872,2015-12-26 08:04:31.15
"2015/12/26","11:55:16.43","eq","l",3.78,"w",35.2115,-117.28,2.6,"A",37506120,202,2876,2015-12-26 11:55:16.43
"2015/12/27","18:31:18.03","eq","l",4.25,"w",35.21433,-117.2815,3.2,"A",37506472,203,2924,2015-12-27 18:31:18.03
"2015/12/29","19:51:55.21","eq","l",3,"l",36.14617,-117.98167,0.8,"A",37507424,122,2636,2015-12-29 19:51:55.21
"2016/01/03","09:51:13.57","eq","l",2.7,"l",35.67567,-118.253,9.1,"A",37509896,67,2619,2016-01-03 09:51:13.57
"2016/01/12","18:39:53.79","eq","l",2.59,"l",34.69333,-116.241,1.9,"A",37295103,54,2606,2016-01-12 18:39:53.79
"2016/01/12","18:40:35.35","eq","l",2.65,"l",34.696,-116.23767,2.3,"A",37295111,53,2622,2016-01-12 18:40:35.35
"2016/01/12","19:11:41.23","eq","l",2.88,"l",34.69533,-116.23633,2.8,"A",37295151,38,2697,2016-01-12 19:11:41.23
"2016/01/13","00:38:07.17","eq","l",2.6,"l",34.69333,-116.23233,2.9,"A",37295287,47,2635,2016-01-13 00:38:07.17
"2016/01/13","06:53:53.27","eq","l",2.54,"l",34.693,-116.238,2.6,"A",37295359,54,2597,2016-01-13 06:53:53.27
"2016/01/14","04:23:58.85","eq","l",3.61,"lr",35.40567,-117.80983,6.9,"A",37295831,91,2883,2016-01-14 04:23:58.85
"2016/01/14","06:01:43.12","eq","l",2.59,"l",35.40633,-117.80233,6.8,"A",37295895,76,2609,2016-01-14 06:01:43.12
"2016/01/14","17:26:38.73","eq","l",3.34,"l",35.405,-117.81017,6.7,"A",37296047,126,2845,2016-01-14 17:26:38.73
"2016/01/15","03:01:46.67","eq","l",2.5,"l",35.40117,-117.81433,7.2,"A",37296287,70,2573,2016-01-15 03:01:46.67
"2016/01/16","12:28:31.03","eq","l",2.92,"l",34.69367,-116.239,2.6,"A",37296935,55,2647,2016-01-16 12:28:31.03
"2016/01/19","08:25:35.37","eq","l",2.92,"l",34.6955,-116.2345,2.8,"A",37297695,54,2632,2016-01-19 08:25:35.37
"2016/01/19","10:21:06.95","eq","l",3.65,"w",34.692,-116.23683,2.4,"A",37297743,61,2809,2016-01-19 10:21:06.95
"2016/01/19","14:34:28.97","eq","l",2.99,"l",34.69083,-116.237,2.3,"A",37297831,60,2710,2016-01-19 14:34:28.97
"2016/01/20","13:43:09.97","eq","l",3.16,"l",34.69133,-116.23667,1.4,"A",37298055,61,2742,2016-01-20 13:43:09.97
"2016/01/20","14:54:19.80","eq","l",2.55,"l",34.691,-116.2405,2.8,"A",37298071,47,2573,2016-01-20 14:54:19.8
"2016/01/20","18:38:58.88","eq","l",2.63,"l",34.68917,-116.24333,2,"A",37298111,44,2612,2016-01-20 18:38:58.88
"2016/01/20","21:15:09.62","eq","l",2.87,"l",34.68917,-116.2395,2.5,"A",37298159,56,2665,2016-01-20 21:15:09.62
"2016/01/21","22:33:27.79","eq","l",2.57,"l",34.689,-116.2425,1.7,"A",37298527,45,2645,2016-01-21 22:33:27.79
"2016/01/24","15:17:39.02","eq","l",2.77,"l",34.69583,-116.2385,3,"A",37299255,47,2705,2016-01-24 15:17:39.02
"2016/01/24","15:32:16.36","eq","l",4.11,"w",34.69717,-116.23917,2.6,"A",37299263,79,2901,2016-01-24 15:32:16.36
"2016/01/24","21:45:50.55","eq","l",2.68,"l",34.69783,-116.23417,2.8,"A",37299407,52,2664,2016-01-24 21:45:50.55
"2016/02/01","09:57:50.91","eq","l",2.52,"l",35.07617,-118.9815,8.6,"A",37301679,70,2516,2016-02-01 09:57:50.91
"2016/02/02","02:51:52.45","eq","l",2.87,"l",35.9615,-117.46367,5.2,"A",37301863,59,2704,2016-02-02 02:51:52.45
"2016/02/04","21:08:39.31","eq","l",2.87,"l",35.40183,-117.81433,6.7,"A",37520472,79,2767,2016-02-04 21:08:39.31
"2016/02/07","03:47:36.46","eq","l",2.58,"l",36.0325,-117.7685,1.2,"A",37521248,58,2573,2016-02-07 03:47:36.46
"2016/02/17","08:41:58.39","eq","l",2.88,"l",36.0055,-117.89,2.9,"A",37525128,61,2699,2016-02-17 08:41:58.39
"2016/02/18","18:54:32.51","eq","l",2.79,"l",34.79417,-117.59033,8.2,"A",37525896,129,2851,2016-02-18 18:54:32.51
"2016/02/20","06:13:20.33","eq","l",4.31,"w",34.60983,-116.62883,6.7,"A",37526424,256,2863,2016-02-20 06:13:20.33
"2016/02/20","21:42:31.17","eq","l",3.23,"l",36.23417,-117.517,3.8,"A",37526720,96,2738,2016-02-20 21:42:31.17
"2016/02/20","21:42:45.52","eq","l",2.66,"l",36.23183,-117.51533,6.6,"A",37136796,20,2760,2016-02-20 21:42:45.52
"2016/02/23","01:03:13.87","eq","l",2.95,"l",36.27,-118.01767,-0.4,"A",37527632,116,2726,2016-02-23 01:03:13.87
"2016/02/23","03:06:45.17","eq","l",3.48,"l",34.69467,-116.23683,2.5,"A",37527656,176,2904,2016-02-23 03:06:45.17
"2016/02/23","03:19:52.94","eq","l",4.1,"w",34.69433,-116.24283,2.4,"A",37527664,167,2955,2016-02-23 03:19:52.94
"2016/02/23","03:27:35.86","eq","l",2.88,"l",34.69333,-116.24617,3.1,"A",37527672,54,2746,2016-02-23 03:27:35.86
"2016/02/23","22:59:32.98","eq","l",2.64,"l",34.69133,-116.24417,2.9,"A",37528032,44,2705,2016-02-23 22:59:32.98
"2016/02/24","09:34:51.33","eq","l",2.77,"l",34.68667,-116.242,3,"A",37528216,55,2703,2016-02-24 09:34:51.33
"2016/02/28","09:54:48.32","eq","l",2.74,"l",35.99867,-117.44317,4.5,"A",37312519,57,2688,2016-02-28 09:54:48.32
"2016/03/03","00:08:46.85","eq","l",2.83,"l",34.69583,-116.24517,2.7,"A",37313719,50,2704,2016-03-03 00:08:46.85
"2016/03/03","13:10:28.11","eq","l",2.63,"l",34.82383,-116.40733,4.5,"A",37313927,56,2691,2016-03-03 13:10:28.11
"2016/03/12","21:16:09.83","eq","l",2.77,"l",35.92967,-117.949,4.2,"A",37535040,60,2695,2016-03-12 21:16:09.83
"2016/03/12","21:16:27.01","eq","l",2.72,"l",35.92783,-117.94933,3.7,"A",37535048,46,2599,2016-03-12 21:16:27.01
"2016/03/17","19:31:00.56","eq","l",2.62,"l",35.44,-118.35017,3,"A",37536640,74,2653,2016-03-17 19:31:00.56
"2016/03/18","04:58:05.69","eq","l",3.11,"l",35.3325,-118.55217,8.1,"A",37536784,103,2737,2016-03-18 04:58:05.69
"2016/03/18","04:58:22.89","eq","l",2.55,"l",35.3465,-118.56717,10.6,"A",37137916,14,2625,2016-03-18 04:58:22.89
"2016/03/20","22:12:09.64","eq","l",2.55,"l",35.53083,-116.4205,3.8,"A",37537888,26,2605,2016-03-20 22:12:09.64
"2016/03/25","04:06:17.75","eq","l",2.88,"l",34.59533,-116.59983,6.3,"A",37322527,104,2751,2016-03-25 04:06:17.75
"2016/04/06","11:58:41.09","eq","l",3.21,"l",34.6745,-117.4805,7.3,"A",37328087,208,2910,2016-04-06 11:58:41.09
"2016/04/12","07:35:23.41","eq","l",3.11,"l",36.07333,-117.65967,3.2,"A",37548408,65,2797,2016-04-12 07:35:23.41
"2016/04/15","05:46:33.59","eq","l",2.85,"l",35.24033,-116.92017,9.1,"A",37549896,53,2776,2016-04-15 05:46:33.59
"2016/04/20","19:51:32.23","eq","l",2.74,"l",35.03083,-116.9135,3,"A",37551904,59,2770,2016-04-20 19:51:32.23
"2016/04/23","10:59:06.41","eq","l",2.67,"l",34.614,-118.63417,10,"A",37335807,139,2821,2016-04-23 10:59:06.41
"2016/05/13","14:50:39.81","eq","l",3.49,"l",36.37683,-117.4655,1.3,"A",37566648,59,2919,2016-05-13 14:50:39.81
"2016/05/15","13:56:47.31","eq","l",2.92,"l",35.00933,-118.4845,7.9,"A",37568120,132,2909,2016-05-15 13:56:47.31
"2016/06/02","05:47:18.49","eq","l",2.51,"l",34.713,-116.03517,3,"A",37366711,49,2689,2016-06-02 05:47:18.49
"2016/06/02","09:23:52.12","eq","l",3.31,"l",34.717,-116.03317,2.8,"A",37367055,56,2955,2016-06-02 09:23:52.12
"2016/06/02","11:11:22.90","eq","l",3.24,"l",34.71783,-116.03533,3,"A",37367207,69,2935,2016-06-02 11:11:22.9
"2016/06/07","07:15:02.76","eq","l",2.61,"l",34.72783,-117.21917,1.7,"A",37371839,137,2789,2016-06-07 07:15:02.76
"2016/06/17","20:59:34.20","eq","l",2.74,"l",35.541,-117.2935,2,"A",37390271,53,2765,2016-06-17 20:59:34.2
"2016/06/21","00:04:44.63","eq","l",2.52,"l",36.04067,-117.363,2.3,"A",37393631,56,2649,2016-06-21 00:04:44.63
"2016/06/29","00:50:08.91","eq","l",2.92,"l",35.11433,-118.67467,9.4,"A",37615896,100,2822,2016-06-29 00:50:08.91
"2016/07/11","15:16:09.03","eq","l",3,"l",35.61167,-116.29867,3.1,"A",37412335,40,2904,2016-07-11 15:16:09.03
"2016/07/11","22:12:41.34","eq","l",2.78,"l",34.93233,-116.92383,5.5,"A",37412639,66,2957,2016-07-11 22:12:41.34
"2016/07/11","23:33:15.26","eq","l",2.51,"l",34.93133,-116.92617,6,"A",37412727,68,2822,2016-07-11 23:33:15.26
"2016/07/12","07:11:45.99","eq","l",2.55,"l",34.9325,-116.9275,5.9,"A",37413103,77,2849,2016-07-12 07:11:45.99
"2016/07/12","19:47:49.53","eq","l",2.51,"l",34.932,-116.925,5.9,"A",37413431,73,2836,2016-07-12 19:47:49.53
"2016/07/15","12:27:06.89","eq","l",2.68,"l",35.00833,-118.48467,8.3,"A",37415991,124,2881,2016-07-15 12:27:06.89
"2016/08/09","04:24:56.59","eq","l",2.78,"l",36.032,-117.771,1.6,"A",37439567,59,2779,2016-08-09 04:24:56.59
"2016/08/18","03:39:54.83","eq","l",3.53,"w",36.39933,-117.86533,1.7,"A",37449175,65,3061,2016-08-18 03:39:54.83
"2016/08/19","10:01:09.60","eq","l",2.58,"l",35.6155,-116.3005,0.7,"A",37665024,34,195,2016-08-19 10:01:09.6
"2016/08/20","23:44:37.92","eq","l",3.08,"l",35.98967,-117.92133,4.2,"A",37666480,68,2862,2016-08-20 23:44:37.92
"2016/08/27","12:14:30.84","eq","l",2.94,"l",35.03233,-118.44433,3.5,"A",37674048,132,3012,2016-08-27 12:14:30.84
"2016/08/28","05:45:46.02","eq","l",2.66,"l",34.74583,-118.76833,12.4,"A",37674728,130,2905,2016-08-28 05:45:46.02
"2016/09/03","04:31:17.44","eq","l",3.47,"l",36.398,-117.86817,1.7,"A",37468263,62,2993,2016-09-03 04:31:17.44
"2016/09/22","23:39:42.97","eq","l",2.7,"l",35.23583,-118.57783,6.9,"A",37697712,106,2718,2016-09-22 23:39:42.97
"2016/09/25","01:41:22.85","eq","l",3.37,"l",35.898,-117.68317,2.6,"A",37699176,170,3023,2016-09-25 01:41:22.85
"2016/09/29","12:59:29.73","eq","l",3.04,"l",35.89767,-117.684,2.4,"A",37705224,75,2961,2016-09-29 12:59:29.73
"2016/10/17","02:42:14.44","eq","l",2.83,"l",35.238,-118.58167,7.2,"A",37718912,92,2900,2016-10-17 02:42:14.44
"2016/10/30","03:47:38.48","eq","l",2.8,"l",35.8675,-116.12267,1.6,"A",37514087,39,408,2016-10-30 03:47:38.48
"2016/11/02","03:19:48.33","eq","l",2.55,"l",35.336,-118.55683,7.8,"A",37516215,95,2784,2016-11-02 03:19:48.33
"2016/11/03","14:04:05.73","eq","l",2.55,"l",35.33833,-118.55917,8,"A",37517151,89,2883,2016-11-03 14:04:05.73
"2016/11/17","06:29:55.15","eq","l",2.59,"l",35.2305,-118.636,2.7,"A",37743128,87,2810,2016-11-17 06:29:55.15
"2016/11/20","09:44:44.78","eq","l",2.74,"l",36.00917,-117.805,1.5,"A",37745464,63,2899,2016-11-20 09:44:44.78
"2016/11/21","17:47:54.16","eq","l",2.61,"l",36.11783,-117.87583,2.8,"A",37746480,58,2829,2016-11-21 17:47:54.16
"2016/11/25","15:26:54.53","eq","l",2.55,"l",36.115,-117.87833,2.6,"A",37749504,57,2818,2016-11-25 15:26:54.53
"2016/11/28","09:11:41.67","eq","l",2.87,"l",36.11233,-117.87617,2.5,"A",37751936,68,2869,2016-11-28 09:11:41.67
"2016/11/29","11:00:02.22","eq","l",2.53,"l",35.403,-118.21383,7.8,"A",37752712,93,2849,2016-11-29 11:00:02.22
"2016/12/09","20:19:28.11","eq","l",2.57,"l",35.40283,-118.215,8.1,"A",37761192,88,2865,2016-12-09 20:19:28.11
"2016/12/26","01:43:17.10","eq","l",2.87,"l",34.56333,-116.2435,5,"A",37770960,71,2891,2016-12-26 01:43:17.1
"2016/12/26","14:19:33.01","eq","l",2.53,"l",35.6105,-117.45483,3.2,"A",37771160,67,2744,2016-12-26 14:19:33.01
"2017/01/02","22:20:30.28","eq","l",2.67,"l",36.0235,-117.78417,1.9,"A",37779296,58,2760,2017-01-02 22:20:30.28
"2017/01/04","06:11:25.56","eq","l",2.52,"l",34.9825,-116.83633,2.1,"A",37780240,66,2809,2017-01-04 06:11:25.56
"2017/01/08","12:22:19.23","eq","l",2.81,"l",34.663,-116.2125,4.9,"A",37782368,65,2833,2017-01-08 12:22:19.23
"2017/01/31","05:02:00.17","eq","l",2.77,"l",35.123,-118.1895,7.5,"A",37576023,115,2926,2017-01-31 05:02:00.17
"2017/02/15","06:15:11.35","eq","l",3.39,"w",35.203,-117.28083,1.6,"A",37583871,77,3093,2017-02-15 06:15:11.35
"2017/03/12","13:05:31.53","eq","l",2.5,"l",35.3005,-117.43867,2.6,"A",37825824,75,2878,2017-03-12 13:05:31.53
"2017/03/26","22:33:00.02","eq","l",2.5,"l",35.7165,-116.5295,0.8,"A",37612951,35,2711,2017-03-26 22:33:00.02
"2017/03/27","01:45:55.32","eq","l",3.56,"l",36.16583,-118.723,11.4,"A",37612991,47,3001,2017-03-27 01:45:55.32
"2017/03/30","03:37:47.10","eq","l",2.86,"l",36.0365,-117.58717,2.4,"A",37844208,60,2914,2017-03-30 03:37:47.1
"2017/04/05","11:46:59.78","eq","l",2.58,"l",36.154,-117.8415,7.4,"A",37849736,70,2829,2017-04-05 11:46:59.78
"2017/04/09","22:51:12.10","eq","l",2.56,"l",35.3615,-118.58667,4.5,"A",37853576,83,2815,2017-04-09 22:51:12.1
"2017/04/24","17:41:24.67","eq","l",3.13,"l",35.56783,-118.33117,2.8,"A",37865792,82,3067,2017-04-24 17:41:24.67
"2017/05/07","01:10:43.36","eq","l",2.77,"l",34.63583,-116.22283,2.8,"A",37641447,60,2775,2017-05-07 01:10:43.36
"2017/05/13","14:17:48.34","eq","l",2.99,"l",34.589,-116.604,5.5,"A",37645231,103,3068,2017-05-13 14:17:48.34
"2017/05/25","15:22:53.55","eq","l",3.41,"l",36.18117,-117.846,2.4,"A",37654463,62,3071,2017-05-25 15:22:53.55
"2017/05/25","15:42:51.50","eq","l",3.71,"w",36.18133,-117.8455,2.5,"A",37654479,59,3148,2017-05-25 15:42:51.5
"2017/05/30","04:14:44.76","eq","l",3.45,"w",34.86383,-118.96433,0.2,"A",37656959,178,3167,2017-05-30 04:14:44.76
"2017/06/04","00:06:56.93","eq","l",3.64,"l",35.3975,-117.71283,7.4,"A",37661159,120,3144,2017-06-04 00:06:56.93
"2017/06/08","07:58:11.38","eq","l",2.98,"l",36.00217,-117.87383,2.2,"A",37664623,85,2977,2017-06-08 07:58:11.38
"2017/06/08","08:19:02.10","eq","l",2.98,"l",36.00367,-117.87417,2.5,"A",37664663,76,2935,2017-06-08 08:19:02.1
"2017/06/08","08:30:40.08","eq","l",3.25,"l",36.00433,-117.87433,2.6,"A",37664695,79,3053,2017-06-08 08:30:40.08
"2017/06/11","07:34:36.24","eq","l",2.86,"l",34.84283,-118.95383,11.7,"A",37669271,133,2996,2017-06-11 07:34:36.24
"2017/06/18","06:11:15.20","eq","l",2.98,"l",35.44417,-118.40867,1.6,"A",37912472,112,3055,2017-06-18 06:11:15.2
"2017/07/04","13:42:09.80","eq","l",3.19,"l",34.84983,-118.96383,2.2,"A",37925536,147,3072,2017-07-04 13:42:09.8
"2017/07/16","13:27:49.24","eq","l",3.43,"w",34.96983,-117.42717,1.8,"A",37704759,139,3127,2017-07-16 13:27:49.24
"2017/07/21","23:24:08.70","eq","l",2.64,"l",36.471,-116.551,2.4,"A",37708959,42,210,2017-07-21 23:24:08.7
"2017/07/23","04:53:49.98","eq","l",2.74,"l",35.37517,-117.81533,2.4,"A",37710311,66,2843,2017-07-23 04:53:49.98
"2017/07/24","10:48:31.62","eq","l",2.51,"l",35.67567,-118.08,8.9,"A",37711223,60,2820,2017-07-24 10:48:31.62
"2017/07/28","00:48:48.69","eq","l",3.47,"l",35.6225,-118.1495,9.1,"A",37714887,102,3095,2017-07-28 00:48:48.69
"2017/07/28","03:40:17.88","eq","l",2.67,"l",35.44983,-118.41233,2,"A",37715111,74,2840,2017-07-28 03:40:17.88
"2017/08/18","23:57:25.23","eq","l",2.72,"l",35.08733,-118.2935,5.6,"A",37977752,109,2969,2017-08-18 23:57:25.23
"2017/08/22","12:12:39.08","eq","l",2.73,"l",35.13817,-116.5205,9.7,"A",37980096,49,2910,2017-08-22 12:12:39.08
"2017/08/22","19:51:59.45","eq","l",4.12,"w",35.90433,-116.92233,6.1,"A",37980632,76,3215,2017-08-22 19:51:59.45
"2017/08/22","21:25:34.86","eq","l",2.6,"l",35.903,-116.92283,6.7,"A",37980680,48,2878,2017-08-22 21:25:34.86
"2017/08/27","19:46:55.11","eq","l",3.43,"l",34.506,-118.64217,17.6,"A",37985792,279,3191,2017-08-27 19:46:55.11
"2017/09/02","19:30:48.40","eq","l",2.97,"l",36.00983,-117.809,1.3,"A",37753607,68,2890,2017-09-02 19:30:48.4
"2017/09/19","18:34:13.02","eq","l",3.19,"l",36.019,-117.76733,1.6,"A",38006480,64,3072,2017-09-19 18:34:13.02
"2017/09/19","18:45:43.78","eq","l",3.65,"l",36.01933,-117.76983,1.8,"A",38006496,79,3164,2017-09-19 18:45:43.78
"2017/11/17","10:40:56.87","eq","l",2.91,"l",35.69633,-118.3895,4.3,"A",37813399,84,3000,2017-11-17 10:40:56.87
"2017/11/21","04:08:16.81","eq","l",2.76,"l",35.85917,-117.815,4.2,"A",37815783,64,2949,2017-11-21 04:08:16.81
"2017/11/21","23:49:57.85","eq","l",2.97,"l",35.69567,-118.3875,4.1,"A",37816407,130,3014,2017-11-21 23:49:57.85
"2017/11/23","02:45:36.25","eq","l",2.87,"l",36.06633,-117.99717,4.5,"A",37817055,64,2889,2017-11-23 02:45:36.25
"2017/11/29","20:41:32.81","eq","l",3.11,"l",34.84517,-118.90383,9.5,"A",37820471,124,3103,2017-11-29 20:41:32.81
"2017/12/04","14:38:00.07","eq","l",2.5,"l",36.098,-117.774,6.6,"A",37822831,55,2755,2017-12-04 14:38:00.07
"2017/12/06","18:44:37.34","eq","l",2.9,"l",36.008,-117.804,1,"A",37823927,65,2974,2017-12-06 18:44:37.34
"2017/12/20","06:59:34.77","eq","l",2.87,"l",36.0045,-118.39467,3.6,"A",37833431,63,2870,2017-12-20 06:59:34.77
"2017/12/20","08:35:09.94","eq","l",2.96,"l",36.00233,-118.3965,3.3,"A",37833503,67,2865,2017-12-20 08:35:09.94
"2017/12/22","01:33:11.87","eq","l",2.65,"l",36.0035,-118.39467,3.8,"A",37834431,55,2791,2017-12-22 01:33:11.87
"2017/12/25","06:42:57.93","eq","l",3.05,"l",36.001,-118.39333,4.3,"A",37837119,66,2938,2017-12-25 06:42:57.93
"2017/12/29","18:20:54.30","eq","l",2.83,"l",34.64967,-116.32367,3.3,"A",37841239,75,2988,2017-12-29 18:20:54.3
"2018/01/02","03:49:59.54","eq","l",2.56,"l",36.393,-117.85617,0.7,"A",37845255,59,2659,2018-01-02 03:49:59.54
"2018/01/03","16:07:59.33","eq","l",2.7,"l",35.27917,-118.34267,5.3,"A",37846127,94,2937,2018-01-03 16:07:59.33
"2018/01/12","18:57:25.28","eq","l",2.68,"l",35.96067,-118.68433,14.6,"A",38086096,42,2721,2018-01-12 18:57:25.28
"2018/01/14","19:56:11.65","eq","l",3.71,"w",34.81683,-116.07333,3.8,"A",38087400,198,3174,2018-01-14 19:56:11.65
"2018/01/22","14:54:00.98","eq","l",2.95,"l",34.7025,-116.23183,3,"A",38090568,58,2999,2018-01-22 14:54:00.98
"2018/02/04","14:17:17.60","eq","l",2.7,"l",35.48117,-116.96067,6.1,"A",38099304,54,3011,2018-02-04 14:17:17.6
"2018/02/15","11:35:24.05","eq","l",3.31,"l",36.18033,-117.851,1.9,"A",38109320,66,3025,2018-02-15 11:35:24.05
"2018/02/24","02:39:20.94","eq","l",2.77,"l",36.22783,-117.40217,2.1,"A",38114680,56,2867,2018-02-24 02:39:20.94
"2018/03/01","05:25:37.18","eq","l",2.83,"l",35.14133,-117.09283,3.6,"A",37885063,71,2984,2018-03-01 05:25:37.18
"2018/03/02","16:55:04.85","eq","l",2.52,"l",36.03717,-117.34333,2.5,"A",37886839,54,2707,2018-03-02 16:55:04.85
"2018/03/11","12:35:42.07","eq","l",2.69,"l",35.832,-117.7265,3.7,"A",37892047,69,2869,2018-03-11 12:35:42.07
"2018/03/13","09:57:04.35","eq","l",2.64,"l",35.60317,-117.402,6,"A",37893367,77,2945,2018-03-13 09:57:04.35
"2018/03/14","12:27:53.95","eq","l",2.77,"l",35.94217,-117.65417,2.7,"A",37894071,67,2924,2018-03-14 12:27:53.95
"2018/03/22","22:57:55.81","eq","l",3.04,"l",36.23283,-117.5685,0.8,"A",37898863,78,2951,2018-03-22 22:57:55.81
"2018/03/23","08:49:25.84","eq","l",3.06,"l",35.3965,-117.825,7.7,"A",37899039,92,3086,2018-03-23 08:49:25.84
"2018/04/03","15:29:38.53","eq","l",2.84,"l",35.11067,-116.6195,9.2,"A",37906175,61,3077,2018-04-03 15:29:38.53
"2018/04/13","02:47:50.71","eq","l",3.29,"l",34.8525,-116.39717,1.1,"A",38148144,124,3160,2018-04-13 02:47:50.71
"2018/04/13","15:24:46.04","eq","l",3.69,"w",35.392,-118.5445,4.8,"A",38148312,194,3220,2018-04-13 15:24:46.04
"2018/04/25","06:19:24.48","eq","l",2.87,"l",34.85183,-116.3995,1.5,"A",37923007,52,3046,2018-04-25 06:19:24.48
"2018/05/21","02:21:06.03","eq","l",2.5,"l",35.30467,-118.59283,5.5,"A",37945527,88,2856,2018-05-21 02:21:06.03
"2018/06/20","01:20:32.26","eq","l",3.32,"l",34.94667,-116.74133,4.4,"A",38201136,76,3240,2018-06-20 01:20:32.26
"2018/06/25","12:06:43.81","eq","l",2.64,"l",35.5185,-118.5805,-0.9,"A",37269066,77,2863,2018-06-25 12:06:43.81
"2018/06/30","06:44:01.12","eq","l",3.13,"l",34.94083,-116.66017,9.4,"A",37272194,63,3083,2018-06-30 06:44:01.12
"2018/06/30","08:14:15.03","eq","l",3.07,"l",34.942,-116.65867,8.2,"A",37272234,61,3083,2018-06-30 08:14:15.03
"2018/06/30","08:51:43.22","eq","l",2.54,"l",34.94083,-116.65733,9.2,"A",37272282,57,2972,2018-06-30 08:51:43.22
"2018/07/04","00:44:59.94","eq","l",2.54,"l",35.982,-117.96967,4.1,"A",37274274,60,2805,2018-07-04 00:44:59.94
"2018/07/07","15:37:03.56","eq","l",3.55,"l",34.80283,-116.27883,3.1,"A",37275802,68,3223,2018-07-07 15:37:03.56
"2018/07/18","21:14:15.87","eq","l",2.69,"l",35.39533,-117.8275,7.5,"A",38224624,74,3009,2018-07-18 21:14:15.87
"2018/07/21","03:25:34.33","eq","l",2.84,"l",35.19967,-118.917,17.2,"A",38226496,88,2951,2018-07-21 03:25:34.33
"2018/07/30","18:53:35.48","eq","l",2.53,"l",35.71983,-118.4125,4.1,"A",38233400,70,2824,2018-07-30 18:53:35.48
"2018/08/01","07:28:38.05","eq","l",2.5,"l",35.3675,-118.47233,5,"A",38234728,83,2835,2018-08-01 07:28:38.05
"2018/09/16","09:39:35.90","eq","l",2.7,"l",35.4905,-118.34567,3.1,"A",38061911,91,2999,2018-09-16 09:39:35.9
"2018/09/28","15:13:57.00","eq","l",3.18,"l",35.77717,-118.2445,8.9,"A",37372850,81,3167,2018-09-28 15:13:57
"2018/10/08","21:25:02.19","eq","l",3.23,"l",36.0675,-118,2.9,"A",38317720,93,3139,2018-10-08 21:25:02.19
"2018/10/25","09:41:25.81","eq","l",3.02,"l",35.48817,-118.303,1.9,"A",37403994,105,3087,2018-10-25 09:41:25.81
"2018/10/27","13:58:18.11","eq","l",3.07,"l",35.39133,-118.54433,4.6,"A",37406098,104,3068,2018-10-27 13:58:18.11
"2018/11/06","06:35:51.55","eq","l",3.48,"l",36.14767,-118.0665,0.6,"A",38351080,64,3185,2018-11-06 06:35:51.55
"2018/11/09","04:12:24.10","eq","l",2.98,"l",35.22667,-118.87583,14.1,"A",38354872,85,3033,2018-11-09 04:12:24.1
"2018/11/14","15:56:32.45","eq","l",2.64,"l",35.99483,-117.694,2.4,"A",38362936,65,2930,2018-11-14 15:56:32.45
"2018/11/29","22:37:14.55","eq","l",2.57,"l",36.00533,-117.79967,1.7,"A",38149215,62,2847,2018-11-29 22:37:14.55
"2018/12/05","21:40:16.62","eq","l",4.2,"w",35.73033,-117.07767,0.8,"A",38386960,121,3268,2018-12-05 21:40:16.62
"2018/12/05","22:10:06.19","eq","l",3.73,"w",35.72867,-117.0745,1.7,"A",38386992,102,3246,2018-12-05 22:10:06.19
"2018/12/11","12:09:28.71","eq","l",2.69,"l",35.3725,-117.85633,2,"A",38391784,81,2824,2018-12-11 12:09:28.71
"2018/12/17","02:52:01.74","eq","l",3.62,"l",35.95683,-116.7345,-0.3,"A",38164815,60,3192,2018-12-17 02:52:01.74
"2018/12/17","18:02:39.57","eq","l",2.62,"l",36.094,-117.882,4.1,"A",38165335,65,2887,2018-12-17 18:02:39.57
"2019/01/07","05:03:06.78","eq","l",2.64,"l",34.59183,-117.42667,8.1,"A",38418576,182,2991,2019-01-07 05:03:06.78
"2019/01/11","17:43:08.56","eq","l",2.84,"l",35.08083,-118.99667,17.4,"A",38422208,97,2944,2019-01-11 17:43:08.56
"2019/01/23","14:36:47.39","eq","l",2.83,"l",36.08583,-117.61717,1.6,"A",38201111,69,2856,2019-01-23 14:36:47.39
"2019/01/31","03:13:36.09","eq","l",3.17,"l",35.365,-117.87083,2.6,"A",38213159,99,3137,2019-01-31 03:13:36.09
"2019/02/07","08:24:37.82","eq","l",3.17,"l",34.70967,-116.283,1.7,"A",37523026,127,3016,2019-02-07 08:24:37.82
"2019/02/07","14:16:39.28","eq","l",2.68,"l",34.70767,-116.28117,2.4,"A",37523202,61,2960,2019-02-07 14:16:39.28
"2019/02/07","16:14:55.28","eq","l",3.46,"w",34.7075,-116.28617,2.2,"A",37523410,133,3197,2019-02-07 16:14:55.28
"2019/02/07","16:41:24.54","eq","l",3.97,"w",34.704,-116.28617,1.6,"A",37523530,168,3230,2019-02-07 16:41:24.54
"2019/02/07","16:44:33.16","eq","l",2.68,"l",34.70533,-116.28883,2.9,"A",37523642,49,3086,2019-02-07 16:44:33.16
"2019/02/07","19:32:53.36","eq","l",2.85,"l",34.70667,-116.28317,2.3,"A",37524242,52,2992,2019-02-07 19:32:53.36
"2019/02/08","01:52:31.64","eq","l",2.73,"l",34.69933,-116.2775,2,"A",37524730,51,2991,2019-02-08 01:52:31.64
"2019/02/08","01:57:09.74","eq","l",2.94,"l",34.6975,-116.279,2,"A",37524762,53,2977,2019-02-08 01:57:09.74
"2019/02/10","04:29:27.65","eq","l",2.91,"l",34.708,-116.28483,2.1,"A",37527402,51,3000,2019-02-10 04:29:27.65
"2019/02/10","17:45:31.58","eq","l",2.84,"l",34.61383,-118.636,7.9,"A",37527874,124,3053,2019-02-10 17:45:31.58
"2019/02/17","11:36:47.63","eq","l",3.43,"l",35.28633,-118.53467,6.9,"A",37533186,111,3254,2019-02-17 11:36:47.63
"2019/02/28","07:35:50.24","eq","l",2.82,"l",36.02567,-117.70783,2.4,"A",38477600,57,2940,2019-02-28 07:35:50.24
"2019/03/18","03:09:26.92","eq","l",2.5,"l",36.0685,-117.6855,1.2,"A",38273559,62,2776,2019-03-18 03:09:26.92
"2019/03/18","04:53:54.26","eq","l",2.71,"l",36.06967,-117.68583,1.1,"A",38273623,60,2907,2019-03-18 04:53:54.26
"2019/03/20","12:06:02.36","eq","l",3.2,"l",36.068,-117.68533,0.2,"A",38277999,74,3093,2019-03-20 12:06:02.36
"2019/03/20","19:30:02.02","eq","l",2.54,"l",35.96267,-117.99067,4.9,"A",38278983,73,2888,2019-03-20 19:30:02.02
"2019/03/22","13:40:21.48","eq","l",2.51,"l",36.1275,-117.70283,0.6,"A",38281367,57,2825,2019-03-22 13:40:21.48
"2019/04/02","16:11:16.96","eq","l",2.82,"l",36.06667,-117.687,1.2,"A",37602474,65,2907,2019-04-02 16:11:16.96
"2019/04/13","09:06:58.73","eq","l",2.65,"l",36.06367,-117.69117,1,"A",38545024,66,2907,2019-04-13 09:06:58.73
"2019/04/22","08:12:50.08","eq","l",3.3,"l",35.391,-118.54483,4,"A",38555640,151,3239,2019-04-22 08:12:50.08
"2019/04/22","08:13:16.25","eq","l",2.57,"l",35.39483,-118.54933,3.6,"A",37418317,73,3050,2019-04-22 08:13:16.25
"2019/05/10","13:11:40.55","eq","l",2.81,"l",36.0715,-117.68733,1.1,"A",38587488,56,2962,2019-05-10 13:11:40.55
"2019/05/10","23:19:58.72","eq","l",2.83,"l",36.12317,-117.6695,2.1,"A",38588448,74,2976,2019-05-10 23:19:58.72
"2019/05/11","00:04:15.28","eq","l",2.61,"l",36.124,-117.66767,2.8,"A",38588544,59,2904,2019-05-11 00:04:15.28
"2019/05/13","03:23:27.72","eq","l",2.92,"l",36.12117,-117.67033,2.6,"A",38591624,71,2993,2019-05-13 03:23:27.72
"2019/05/13","20:14:42.16","eq","l",2.77,"l",36.12083,-117.67317,2.7,"A",38592608,70,2932,2019-05-13 20:14:42.16
"2019/05/13","20:45:26.94","eq","l",3.08,"l",36.1205,-117.67017,2.1,"A",38592680,88,3078,2019-05-13 20:45:26.94
"2019/05/20","00:17:42.54","eq","l",2.91,"l",35.00833,-118.36717,7.7,"A",38599720,134,3117,2019-05-20 00:17:42.54
"2019/05/22","06:53:56.26","eq","l",3.32,"l",36.11917,-117.6705,2.1,"A",38601472,84,3240,2019-05-22 06:53:56.26
"2019/05/28","02:53:07.09","eq","l",2.54,"l",36.01233,-117.80817,1.4,"A",38607032,59,2927,2019-05-28 02:53:07.09
"2019/05/28","19:54:22.72","eq","l",2.6,"l",36.2295,-118.19467,1.8,"A",38608224,57,2833,2019-05-28 19:54:22.72
"2019/05/28","21:32:51.53","eq","l",2.64,"l",36.22133,-118.19717,0.2,"A",37419189,41,2861,2019-05-28 21:32:51.53
"2019/05/29","05:19:11.70","eq","l",2.62,"l",36.226,-118.19617,-0.7,"A",38608920,64,2854,2019-05-29 05:19:11.7
"2019/06/05","17:19:35.46","eq","l",2.9,"l",36.12067,-117.66983,2.6,"A",38624800,68,3023,2019-06-05 17:19:35.46
"2019/06/06","04:05:08.84","eq","l",2.63,"l",36.123,-117.66917,2.7,"A",38626088,69,2895,2019-06-06 04:05:08.84
"2019/06/10","02:41:11.07","eq","l",3.46,"w",35.40617,-118.845,13.1,"A",38633112,114,3273,2019-06-10 02:41:11.07
"2019/06/16","01:48:53.27","eq","l",3.26,"l",36.11417,-117.673,2.4,"A",38644688,80,3222,2019-06-16 01:48:53.27
"2019/06/19","23:57:44.99","eq","l",3.15,"l",34.98967,-116.459,1.6,"A",38422639,74,3232,2019-06-19 23:57:44.99
"2019/07/02","22:03:21.14","eq","l",2.75,"l",35.05233,-118.93583,8.3,"A",38441111,100,3174,2019-07-02 22:03:21.14
"2019/07/02","22:12:07.59","eq","l",2.52,"l",35.05183,-118.93767,8.4,"A",38441127,95,3058,2019-07-02 22:12:07.59
"2019/07/02","22:21:08.62","eq","l",3.35,"l",35.05133,-118.93683,7.7,"A",38441151,173,3233,2019-07-02 22:21:08.62
"2019/07/02","22:22:52.09","eq","l",2.83,"l",35.05633,-118.936,5.1,"A",38441167,104,3162,2019-07-02 22:22:52.09
"2019/07/02","22:40:56.36","eq","l",3.44,"l",35.05033,-118.936,8.7,"A",38441215,170,3293,2019-07-02 22:40:56.36
"2019/07/04","17:02:55.34","eq","l",3.98,"w",35.70817,-117.50367,10.6,"A",38443095,127,3346,2019-07-04 17:02:55.34
"2019/07/04","17:33:49.00","eq","l",6.4,"w",35.70533,-117.50383,10.5,"A",38443183,105,3416,2019-07-04 17:33:49
"2019/07/04","17:35:01.66","eq","l",4.49,"lr",35.644,-117.56717,4.6,"A",38443191,69,3356,2019-07-04 17:35:01.66
"2019/07/04","17:35:17.43","eq","l",3.93,"lr",35.68867,-117.474,6.5,"A",37255940,22,3178,2019-07-04 17:35:17.43
"2019/07/04","17:35:46.34","eq","l",3.63,"l",35.69367,-117.437,7.7,"B",37222356,19,3142,2019-07-04 17:35:46.34
"2019/07/04","17:35:52.17","eq","l",4.28,"lr",35.687,-117.50617,1.6,"A",37218988,46,3308,2019-07-04 17:35:52.17
"2019/07/04","17:36:04.36","eq","l",3.94,"lr",35.73417,-117.57417,6.4,"A",37255980,21,3115,2019-07-04 17:36:04.36
"2019/07/04","17:36:58.95","eq","l",3.41,"l",35.72583,-117.55933,5.3,"A",37222380,27,3133,2019-07-04 17:36:58.95
"2019/07/04","17:37:01.14","eq","l",3.66,"lr",35.7105,-117.47733,1.6,"A",37222372,32,3142,2019-07-04 17:37:01.14
"2019/07/04","17:37:14.85","eq","l",3.97,"lr",35.6655,-117.516,1.6,"A",37222364,37,3148,2019-07-04 17:37:14.85
"2019/07/04","17:37:25.64","eq","l",4.01,"lr",35.67583,-117.4575,15.8,"A",37218996,38,3308,2019-07-04 17:37:25.64
"2019/07/04","17:37:46.32","eq","l",3.24,"l",35.68117,-117.52617,6.8,"A",37259580,8,3373,2019-07-04 17:37:46.32
"2019/07/04","17:37:55.50","eq","l",3.86,"lr",35.74567,-117.55167,8.3,"A",38443199,55,3352,2019-07-04 17:37:55.5
"2019/07/04","17:38:21.45","eq","l",3.73,"lr",35.714,-117.476,1.7,"A",37421941,40,3376,2019-07-04 17:38:21.45
"2019/07/04","17:38:47.76","eq","l",3.5,"l",35.6235,-117.596,8.6,"A",37222396,40,3132,2019-07-04 17:38:47.76
"2019/07/04","17:38:57.26","eq","l",3.43,"l",35.66983,-117.5295,1.9,"A",37256196,13,3150,2019-07-04 17:38:57.26
"2019/07/04","17:39:05.12","eq","l",3.25,"l",35.71683,-117.66617,5.2,"A",37259588,11,3367,2019-07-04 17:39:05.12
"2019/07/04","17:39:14.62","eq","l",2.98,"l",35.6215,-117.5945,8.8,"A",37259612,16,3349,2019-07-04 17:39:14.62
"2019/07/04","17:39:33.31","eq","l",3.11,"l",35.57433,-117.63667,6.8,"A",37222404,9,3108,2019-07-04 17:39:33.31
"2019/07/04","17:39:35.36","eq","l",3.69,"lr",35.68767,-117.49317,11,"A",38443215,60,3343,2019-07-04 17:39:35.36
"2019/07/04","17:39:51.74","eq","l",3.11,"l",35.6715,-117.54533,2.3,"B",37259660,10,3355,2019-07-04 17:39:51.74
"2019/07/04","17:40:02.25","eq","l",3.8,"lr",35.72533,-117.57083,6.6,"A",38443223,60,3343,2019-07-04 17:40:02.25
"2019/07/04","17:40:18.52","eq","l",4.13,"lr",35.707,-117.51017,8.7,"A",38443231,65,3349,2019-07-04 17:40:18.52
"2019/07/04","17:40:34.90","eq","l",3.54,"l",35.69483,-117.50183,2,"A",37222508,18,3135,2019-07-04 17:40:34.9
"2019/07/04","17:40:46.14","eq","l",3.42,"l",35.72983,-117.55483,7.7,"A",37222516,22,3132,2019-07-04 17:40:46.14
"2019/07/04","17:40:51.72","eq","l",3.13,"l",35.6805,-117.47433,7.1,"C",37259692,9,3364,2019-07-04 17:40:51.72
"2019/07/04","17:41:20.85","eq","l",3.3,"l",35.72667,-117.52883,2,"A",37421957,41,3372,2019-07-04 17:41:20.85
"2019/07/04","17:41:43.58","eq","l",3.22,"l",35.60483,-117.58433,7.3,"A",37421973,28,3369,2019-07-04 17:41:43.58
"2019/07/04","17:42:21.92","eq","l",3.2,"l",35.57667,-117.63867,6.9,"A",37421965,45,3369,2019-07-04 17:42:21.92
"2019/07/04","17:42:54.13","eq","l",3.22,"l",35.73017,-117.55867,7.8,"A",38443239,72,3312,2019-07-04 17:42:54.13
"2019/07/04","17:43:29.60","eq","l",3.5,"l",35.65483,-117.5405,9.6,"A",37421925,55,3369,2019-07-04 17:43:29.6
"2019/07/04","17:43:49.22","eq","l",3.21,"l",35.74583,-117.53467,6.3,"A",37421933,43,3369,2019-07-04 17:43:49.22
"2019/07/04","17:44:24.02","eq","l",2.77,"l",35.74783,-117.54,9.4,"A",37421981,41,3375,2019-07-04 17:44:24.02
"2019/07/04","17:44:32.82","eq","l",3.86,"lr",35.6875,-117.50717,1.5,"A",38443255,138,3339,2019-07-04 17:44:32.82
"2019/07/04","17:45:05.78","eq","l",3.03,"l",35.69767,-117.4865,2.2,"A",37421997,31,3363,2019-07-04 17:45:05.78
"2019/07/04","17:45:23.95","eq","l",3.03,"l",35.71517,-117.54733,7.2,"A",37421989,27,3369,2019-07-04 17:45:23.95
"2019/07/04","17:45:28.63","eq","l",3.21,"l",35.73483,-117.53683,10.3,"A",37222524,24,3110,2019-07-04 17:45:28.63
"2019/07/04","17:46:03.71","eq","l",2.96,"l",35.64317,-117.61017,10.1,"A",38443263,54,3330,2019-07-04 17:46:03.71
"2019/07/04","17:46:20.32","eq","l",2.56,"l",35.65633,-117.5325,1.5,"A",37222532,26,2960,2019-07-04 17:46:20.32
"2019/07/04","17:46:49.96","eq","l",3.07,"l",35.6385,-117.61083,11,"A",38443271,64,3330,2019-07-04 17:46:49.96
"2019/07/04","17:47:17.81","eq","l",3.5,"lr",35.7455,-117.5465,7.1,"A",38443279,87,3336,2019-07-04 17:47:17.81
"2019/07/04","17:47:40.97","eq","l",3.11,"l",35.726,-117.5585,3.6,"A",37222548,42,3131,2019-07-04 17:47:40.97
"2019/07/04","17:47:54.97","eq","l",3.4,"l",35.72867,-117.56067,5.2,"A",37222556,49,3122,2019-07-04 17:47:54.97
"2019/07/04","17:48:03.16","eq","l",3.27,"l",35.6365,-117.55183,6.6,"A",37222564,22,3098,2019-07-04 17:48:03.16
"2019/07/04","17:48:15.68","eq","l",3.11,"l",35.70533,-117.5245,5.5,"C",37222572,25,3080,2019-07-04 17:48:15.68
"2019/07/04","17:48:24.15","eq","l",2.96,"l",35.65933,-117.52633,2.7,"A",37222580,25,3071,2019-07-04 17:48:24.15
"2019/07/04","17:49:35.19","eq","l",2.52,"l",35.7335,-117.50683,3.9,"A",37222596,17,2861,2019-07-04 17:49:35.19
"2019/07/04","17:49:38.95","eq","l",2.57,"l",35.687,-117.49067,10.7,"A",37222668,20,2935,2019-07-04 17:49:38.95
"2019/07/04","17:50:48.29","eq","l",2.73,"l",35.738,-117.52933,7.7,"A",37222692,13,1624,2019-07-04 17:50:48.29
"2019/07/04","17:50:48.96","eq","l",2.79,"l",35.678,-117.49917,1.1,"A",38443303,29,2991,2019-07-04 17:50:48.96
"2019/07/04","17:51:46.65","eq","l",3.46,"lr",35.674,-117.5235,5.3,"A",38443287,48,3264,2019-07-04 17:51:46.65
"2019/07/04","17:52:41.70","eq","l",2.92,"l",35.72183,-117.52517,7,"A",38443295,53,3198,2019-07-04 17:52:41.7
"2019/07/04","17:54:59.56","eq","l",2.53,"l",35.63917,-117.56283,10.5,"A",38443327,45,2885,2019-07-04 17:54:59.56
"2019/07/04","17:55:30.80","eq","l",2.57,"l",35.6705,-117.52217,3.9,"A",37222876,27,2864,2019-07-04 17:55:30.8
"2019/07/04","17:57:31.46","eq","l",2.95,"l",35.6595,-117.52233,2.3,"A",38443311,52,3141,2019-07-04 17:57:31.46
"2019/07/04","17:57:43.06","eq","l",2.78,"l",35.6725,-117.47433,8.8,"A",37222932,34,2951,2019-07-04 17:57:43.06
"2019/07/04","17:58:02.64","eq","l",3.33,"l",35.702,-117.50833,4.8,"A",38443319,72,3213,2019-07-04 17:58:02.64
"2019/07/04","18:00:40.19","eq","l",2.67,"l",35.63033,-117.569,1.6,"A",38443335,51,3159,2019-07-04 18:00:40.19
"2019/07/04","18:01:01.19","eq","l",2.59,"l",35.67333,-117.51183,1.5,"A",37223148,42,2853,2019-07-04 18:01:01.19
"2019/07/04","18:01:23.18","eq","l",3.53,"lr",35.68767,-117.5085,1.3,"A",37422005,55,3255,2019-07-04 18:01:23.18
"2019/07/04","18:01:31.23","eq","l",3.42,"l",35.59783,-117.5905,6.8,"A",37223156,37,3008,2019-07-04 18:01:31.23
"2019/07/04","18:02:54.11","eq","l",2.53,"l",35.60667,-117.58217,5.8,"A",38443351,44,3153,2019-07-04 18:02:54.11
"2019/07/04","18:03:18.59","eq","l",2.85,"l",35.74783,-117.5425,6.8,"A",38443359,55,3193,2019-07-04 18:03:18.59
"2019/07/04","18:05:41.83","eq","l",2.76,"l",35.71533,-117.5295,4.5,"A",38443375,55,3201,2019-07-04 18:05:41.83
"2019/07/04","18:05:55.91","eq","l",2.61,"l",35.72667,-117.5165,9,"A",37223228,30,2898,2019-07-04 18:05:55.91
"2019/07/04","18:06:16.11","eq","l",3.79,"lr",35.66067,-117.523,2.1,"A",38443383,87,3297,2019-07-04 18:06:16.11
"2019/07/04","18:06:51.05","eq","l",2.6,"l",35.69317,-117.462,11.6,"A",37223236,21,2909,2019-07-04 18:06:51.05
"2019/07/04","18:07:09.27","eq","l",3.51,"lr",35.59917,-117.61017,2.1,"A",38443391,72,3288,2019-07-04 18:07:09.27
"2019/07/04","18:07:10.91","eq","l",3.49,"l",35.65083,-117.542,2.8,"A",37223244,18,3080,2019-07-04 18:07:10.91
"2019/07/04","18:07:20.29","eq","l",3.02,"l",35.56883,-117.6365,6.7,"A",37259964,21,3300,2019-07-04 18:07:20.29
"2019/07/04","18:07:50.81","eq","l",2.55,"l",35.7295,-117.533,7.2,"A",37223252,34,2897,2019-07-04 18:07:50.81
"2019/07/04","18:08:33.16","eq","l",3.38,"l",35.66783,-117.50617,2.3,"A",38443407,55,3294,2019-07-04 18:08:33.16
"2019/07/04","18:08:45.07","eq","l",3.55,"l",35.71083,-117.47683,1.2,"A",37223308,46,3086,2019-07-04 18:08:45.07
"2019/07/04","18:10:32.71","eq","l",3.46,"l",35.65983,-117.53483,10.2,"A",38443415,79,3279,2019-07-04 18:10:32.71
"2019/07/04","18:11:22.87","eq","l",2.69,"l",35.60033,-117.59517,7.3,"A",38443423,49,3216,2019-07-04 18:11:22.87
"2019/07/04","18:12:52.07","eq","l",3.44,"l",35.67033,-117.5605,6.9,"A",38443431,71,3252,2019-07-04 18:12:52.07
"2019/07/04","18:13:45.53","eq","l",2.89,"l",35.70033,-117.48733,11,"A",37223380,29,2993,2019-07-04 18:13:45.53
"2019/07/04","18:13:51.40","eq","l",3.5,"l",35.70817,-117.485,6.4,"A",38443439,48,3234,2019-07-04 18:13:51.4
"2019/07/04","18:15:04.97","eq","l",2.75,"l",35.61033,-117.595,4.9,"A",38443447,56,3216,2019-07-04 18:15:04.97
"2019/07/04","18:15:12.82","eq","l",3.23,"l",35.66917,-117.52033,1.8,"A",37420701,45,3231,2019-07-04 18:15:12.82
"2019/07/04","18:16:33.73","eq","l",2.94,"l",35.72517,-117.5335,6.7,"A",38443463,84,3187,2019-07-04 18:16:33.73
"2019/07/04","18:17:15.32","eq","l",2.87,"l",35.7185,-117.53367,4.9,"A",38443471,60,3169,2019-07-04 18:17:15.32
"2019/07/04","18:18:45.72","eq","l",3.38,"l",35.638,-117.611,9.4,"A",38443487,112,3201,2019-07-04 18:18:45.72
"2019/07/04","18:18:52.07","eq","l",2.98,"l",35.61233,-117.624,0,"A",37223676,18,2978,2019-07-04 18:18:52.07
"2019/07/04","18:19:08.09","eq","l",2.6,"l",35.72367,-117.5085,11.6,"A",37223684,28,2858,2019-07-04 18:19:08.09
"2019/07/04","18:21:25.34","eq","l",2.61,"l",35.67883,-117.51533,2.9,"A",38443495,57,3096,2019-07-04 18:21:25.34
"2019/07/04","18:26:03.75","eq","l",3.13,"l",35.66383,-117.5245,2.5,"A",38443519,79,3258,2019-07-04 18:26:03.75
"2019/07/04","18:27:26.77","eq","l",3.29,"l",35.67483,-117.51433,2.7,"A",38443527,74,3282,2019-07-04 18:27:26.77
"2019/07/04","18:27:59.44","eq","l",4.66,"w",35.745,-117.55217,6.6,"A",38443535,102,3361,2019-07-04 18:27:59.44
"2019/07/04","18:28:43.64","eq","l",3.75,"lr",35.66617,-117.56567,7.1,"A",38443543,78,3313,2019-07-04 18:28:43.64
"2019/07/04","18:34:49.01","eq","l",2.59,"l",35.6895,-117.48833,0.6,"A",37224604,52,2862,2019-07-04 18:34:49.01
"2019/07/04","18:35:50.89","eq","l",2.98,"l",35.60217,-117.603,4.2,"A",37229300,43,2982,2019-07-04 18:35:50.89
"2019/07/04","18:37:31.68","eq","l",2.63,"l",35.72233,-117.56433,4.1,"A",38443591,98,2985,2019-07-04 18:37:31.68
"2019/07/04","18:38:45.63","eq","l",2.58,"l",35.704,-117.4935,7.9,"A",37229572,64,2892,2019-07-04 18:38:45.63
"2019/07/04","18:39:44.44","eq","l",4.59,"w",35.60133,-117.597,2.8,"A",38443607,80,3288,2019-07-04 18:39:44.44
"2019/07/04","18:40:56.74","eq","l",3.05,"l",35.652,-117.53683,2,"A",37224612,41,2979,2019-07-04 18:40:56.74
"2019/07/04","18:41:14.27","eq","l",3.07,"l",35.67633,-117.5115,2.1,"A",38443615,46,3247,2019-07-04 18:41:14.27
"2019/07/04","18:44:25.00","eq","l",3.09,"l",35.719,-117.55867,2.1,"A",38443631,131,3229,2019-07-04 18:44:25
"2019/07/04","18:47:06.59","eq","l",4.34,"w",35.67583,-117.48533,8.5,"A",38443647,108,3325,2019-07-04 18:47:06.59
"2019/07/04","18:47:22.60","eq","l",4.02,"lr",35.6755,-117.472,10.3,"A",37421213,30,1127,2019-07-04 18:47:22.6
"2019/07/04","18:47:44.31","eq","l",3.33,"l",35.68767,-117.51467,7.9,"A",37230556,24,3087,2019-07-04 18:47:44.31
"2019/07/04","18:47:59.17","eq","l",3.22,"l",35.67083,-117.46867,10.5,"A",37230564,33,3078,2019-07-04 18:47:59.17
"2019/07/04","18:48:15.85","eq","l",2.89,"l",35.70917,-117.46567,1.8,"A",37230580,22,3039,2019-07-04 18:48:15.85
"2019/07/04","18:50:07.15","eq","l",2.75,"l",35.64117,-117.55917,9.7,"A",38443663,50,3196,2019-07-04 18:50:07.15
"2019/07/04","18:50:15.91","eq","l",3.7,"lr",35.682,-117.49617,1.3,"A",38443671,85,3289,2019-07-04 18:50:15.91
"2019/07/04","18:52:13.62","eq","l",2.78,"l",35.656,-117.53767,2.3,"A",38443679,91,3214,2019-07-04 18:52:13.62
"2019/07/04","18:52:57.56","eq","l",2.85,"l",35.66817,-117.5115,3.2,"A",37230844,13,3018,2019-07-04 18:52:57.56
"2019/07/04","18:53:03.34","eq","l",3.08,"l",35.67033,-117.547,4.9,"A",37230836,24,3051,2019-07-04 18:53:03.34
"2019/07/04","18:53:27.67","eq","l",3.36,"l",35.7285,-117.5605,7.9,"A",38443695,68,3268,2019-07-04 18:53:27.67
"2019/07/04","18:54:13.99","eq","l",4.07,"lr",35.5975,-117.59967,5.3,"A",38443703,90,3295,2019-07-04 18:54:13.99
"2019/07/04","18:54:59.09","eq","l",2.86,"l",35.67067,-117.52883,4.6,"A",37230868,36,3015,2019-07-04 18:54:59.09
"2019/07/04","18:55:27.68","eq","l",3.03,"l",35.67533,-117.4795,10.7,"A",38443711,43,3220,2019-07-04 18:55:27.68
"2019/07/04","18:56:06.42","eq","l",4.58,"w",35.716,-117.56,1.9,"A",38443719,165,3304,2019-07-04 18:56:06.42
"2019/07/04","18:56:22.03","eq","l",4.21,"lr",35.70867,-117.55417,1.2,"A",37420717,30,3280,2019-07-04 18:56:22.03
"2019/07/04","18:57:00.85","eq","l",2.89,"l",35.71817,-117.543,3,"C",37230996,6,3024,2019-07-04 18:57:00.85
"2019/07/04","18:57:15.61","eq","l",3.22,"l",35.68883,-117.52933,5.7,"C",37230948,25,3057,2019-07-04 18:57:15.61
"2019/07/04","18:57:42.06","eq","l",2.96,"l",35.71333,-117.54817,2,"A",37230908,33,3042,2019-07-04 18:57:42.06
"2019/07/04","18:57:52.44","eq","l",2.71,"l",35.67267,-117.5125,2.6,"A",37230916,18,2970,2019-07-04 18:57:52.44
"2019/07/04","18:58:07.89","eq","l",2.79,"l",35.72467,-117.558,1.9,"A",38443727,42,3178,2019-07-04 18:58:07.89
"2019/07/04","19:00:09.67","eq","l",3.22,"l",35.71117,-117.55133,2,"A",38443751,76,3235,2019-07-04 19:00:09.67
"2019/07/04","19:00:14.00","eq","l",3.14,"l",35.67733,-117.55233,5,"B",37231484,19,3027,2019-07-04 19:00:14
"2019/07/04","19:01:06.36","eq","l",2.67,"l",35.6485,-117.5375,1.6,"A",37231516,16,2949,2019-07-04 19:01:06.36
"2019/07/04","19:01:10.80","eq","l",3.03,"l",35.70867,-117.5565,2.1,"A",38443759,55,3214,2019-07-04 19:01:10.8
"2019/07/04","19:01:28.38","eq","l",2.56,"l",35.69183,-117.528,2.6,"A",37231532,30,2892,2019-07-04 19:01:28.38
"2019/07/04","19:02:24.82","eq","l",2.67,"l",35.6465,-117.54183,1.9,"A",37231540,46,2952,2019-07-04 19:02:24.82
"2019/07/04","19:10:19.82","eq","l",3.29,"l",35.694,-117.49017,1.6,"A",38443823,92,3236,2019-07-04 19:10:19.82
"2019/07/04","19:14:59.49","eq","l",3,"l",35.65483,-117.53883,2.4,"A",38443831,84,3214,2019-07-04 19:14:59.49
"2019/07/04","19:17:51.36","eq","l",2.98,"l",35.69517,-117.50967,1.5,"A",38443855,56,3241,2019-07-04 19:17:51.36
"2019/07/04","19:17:58.14","eq","l",3.26,"l",35.62683,-117.601,10.4,"A",37224620,36,3003,2019-07-04 19:17:58.14
"2019/07/04","19:20:51.76","eq","l",2.76,"l",35.64017,-117.553,1.7,"A",38443863,76,3229,2019-07-04 19:20:51.76
"2019/07/04","19:21:32.09","eq","l",4.5,"w",35.6715,-117.47883,5.2,"A",38443871,120,3331,2019-07-04 19:21:32.09
"2019/07/04","19:26:20.38","eq","l",2.72,"l",35.70633,-117.4855,2.2,"A",38443879,79,3160,2019-07-04 19:26:20.38
"2019/07/04","19:27:18.26","eq","l",2.82,"l",35.66767,-117.47683,8.1,"A",38443895,80,3187,2019-07-04 19:27:18.26
"2019/07/04","19:39:49.72","eq","l",2.7,"l",35.68133,-117.5205,6.7,"A",38443983,85,3116,2019-07-04 19:39:49.72
"2019/07/04","19:40:08.09","eq","l",2.53,"l",35.7465,-117.563,4.5,"A",37232916,54,2841,2019-07-04 19:40:08.09
"2019/07/04","19:40:29.12","eq","l",2.67,"l",35.6555,-117.52033,2,"A",38443991,64,3121,2019-07-04 19:40:29.12
"2019/07/04","19:49:04.98","eq","l",3.26,"l",35.683,-117.4895,1,"A",38444047,84,3268,2019-07-04 19:49:04.98
"2019/07/04","19:51:16.98","eq","l",3.35,"l",35.71,-117.55617,2.1,"A",38444063,89,3277,2019-07-04 19:51:16.98
"2019/07/04","19:52:13.05","eq","l",2.86,"l",35.61017,-117.58617,6.7,"A",38444071,70,3247,2019-07-04 19:52:13.05
"2019/07/04","19:56:00.50","eq","l",4.16,"w",35.66233,-117.524,1.5,"A",38444103,242,3341,2019-07-04 19:56:00.5
"2019/07/04","19:56:25.89","eq","l",3.27,"l",35.66367,-117.5225,2.1,"A",37260124,30,3359,2019-07-04 19:56:25.89
"2019/07/04","19:58:00.29","eq","l",2.63,"l",35.71217,-117.553,1.2,"A",38444119,46,2999,2019-07-04 19:58:00.29
"2019/07/04","20:01:11.16","eq","l",2.56,"l",35.69967,-117.50283,4.4,"A",37420685,84,3016,2019-07-04 20:01:11.16
"2019/07/04","20:01:32.93","eq","l",2.5,"l",35.678,-117.589,7.9,"A",38444135,47,2929,2019-07-04 20:01:32.93
"2019/07/04","20:04:17.61","eq","l",2.58,"l",35.66433,-117.52183,2.1,"A",37233108,88,2919,2019-07-04 20:04:17.61
"2019/07/04","20:06:08.25","eq","l",3.39,"l",35.69917,-117.48917,10.3,"A",38444159,103,3283,2019-07-04 20:06:08.25
"2019/07/04","20:08:02.99","eq","l",2.52,"l",35.67817,-117.5095,2.6,"A",37233404,41,2909,2019-07-04 20:08:02.99
"2019/07/04","20:11:31.44","eq","l",2.6,"l",35.683,-117.50467,1.9,"A",38444191,97,3082,2019-07-04 20:11:31.44
"2019/07/04","20:14:50.34","eq","l",3.99,"lr",35.69917,-117.5125,5.8,"A",38444215,121,3307,2019-07-04 20:14:50.34
"2019/07/04","20:17:36.83","eq","l",3.09,"l",35.7,-117.48367,1.2,"A",38444231,86,3247,2019-07-04 20:17:36.83
"2019/07/04","20:23:09.93","eq","l",3.43,"l",35.64083,-117.59733,10.4,"A",38444263,112,3253,2019-07-04 20:23:09.93
"2019/07/04","20:34:32.05","eq","l",2.62,"l",35.63933,-117.58383,8.2,"A",38444311,94,3058,2019-07-04 20:34:32.05
"2019/07/04","20:45:26.71","eq","l",3.1,"l",35.70283,-117.4775,1.3,"A",38444407,82,3216,2019-07-04 20:45:26.71
"2019/07/04","20:55:25.07","eq","l",3.4,"l",35.71167,-117.48083,2.4,"A",38444487,97,3282,2019-07-04 20:55:25.07
"2019/07/04","20:57:12.36","eq","l",2.57,"l",35.6595,-117.5355,7.1,"A",38444503,82,3093,2019-07-04 20:57:12.36
"2019/07/04","21:02:55.82","eq","l",3.47,"l",35.69,-117.48317,7.9,"A",38444543,104,3294,2019-07-04 21:02:55.82
"2019/07/04","21:07:08.53","eq","l",2.62,"l",35.59767,-117.598,4.9,"A",38444559,93,3111,2019-07-04 21:07:08.53
"2019/07/04","21:23:15.06","eq","l",2.81,"l",35.6955,-117.48917,2.6,"A",38444687,84,3148,2019-07-04 21:23:15.06
"2019/07/04","21:26:35.00","eq","l",2.98,"l",35.67483,-117.52533,9.4,"A",38444719,83,3220,2019-07-04 21:26:35
"2019/07/04","21:32:46.25","eq","l",2.65,"l",35.72883,-117.56567,7,"A",38444783,76,3091,2019-07-04 21:32:46.25
"2019/07/04","21:33:34.35","eq","l",3.15,"l",35.617,-117.58983,7.5,"A",38444791,99,3238,2019-07-04 21:33:34.35
"2019/07/04","21:40:33.42","eq","l",3.44,"l",35.67017,-117.51817,1.8,"A",38444823,110,3298,2019-07-04 21:40:33.42
"2019/07/04","21:41:59.89","eq","l",2.82,"l",35.7175,-117.53267,3.1,"A",38444847,73,3238,2019-07-04 21:41:59.89
"2019/07/04","21:46:08.50","eq","l",2.6,"l",35.59683,-117.596,4.7,"A",37235828,76,5784,2019-07-04 21:46:08.5
"2019/07/04","21:47:04.37","eq","l",3.25,"l",35.6335,-117.606,9.7,"A",38444903,105,3277,2019-07-04 21:47:04.37
"2019/07/04","22:02:35.06","eq","l",3.44,"l",35.67683,-117.51283,2.9,"A",38445015,116,3289,2019-07-04 22:02:35.06
"2019/07/04","22:05:03.21","eq","l",2.78,"l",35.65717,-117.5325,8.5,"A",38445039,60,3232,2019-07-04 22:05:03.21
"2019/07/04","22:05:22.27","eq","l",3.56,"l",35.7115,-117.477,1.3,"A",37225444,72,3030,2019-07-04 22:05:22.27
"2019/07/04","22:12:08.49","eq","l",4.43,"w",35.74633,-117.56367,5.8,"A",38445087,141,3334,2019-07-04 22:12:08.49
"2019/07/04","22:29:06.57","eq","l",2.6,"l",35.70383,-117.4965,9.1,"A",38445183,67,3088,2019-07-04 22:29:06.57
"2019/07/04","22:30:07.80","eq","l",2.51,"l",35.7025,-117.49217,1.5,"A",38445199,68,3145,2019-07-04 22:30:07.8
"2019/07/04","22:30:16.10","eq","l",2.85,"l",35.048,-118.93583,8.5,"A",38445207,103,3136,2019-07-04 22:30:16.1
"2019/07/04","22:42:21.78","eq","l",3.23,"l",35.72217,-117.5235,4.4,"A",38445295,111,3268,2019-07-04 22:42:21.78
"2019/07/04","23:07:10.71","eq","l",2.57,"l",35.70417,-117.48667,1.5,"A",38445463,73,3061,2019-07-04 23:07:10.71
"2019/07/04","23:12:40.40","eq","l",3.53,"l",35.67317,-117.47133,9,"A",38445495,92,3298,2019-07-04 23:12:40.4
"2019/07/04","23:13:05.01","eq","l",3.04,"l",35.74617,-117.5775,4.4,"A",38445503,49,3256,2019-07-04 23:13:05.01
"2019/07/04","23:34:00.63","eq","l",3.82,"l",35.66233,-117.5245,2.6,"A",37420973,37,1681,2019-07-04 23:34:00.63
"2019/07/04","23:34:02.38","eq","l",4.04,"w",35.60117,-117.61067,4.8,"A",38445703,77,3358,2019-07-04 23:34:02.38
"2019/07/04","23:42:33.83","eq","l",3.72,"w",35.74783,-117.56783,4.4,"A",38445751,96,3343,2019-07-04 23:42:33.83
"2019/07/04","23:54:36.39","eq","l",3.39,"l",35.656,-117.52333,1.7,"A",38445839,97,3286,2019-07-04 23:54:36.39
"2019/07/05","00:14:05.75","eq","l",2.79,"l",35.646,-117.54317,1.6,"A",38445935,85,3187,2019-07-05 00:14:05.75
"2019/07/05","00:18:01.41","eq","l",4.04,"w",35.77183,-117.61783,2.6,"A",38445975,105,3352,2019-07-05 00:18:01.41
"2019/07/05","00:28:48.99","eq","l",2.8,"l",35.719,-117.5465,6.6,"A",38446031,80,3157,2019-07-05 00:28:48.99
"2019/07/05","00:32:06.67","eq","l",4.02,"w",35.70333,-117.48283,1,"A",38446071,106,3337,2019-07-05 00:32:06.67
"2019/07/05","00:33:19.63","eq","l",2.59,"l",35.74317,-117.56033,5.7,"A",38446079,48,3148,2019-07-05 00:33:19.63
"2019/07/05","00:45:39.46","eq","l",3.85,"w",35.69467,-117.50833,6.2,"A",38446159,134,3327,2019-07-05 00:45:39.46
"2019/07/05","00:49:40.92","eq","l",2.52,"l",35.70967,-117.47867,1.9,"A",38446175,58,1567,2019-07-05 00:49:40.92
"2019/07/05","01:08:53.45","eq","l",3.11,"l",35.7245,-117.548,1.9,"A",38446343,93,3208,2019-07-05 01:08:53.45
"2019/07/05","01:18:13.42","eq","l",3.21,"l",35.65833,-117.52283,1.9,"A",38446391,123,3250,2019-07-05 01:18:13.42
"2019/07/05","01:58:07.29","eq","l",2.73,"l",35.71367,-117.46933,1.5,"A",38446615,76,3136,2019-07-05 01:58:07.29
"2019/07/05","02:01:41.15","eq","l",3.25,"l",35.77417,-117.6165,2.8,"A",38446639,81,3304,2019-07-05 02:01:41.15
"2019/07/05","02:01:59.01","eq","l",3.98,"w",35.64017,-117.54617,11.3,"A",38446647,110,3334,2019-07-05 02:01:59.01
"2019/07/05","02:05:19.18","eq","l",3.4,"l",35.6555,-117.52267,1.9,"A",38446671,91,3313,2019-07-05 02:05:19.18
"2019/07/05","02:13:51.87","eq","l",2.63,"l",35.63983,-117.552,10.9,"A",38446767,82,3118,2019-07-05 02:13:51.87
"2019/07/05","02:19:41.89","eq","l",3.26,"l",35.77267,-117.619,2.8,"A",38446807,97,3265,2019-07-05 02:19:41.89
"2019/07/05","02:23:55.74","eq","l",2.75,"l",35.71433,-117.4765,2.1,"A",38446831,71,3150,2019-07-05 02:23:55.74
"2019/07/05","02:59:49.90","eq","l",2.81,"l",35.65767,-117.5225,1.6,"A",38447047,76,3180,2019-07-05 02:59:49.9
"2019/07/05","03:01:13.28","eq","l",2.76,"l",35.74567,-117.567,6.8,"A",38447055,77,3152,2019-07-05 03:01:13.28
"2019/07/05","03:15:18.70","eq","l",3.24,"l",35.62983,-117.56617,4.7,"A",38447143,127,3254,2019-07-05 03:15:18.7
"2019/07/05","03:19:53.57","eq","l",3.41,"l",35.655,-117.52217,1.5,"A",38447191,97,3257,2019-07-05 03:19:53.57
"2019/07/05","03:21:33.02","eq","l",2.56,"l",35.77517,-117.61483,2.5,"A",38447207,75,3068,2019-07-05 03:21:33.02
"2019/07/05","03:25:20.63","eq","l",2.55,"l",35.69,-117.50983,6.5,"A",38447231,75,3014,2019-07-05 03:25:20.63
"2019/07/05","03:46:12.70","eq","l",2.58,"l",35.69867,-117.4845,1.5,"A",38447383,70,3056,2019-07-05 03:46:12.7
"2019/07/05","03:46:54.41","eq","l",3.14,"l",35.68117,-117.50133,1.4,"A",38447391,79,3206,2019-07-05 03:46:54.41
"2019/07/05","03:47:07.63","eq","l",2.72,"l",35.77383,-117.62117,2.4,"A",37243404,47,2884,2019-07-05 03:47:07.63
"2019/07/05","03:50:13.89","eq","l",2.52,"l",35.711,-117.47267,0.7,"A",38447407,68,3020,2019-07-05 03:50:13.89
"2019/07/05","04:11:38.57","eq","l",3.53,"w",35.722,-117.5545,2,"A",38447591,140,3296,2019-07-05 04:11:38.57
"2019/07/05","04:13:01.14","eq","l",2.62,"l",35.67883,-117.54933,7.1,"A",38447599,79,3152,2019-07-05 04:13:01.14
"2019/07/05","04:14:45.30","eq","l",3.56,"l",35.69933,-117.481,1.2,"A",38447623,105,3284,2019-07-05 04:14:45.3
"2019/07/05","04:15:29.95","eq","l",2.5,"l",35.6325,-117.56117,11.6,"A",37243828,56,2845,2019-07-05 04:15:29.95
"2019/07/05","04:33:04.90","eq","l",2.61,"l",35.658,-117.52333,2.5,"A",38447727,67,3032,2019-07-05 04:33:04.9
"2019/07/05","04:56:05.28","eq","l",2.56,"l",35.656,-117.54567,8,"A",38447911,73,3002,2019-07-05 04:56:05.28
"2019/07/05","05:01:39.75","eq","l",2.61,"l",35.57167,-117.6185,4.8,"A",38447927,74,3122,2019-07-05 05:01:39.75
"2019/07/05","05:10:37.40","eq","l",3.2,"l",35.70583,-117.47817,2.4,"A",38447999,105,3260,2019-07-05 05:10:37.4
"2019/07/05","05:18:25.38","eq","l",3.45,"w",35.769,-117.614,2.5,"A",38448031,111,3285,2019-07-05 05:18:25.38
"2019/07/05","05:29:16.00","eq","l",2.62,"l",35.646,-117.5845,12.6,"A",38448071,46,3093,2019-07-05 05:29:16
"2019/07/05","05:29:17.48","eq","l",2.67,"l",35.7505,-117.535,8.9,"A",37247972,48,2876,2019-07-05 05:29:17.48
"2019/07/05","05:40:12.15","eq","l",2.81,"l",35.677,-117.51183,2,"A",38448143,89,3168,2019-07-05 05:40:12.15
"2019/07/05","05:52:38.10","eq","l",2.52,"l",35.70367,-117.48317,1,"A",38448183,71,2997,2019-07-05 05:52:38.1
"2019/07/05","06:09:23.11","eq","l",3.65,"w",35.62283,-117.57167,7.2,"A",38448295,131,3319,2019-07-05 06:09:23.11
"2019/07/05","06:40:42.65","eq","l",3.22,"l",35.701,-117.50817,6.6,"A",38448487,101,3265,2019-07-05 06:40:42.65
"2019/07/05","06:59:00.82","eq","l",2.63,"l",35.71967,-117.54117,4.4,"A",38448591,84,3079,2019-07-05 06:59:00.82
"2019/07/05","06:59:33.61","eq","l",2.58,"l",35.67017,-117.48567,6.7,"A",38448599,71,3076,2019-07-05 06:59:33.61
"2019/07/05","07:02:22.36","eq","l",3.23,"l",35.72533,-117.56467,2.7,"A",38448631,95,3262,2019-07-05 07:02:22.36
"2019/07/05","07:27:37.11","eq","l",3.72,"w",35.75033,-117.56317,6.9,"A",38448791,145,3319,2019-07-05 07:27:37.11
"2019/07/05","07:39:13.48","eq","l",3.46,"lr",35.688,-117.4785,10.6,"A",38448863,126,3316,2019-07-05 07:39:13.48
"2019/07/05","08:00:43.32","eq","l",2.9,"l",35.74983,-117.56267,6.8,"A",38449015,97,3179,2019-07-05 08:00:43.32
"2019/07/05","08:21:04.78","eq","l",3.47,"l",35.60233,-117.60417,4.5,"A",38449191,118,3311,2019-07-05 08:21:04.78
"2019/07/05","08:46:49.71","eq","l",2.99,"l",35.69217,-117.48883,9.2,"A",38449335,111,3221,2019-07-05 08:46:49.71
"2019/07/05","08:54:02.48","eq","l",3.48,"l",35.704,-117.502,8.7,"A",38449351,130,3314,2019-07-05 08:54:02.48
"2019/07/05","09:11:20.61","eq","l",2.9,"l",35.66633,-117.52767,6.6,"A",38449503,58,3128,2019-07-05 09:11:20.61
"2019/07/05","09:46:29.08","eq","l",3.62,"l",35.64967,-117.54817,2.3,"A",38449719,125,3310,2019-07-05 09:46:29.08
"2019/07/05","10:16:34.49","eq","l",3.1,"l",35.66367,-117.50267,6.9,"A",38449919,110,3241,2019-07-05 10:16:34.49
"2019/07/05","10:27:17.70","eq","l",2.53,"l",35.7245,-117.536,6.5,"A",38449999,77,3004,2019-07-05 10:27:17.7
"2019/07/05","10:33:17.45","eq","l",2.71,"l",35.723,-117.52733,4.3,"A",38450047,73,3148,2019-07-05 10:33:17.45
"2019/07/05","10:57:26.57","eq","l",2.89,"l",35.74333,-117.54933,10.8,"A",38450215,43,3241,2019-07-05 10:57:26.57
"2019/07/05","10:59:38.92","eq","l",3.54,"w",35.602,-117.59017,2.8,"A",38450223,139,3322,2019-07-05 10:59:38.92
"2019/07/05","11:07:53.04","eq","l",5.37,"w",35.76033,-117.575,7,"A",38450263,256,3346,2019-07-05 11:07:53.04
"2019/07/05","11:08:40.19","eq","l",3.75,"lr",35.7575,-117.5715,7,"A",37260284,37,3364,2019-07-05 11:08:40.19
"2019/07/05","11:10:09.34","eq","l",3.03,"l",35.755,-117.58367,7,"A",38450271,45,3316,2019-07-05 11:10:09.34
"2019/07/05","11:11:31.81","eq","l",2.84,"l",35.7495,-117.572,5,"A",38450279,63,3229,2019-07-05 11:11:31.81
"2019/07/05","11:12:19.08","eq","l",2.71,"l",35.74967,-117.56867,3.9,"A",38450287,72,3223,2019-07-05 11:12:19.08
"2019/07/05","11:17:19.56","eq","l",2.52,"l",35.77883,-117.5665,7.1,"A",38450295,70,3040,2019-07-05 11:17:19.56
"2019/07/05","11:20:24.90","eq","l",2.59,"l",35.75867,-117.57433,7.7,"A",38450319,76,3070,2019-07-05 11:20:24.9
"2019/07/05","11:25:08.72","eq","l",2.58,"l",35.64417,-117.58817,8.9,"A",38450367,83,3058,2019-07-05 11:25:08.72
"2019/07/05","11:29:14.85","eq","l",3.03,"l",35.77233,-117.57,7.3,"A",38450415,112,3199,2019-07-05 11:29:14.85
"2019/07/05","11:29:21.53","eq","l",2.64,"l",35.76667,-117.54583,4.3,"A",37256244,27,2910,2019-07-05 11:29:21.53
"2019/07/05","11:29:34.08","eq","l",2.8,"l",35.7025,-117.48233,1.6,"A",37256252,89,2982,2019-07-05 11:29:34.08
"2019/07/05","11:31:31.37","eq","l",2.58,"l",35.75833,-117.581,6.9,"A",38450447,91,3004,2019-07-05 11:31:31.37
"2019/07/05","11:36:03.92","eq","l",3.19,"l",35.76317,-117.58383,7.9,"A",38450511,56,3256,2019-07-05 11:36:03.92
"2019/07/05","11:51:50.76","eq","l",2.64,"l",35.603,-117.60433,4.4,"A",38450631,80,3127,2019-07-05 11:51:50.76
"2019/07/05","11:58:49.20","eq","l",2.9,"l",35.64783,-117.58367,7.5,"A",38450663,59,3179,2019-07-05 11:58:49.2
"2019/07/05","12:05:10.33","eq","l",2.55,"l",35.75267,-117.581,6.6,"A",38450735,87,2969,2019-07-05 12:05:10.33
"2019/07/05","12:23:57.92","eq","l",3.35,"l",35.72383,-117.53033,3,"A",38450935,121,3272,2019-07-05 12:23:57.92
"2019/07/05","12:25:18.72","eq","l",2.5,"l",35.7455,-117.56567,3.2,"A",38450943,84,3134,2019-07-05 12:25:18.72
"2019/07/05","12:37:18.14","eq","l",2.86,"l",35.7185,-117.55067,1.6,"A",38451063,53,3263,2019-07-05 12:37:18.14
"2019/07/05","12:38:30.02","eq","l",4.09,"w",35.77167,-117.57067,6.8,"A",38451079,107,3341,2019-07-05 12:38:30.02
"2019/07/05","12:39:06.08","eq","l",3.11,"l",35.67283,-117.52083,4.6,"A",37260292,42,3341,2019-07-05 12:39:06.08
"2019/07/05","12:50:00.45","eq","l",2.59,"l",35.75767,-117.57167,4.5,"A",38451175,86,3017,2019-07-05 12:50:00.45
"2019/07/05","12:55:04.83","eq","l",3.65,"w",35.7515,-117.56433,7.3,"A",38451239,143,3324,2019-07-05 12:55:04.83
"2019/07/05","13:12:23.37","eq","l",2.75,"l",35.762,-117.566,6.6,"A",38451383,87,3129,2019-07-05 13:12:23.37
"2019/07/05","13:41:03.01","eq","l",2.74,"l",35.7055,-117.51133,6.9,"A",38451623,92,3128,2019-07-05 13:41:03.01
"2019/07/05","13:47:33.49","eq","l",2.61,"l",35.74683,-117.56667,3.5,"A",38451671,92,3059,2019-07-05 13:47:33.49
"2019/07/05","13:55:41.04","eq","l",2.62,"l",35.71317,-117.51067,10.6,"A",37259684,75,3095,2019-07-05 13:55:41.04
"2019/07/05","14:01:47.65","eq","l",2.55,"l",35.79417,-117.61517,4,"A",38451775,105,3006,2019-07-05 14:01:47.65
"2019/07/05","14:39:33.45","eq","l",3.94,"w",35.74217,-117.56667,2.9,"A",38452095,139,3345,2019-07-05 14:39:33.45
"2019/07/05","14:40:29.91","eq","l",2.76,"l",35.568,-117.618,4,"A",38452103,79,3312,2019-07-05 14:40:29.91
"2019/07/05","15:00:09.29","eq","l",2.78,"l",35.68167,-117.595,1.2,"A",38452247,80,3174,2019-07-05 15:00:09.29
"2019/07/05","15:03:37.60","eq","l",2.76,"l",35.664,-117.52733,2.9,"A",38452271,126,3167,2019-07-05 15:03:37.6
"2019/07/05","15:12:17.95","eq","l",2.53,"l",35.74367,-117.55983,2.6,"A",38452367,91,3029,2019-07-05 15:12:17.95
"2019/07/05","15:19:03.78","eq","l",2.55,"l",35.7215,-117.54983,1.6,"A",38452431,83,3050,2019-07-05 15:19:03.78
"2019/07/05","15:46:03.86","eq","l",3,"l",35.6995,-117.48417,1.4,"A",38452607,124,3224,2019-07-05 15:46:03.86
"2019/07/05","17:02:36.51","eq","l",3.84,"w",35.6175,-117.57967,10.8,"A",38453279,152,3352,2019-07-05 17:02:36.51
"2019/07/05","17:57:12.50","eq","l",2.52,"l",35.71767,-117.47283,1.8,"A",38453711,84,3007,2019-07-05 17:57:12.5
"2019/07/05","17:59:56.23","eq","l",3.41,"l",35.793,-117.615,4,"A",38453719,125,3290,2019-07-05 17:59:56.23
"2019/07/05","18:09:52.60","eq","l",2.7,"l",35.66983,-117.52367,2.8,"A",38453815,84,3155,2019-07-05 18:09:52.6
"2019/07/05","18:40:30.99","eq","l",2.62,"l",35.72783,-117.56067,3.9,"A",38454007,78,3125,2019-07-05 18:40:30.99
"2019/07/05","19:59:36.98","eq","l",2.76,"l",35.74117,-117.56433,3.1,"A",38454567,129,3146,2019-07-05 19:59:36.98
"2019/07/05","20:51:18.71","eq","l",2.74,"l",35.66817,-117.51633,4.7,"A",38454919,89,3170,2019-07-05 20:51:18.71
"2019/07/05","20:51:38.36","eq","l",2.64,"l",35.66967,-117.515,2.7,"A",38454927,52,3047,2019-07-05 20:51:38.36
"2019/07/05","21:13:37.62","eq","l",2.84,"l",35.745,-117.55067,7.1,"A",38455103,109,3173,2019-07-05 21:13:37.62
"2019/07/05","21:17:31.16","eq","l",2.84,"l",35.71783,-117.525,5,"A",38455135,90,3173,2019-07-05 21:17:31.16
"2019/07/05","21:30:26.07","eq","l",2.75,"l",35.61183,-117.59133,6.9,"A",38455199,87,3191,2019-07-05 21:30:26.07
"2019/07/05","22:05:12.05","eq","l",2.78,"l",35.76467,-117.58033,7.5,"A",38455447,91,3179,2019-07-05 22:05:12.05
"2019/07/05","22:07:28.32","eq","l",2.78,"l",35.68533,-117.49817,7.1,"A",38455463,89,3179,2019-07-05 22:07:28.32
"2019/07/05","22:10:22.66","eq","l",2.54,"l",35.7375,-117.5455,6.6,"A",38455487,78,3044,2019-07-05 22:10:22.66
"2019/07/05","22:38:23.38","eq","l",3.07,"l",35.7755,-117.60367,2.5,"A",38455679,106,3218,2019-07-05 22:38:23.38
"2019/07/05","23:07:31.43","eq","l",2.66,"l",35.7985,-117.6095,4.7,"A",38455903,90,3026,2019-07-05 23:07:31.43
"2019/07/06","00:10:59.27","eq","l",2.58,"l",35.765,-117.56683,6.4,"A",38456327,60,3095,2019-07-06 00:10:59.27
"2019/07/06","00:13:02.72","eq","l",3.5,"l",35.72817,-117.56183,3.1,"A",38456351,109,3317,2019-07-06 00:13:02.72
"2019/07/06","00:13:52.47","eq","l",2.71,"l",35.74667,-117.54517,10.5,"A",38456359,66,3218,2019-07-06 00:13:52.47
"2019/07/06","00:14:41.71","eq","l",2.76,"l",35.771,-117.60017,2.6,"A",38456367,76,3236,2019-07-06 00:14:41.71
"2019/07/06","00:15:39.13","eq","l",2.93,"l",35.773,-117.59833,2.8,"A",38456375,91,3254,2019-07-06 00:15:39.13
"2019/07/06","00:18:57.79","eq","l",2.66,"l",35.77033,-117.61767,3.1,"A",38456391,79,3094,2019-07-06 00:18:57.79
"2019/07/06","00:20:07.14","eq","l",2.94,"l",35.74317,-117.548,9.9,"A",38456407,67,3089,2019-07-06 00:20:07.14
"2019/07/06","00:51:25.70","eq","l",3.67,"lr",35.75017,-117.58417,6.6,"A",38456615,143,3317,2019-07-06 00:51:25.7
"2019/07/06","00:51:53.75","eq","l",2.91,"l",35.68783,-117.486,7.7,"A",38456623,40,3281,2019-07-06 00:51:53.75
"2019/07/06","01:53:30.77","eq","l",2.75,"l",35.7175,-117.53417,4.8,"A",38457015,83,3166,2019-07-06 01:53:30.77
"2019/07/06","02:11:12.23","eq","l",2.54,"l",35.62367,-117.59767,8.6,"A",38457103,50,3012,2019-07-06 02:11:12.23
"2019/07/06","02:15:24.56","eq","l",2.5,"l",35.71983,-117.53067,6.6,"A",38457143,57,3028,2019-07-06 02:15:24.56
"2019/07/06","02:42:14.07","eq","l",2.59,"l",35.59767,-117.588,4.3,"A",38457263,89,3117,2019-07-06 02:42:14.07
"2019/07/06","02:55:13.09","eq","l",2.8,"l",35.771,-117.60083,2.4,"A",38457343,84,3135,2019-07-06 02:55:13.09
"2019/07/06","03:16:32.48","eq","l",4.97,"w",35.72533,-117.5535,0.9,"A",38457487,232,3237,2019-07-06 03:16:32.48
"2019/07/06","03:17:13.50","eq","l",4.14,"l",35.74533,-117.56083,6.5,"A",37257780,46,3168,2019-07-06 03:17:13.5
"2019/07/06","03:19:53.04","eq","l",7.1,"w",35.7695,-117.59933,8,"C",38457511,95,3397,2019-07-06 03:19:53.04
"2019/07/06","03:20:36.08","eq","l",4.33,"lr",36.00683,-117.8525,13.9,"B",37222188,8,3132,2019-07-06 03:20:36.08
"2019/07/06","03:20:41.14","eq","l",4.81,"lr",35.94967,-117.73767,9.3,"A",37222196,18,3132,2019-07-06 03:20:41.14
"2019/07/06","03:21:10.05","eq","l",4.33,"lr",35.83067,-117.66017,5.9,"A",37222204,25,3132,2019-07-06 03:21:10.05
"2019/07/06","03:21:19.19","eq","l",4.15,"lr",35.54233,-117.50533,5.6,"B",37260300,7,3394,2019-07-06 03:21:19.19
"2019/07/06","03:21:31.91","eq","l",4.24,"lr",35.88783,-117.73317,9.8,"A",37222212,12,3126,2019-07-06 03:21:31.91
"2019/07/06","03:22:03.57","eq","l",4.64,"lr",35.92167,-117.729,8.2,"A",38457519,36,2158,2019-07-06 03:22:03.57
"2019/07/06","03:22:17.10","eq","l",4.55,"lr",35.748,-117.54567,3.9,"A",37219484,35,3364,2019-07-06 03:22:17.1
"2019/07/06","03:22:27.16","eq","l",4.46,"lr",35.61717,-117.4275,8.4,"A",37219492,10,3319,2019-07-06 03:22:27.16
"2019/07/06","03:22:35.63","eq","l",4.73,"lr",35.61667,-117.43017,9.3,"A",37219500,12,3319,2019-07-06 03:22:35.63
"2019/07/06","03:22:48.30","eq","l",4.64,"lr",35.891,-117.7365,9.1,"A",37219156,45,2486,2019-07-06 03:22:48.3
"2019/07/06","03:23:07.57","eq","l",3.78,"lr",35.83783,-117.64067,9.8,"A",37260308,14,3376,2019-07-06 03:23:07.57
"2019/07/06","03:23:19.87","eq","l",4.52,"lr",35.861,-117.67783,6.8,"A",37219468,21,3364,2019-07-06 03:23:19.87
"2019/07/06","03:23:29.56","eq","l",4,"lr",35.87783,-117.724,6.1,"A",37260316,16,3385,2019-07-06 03:23:29.56
"2019/07/06","03:23:34.71","eq","l",4.22,"lr",35.5685,-117.5165,10.8,"A",37219476,16,3364,2019-07-06 03:23:34.71
"2019/07/06","03:23:50.72","eq","l",4.84,"lr",35.80317,-117.61783,11.4,"A",37219164,64,2724,2019-07-06 03:23:50.72
"2019/07/06","03:24:07.55","eq","l",3.91,"lr",35.88767,-117.72017,8,"A",37219508,14,3270,2019-07-06 03:24:07.55
"2019/07/06","03:24:15.20","eq","l",3.52,"lr",35.90133,-117.7075,7.1,"A",37260444,18,3348,2019-07-06 03:24:15.2
"2019/07/06","03:24:22.37","eq","l",4.19,"lr",35.90183,-117.72733,5.3,"A",38457535,43,2216,2019-07-06 03:24:22.37
"2019/07/06","03:24:33.52","eq","l",4.07,"lr",35.89117,-117.6755,7.4,"A",37219516,12,3270,2019-07-06 03:24:33.52
"2019/07/06","03:24:56.85","eq","l",3.92,"lr",35.87,-117.5695,10.8,"A",37260452,22,3369,2019-07-06 03:24:56.85
"2019/07/06","03:25:19.72","eq","l",3.91,"lr",35.903,-117.69117,7,"A",37219524,18,3357,2019-07-06 03:25:19.72
"2019/07/06","03:25:27.97","eq","l",4.61,"lr",35.86067,-117.67083,10.3,"A",37219172,59,2485,2019-07-06 03:25:27.97
"2019/07/06","03:25:42.31","eq","l",3.67,"lr",35.87083,-117.6655,8.1,"A",37260468,12,3366,2019-07-06 03:25:42.31
"2019/07/06","03:25:49.56","eq","l",3.98,"lr",35.65433,-117.478,1.8,"A",37260460,12,3372,2019-07-06 03:25:49.56
"2019/07/06","03:26:04.01","eq","l",4.02,"lr",35.83317,-117.64517,8.1,"A",37219540,36,3357,2019-07-06 03:26:04.01
"2019/07/06","03:26:27.68","eq","l",3.76,"lr",35.6135,-117.43683,6.1,"A",37260476,9,3366,2019-07-06 03:26:27.68
"2019/07/06","03:26:40.49","eq","l",3.57,"lr",35.89983,-117.6955,6.9,"A",37219548,15,3348,2019-07-06 03:26:40.49
"2019/07/06","03:26:51.99","eq","l",4.09,"lr",35.8875,-117.6495,10.9,"A",37219556,34,3357,2019-07-06 03:26:51.99
"2019/07/06","03:27:04.57","eq","l",3.84,"lr",35.6105,-117.41767,5.8,"B",37260484,8,3372,2019-07-06 03:27:04.57
"2019/07/06","03:27:07.01","eq","l",4.5,"lr",35.91383,-117.72583,8,"A",37219180,39,2122,2019-07-06 03:27:07.01
"2019/07/06","03:27:11.37","eq","l",4.57,"lr",35.53033,-117.43133,3.8,"A",37219564,12,3357,2019-07-06 03:27:11.37
"2019/07/06","03:27:18.42","eq","l",3.91,"lr",35.87333,-117.65783,6.7,"A",37260492,19,3372,2019-07-06 03:27:18.42
"2019/07/06","03:27:25.35","eq","l",3.92,"lr",35.665,-117.48667,5.5,"A",37260500,12,3372,2019-07-06 03:27:25.35
"2019/07/06","03:27:36.26","eq","l",4.03,"lr",35.8895,-117.6975,7.8,"A",37219572,39,3357,2019-07-06 03:27:36.26
"2019/07/06","03:28:00.73","eq","l",4.09,"lr",35.91067,-117.73167,8.2,"A",38457551,40,1802,2019-07-06 03:28:00.73
"2019/07/06","03:28:12.34","eq","l",4.09,"lr",35.84117,-117.65983,11.4,"A",37219580,29,3354,2019-07-06 03:28:12.34
"2019/07/06","03:28:25.16","eq","l",3.98,"lr",35.8695,-117.69067,2.7,"A",37219588,23,3354,2019-07-06 03:28:25.16
"2019/07/06","03:28:46.55","eq","l",4.19,"lr",35.9025,-117.72217,4.8,"A",38457559,55,1807,2019-07-06 03:28:46.55
"2019/07/06","03:29:10.29","eq","l",4.02,"lr",35.65667,-117.4465,2.2,"A",37219596,16,3360,2019-07-06 03:29:10.29
"2019/07/06","03:29:15.86","eq","l",4.01,"lr",35.86567,-117.65267,15.1,"A",38457575,22,1734,2019-07-06 03:29:15.86
"2019/07/06","03:29:28.84","eq","l",4.07,"lr",35.7325,-117.50883,7,"A",37219604,12,3360,2019-07-06 03:29:28.84
"2019/07/06","03:29:32.08","eq","l",4.51,"lr",35.90283,-117.7115,3.2,"A",38457583,35,2300,2019-07-06 03:29:32.08
"2019/07/06","03:29:47.13","eq","l",3.57,"lr",35.90167,-117.704,7.8,"A",37219612,14,3348,2019-07-06 03:29:47.13
"2019/07/06","03:29:50.04","eq","l",3.57,"l",35.8705,-117.68183,5.3,"A",37260612,9,3360,2019-07-06 03:29:50.04
"2019/07/06","03:30:00.71","eq","l",3.56,"l",35.8845,-117.70183,6,"A",37260620,19,3357,2019-07-06 03:30:00.71
"2019/07/06","03:30:25.05","eq","l",4.49,"lr",35.55667,-117.35817,8.7,"A",38457591,83,2392,2019-07-06 03:30:25.05
"2019/07/06","03:30:43.01","eq","l",3.53,"lr",35.86717,-117.72233,8.3,"A",37219620,16,3327,2019-07-06 03:30:43.01
"2019/07/06","03:30:59.67","eq","l",3.9,"lr",35.90683,-117.704,8.8,"A",37219628,30,3363,2019-07-06 03:30:59.67
"2019/07/06","03:31:10.38","eq","l",3.55,"lr",35.89367,-117.72167,9.4,"A",37219636,20,3354,2019-07-06 03:31:10.38
"2019/07/06","03:31:24.54","eq","l",3.62,"lr",35.65967,-117.48533,5.2,"A",37219644,23,3354,2019-07-06 03:31:24.54
"2019/07/06","03:31:33.72","eq","l",3.45,"lr",35.73933,-117.54883,2.4,"A",37260788,14,3366,2019-07-06 03:31:33.72
"2019/07/06","03:31:48.76","eq","l",3.97,"lr",35.88833,-117.69783,8.9,"A",37219652,34,3369,2019-07-06 03:31:48.76
"2019/07/06","03:31:58.27","eq","l",3.86,"lr",35.89017,-117.71217,6.3,"A",37219660,25,3369,2019-07-06 03:31:58.27
"2019/07/06","03:32:13.43","eq","l",3.32,"l",35.87083,-117.65317,8.2,"A",37260804,13,3345,2019-07-06 03:32:13.43
"2019/07/06","03:32:25.64","eq","l",3.61,"lr",35.89817,-117.72633,10.8,"A",37219668,23,3360,2019-07-06 03:32:25.64
"2019/07/06","03:32:29.44","eq","l",3.68,"lr",35.5985,-117.4145,6.7,"A",37219676,10,3363,2019-07-06 03:32:29.44
"2019/07/06","03:32:46.66","eq","l",4.17,"lr",35.89033,-117.73033,6.2,"A",38457599,38,1824,2019-07-06 03:32:46.66
"2019/07/06","03:33:03.66","eq","l",3.9,"lr",35.9025,-117.71633,8.5,"A",37219684,20,3369,2019-07-06 03:33:03.66
"2019/07/06","03:33:09.85","eq","l",4.13,"lr",35.71483,-117.50517,1.7,"A",37219692,46,3369,2019-07-06 03:33:09.85
"2019/07/06","03:33:20.20","eq","l",4.08,"lr",35.624,-117.48617,11,"A",37219700,27,3369,2019-07-06 03:33:20.2
"2019/07/06","03:33:39.10","eq","l",3.8,"lr",35.89333,-117.72383,9.9,"A",37219716,15,3369,2019-07-06 03:33:39.1
"2019/07/06","03:33:39.45","eq","l",4.01,"lr",35.726,-117.56133,11.1,"A",37219708,21,3369,2019-07-06 03:33:39.45
"2019/07/06","03:33:48.80","eq","l",3.19,"l",35.665,-117.424,0.8,"A",37261156,10,3351,2019-07-06 03:33:48.8
"2019/07/06","03:33:55.94","eq","l",3.51,"l",35.87233,-117.699,11.6,"A",37260828,17,3363,2019-07-06 03:33:55.94
"2019/07/06","03:34:10.70","eq","l",4.02,"lr",35.89767,-117.705,7.4,"A",37219724,35,3369,2019-07-06 03:34:10.7
"2019/07/06","03:34:21.53","eq","l",3.63,"lr",35.76617,-117.5875,1.8,"A",37219732,12,3360,2019-07-06 03:34:21.53
"2019/07/06","03:34:27.20","eq","l",3.43,"l",35.904,-117.70333,8.1,"A",37260860,18,3360,2019-07-06 03:34:27.2
"2019/07/06","03:34:36.64","eq","l",3.29,"l",35.893,-117.72533,6.9,"A",37261164,14,3345,2019-07-06 03:34:36.64
"2019/07/06","03:34:42.84","eq","l",3.74,"lr",35.90583,-117.65733,9.5,"A",37219740,19,3363,2019-07-06 03:34:42.84
"2019/07/06","03:34:55.98","eq","l",3.52,"lr",35.58067,-117.39617,13.2,"A",37219788,18,3354,2019-07-06 03:34:55.98
"2019/07/06","03:35:05.42","eq","l",4.09,"lr",35.65217,-117.46683,2,"A",38457607,47,2048,2019-07-06 03:35:05.42
"2019/07/06","03:35:24.39","eq","l",3.42,"l",35.70517,-117.5565,9.1,"A",37260868,9,3366,2019-07-06 03:35:24.39
"2019/07/06","03:35:30.66","eq","l",3.67,"lr",35.979,-117.75767,6.5,"A",37219796,24,3360,2019-07-06 03:35:30.66
"2019/07/06","03:35:44.73","eq","l",3.39,"l",35.614,-117.44533,5.9,"A",37219804,11,3348,2019-07-06 03:35:44.73
"2019/07/06","03:35:49.82","eq","l",3.35,"l",35.88383,-117.69,7.5,"A",37260876,19,3348,2019-07-06 03:35:49.82
"2019/07/06","03:35:58.41","eq","l",3.49,"l",35.7175,-117.55767,10.3,"A",37260884,9,3369,2019-07-06 03:35:58.41
"2019/07/06","03:36:16.46","eq","l",4.35,"lr",35.90283,-117.73383,7.3,"A",38457615,142,1809,2019-07-06 03:36:16.46
"2019/07/06","03:36:28.48","eq","l",3.85,"lr",35.6625,-117.5445,3.2,"A",37219812,20,3366,2019-07-06 03:36:28.48
"2019/07/06","03:36:54.86","eq","l",3.22,"l",35.903,-117.73717,9.2,"A",37260892,14,3336,2019-07-06 03:36:54.86
"2019/07/06","03:37:05.16","eq","l",3.63,"lr",35.73267,-117.52683,2.6,"A",37219820,33,3357,2019-07-06 03:37:05.16
"2019/07/06","03:37:25.27","eq","l",3.53,"lr",35.87183,-117.70133,6.1,"A",37219828,20,3357,2019-07-06 03:37:25.27
"2019/07/06","03:37:44.91","eq","l",3.47,"l",35.65917,-117.50083,4.8,"A",37260924,20,3372,2019-07-06 03:37:44.91
"2019/07/06","03:38:22.93","eq","l",3.79,"lr",35.91283,-117.71233,6.7,"A",37219836,33,3360,2019-07-06 03:38:22.93
"2019/07/06","03:38:41.00","eq","l",3.26,"l",35.785,-117.605,9.3,"A",37261204,9,3348,2019-07-06 03:38:41
"2019/07/06","03:38:56.10","eq","l",3.45,"lr",35.64833,-117.46733,4.2,"A",38457623,26,1663,2019-07-06 03:38:56.1
"2019/07/06","03:39:02.72","eq","l",3.69,"lr",35.71667,-117.5515,10.5,"A",37219844,26,3357,2019-07-06 03:39:02.72
"2019/07/06","03:39:14.68","eq","l",3.84,"lr",35.61367,-117.433,9.8,"A",37421221,44,2097,2019-07-06 03:39:14.68
"2019/07/06","03:39:34.11","eq","l",3.74,"lr",35.90217,-117.74267,8.8,"A",37421237,40,1323,2019-07-06 03:39:34.11
"2019/07/06","03:39:41.27","eq","l",3.24,"lr",35.90283,-117.72083,8.2,"A",37219852,10,3330,2019-07-06 03:39:41.27
"2019/07/06","03:40:04.14","eq","l",3.65,"lr",35.91333,-117.703,7,"A",38457631,46,1271,2019-07-06 03:40:04.14
"2019/07/06","03:40:16.16","eq","l",2.99,"l",35.83467,-117.658,5.5,"A",37261220,8,3291,2019-07-06 03:40:16.16
"2019/07/06","03:40:32.54","eq","l",3.42,"lr",35.78017,-117.62817,5.7,"A",37219860,23,3348,2019-07-06 03:40:32.54
"2019/07/06","03:40:43.09","eq","l",3.36,"l",35.87767,-117.6725,7.6,"A",37261244,21,3340,2019-07-06 03:40:43.09
"2019/07/06","03:40:51.43","eq","l",3.49,"lr",35.77417,-117.61183,9.9,"A",37219868,31,3342,2019-07-06 03:40:51.43
"2019/07/06","03:41:14.11","eq","l",3.14,"lr",35.63983,-117.43633,3.3,"A",37219876,11,3318,2019-07-06 03:41:14.11
"2019/07/06","03:41:27.46","eq","l",3.18,"l",35.89033,-117.68167,8.2,"A",37261260,21,3324,2019-07-06 03:41:27.46
"2019/07/06","03:41:38.65","eq","l",3.98,"lr",35.89233,-117.722,7.9,"A",38457639,61,1522,2019-07-06 03:41:38.65
"2019/07/06","03:41:46.46","eq","l",3.46,"l",35.9065,-117.727,6,"A",37261268,14,3345,2019-07-06 03:41:46.46
"2019/07/06","03:42:04.41","eq","l",3.2,"l",35.90733,-117.70483,7.1,"A",37261276,12,3324,2019-07-06 03:42:04.41
"2019/07/06","03:42:09.68","eq","l",3.57,"l",35.87517,-117.73,7,"A",37261284,17,3362,2019-07-06 03:42:09.68
"2019/07/06","03:42:25.64","eq","l",3.3,"l",35.758,-117.56133,7.6,"A",37219884,16,3329,2019-07-06 03:42:25.64
"2019/07/06","03:42:37.90","eq","l",3.46,"lr",35.56883,-117.38433,8,"A",37261436,8,3365,2019-07-06 03:42:37.9
"2019/07/06","03:42:45.76","eq","l",3.57,"l",35.866,-117.68483,5,"A",37219908,22,3335,2019-07-06 03:42:45.76
"2019/07/06","03:42:52.53","eq","l",3.86,"lr",35.878,-117.70167,4.6,"A",38457655,33,1820,2019-07-06 03:42:52.53
"2019/07/06","03:43:09.04","eq","l",3.85,"lr",35.8865,-117.69383,9.5,"A",37219900,37,3359,2019-07-06 03:43:09.04
"2019/07/06","03:43:32.47","eq","l",3.15,"l",35.8685,-117.72767,6,"A",37261468,18,3320,2019-07-06 03:43:32.47
"2019/07/06","03:44:01.60","eq","l",3.86,"lr",35.9135,-117.72767,7,"A",38457663,38,1688,2019-07-06 03:44:01.6
"2019/07/06","03:44:10.78","eq","l",3.6,"lr",35.78217,-117.5935,11.2,"A",37261484,12,3362,2019-07-06 03:44:10.78
"2019/07/06","03:44:17.71","eq","l",3.96,"lr",35.90583,-117.69417,6.1,"A",37219924,48,3350,2019-07-06 03:44:17.71
"2019/07/06","03:44:50.15","eq","l",3.29,"l",35.89717,-117.7305,9.8,"A",37219948,17,3317,2019-07-06 03:44:50.15
"2019/07/06","03:45:09.01","eq","l",3.47,"lr",35.91867,-117.71883,3.3,"A",38457671,36,1267,2019-07-06 03:45:09.01
"2019/07/06","03:45:13.21","eq","l",3.49,"lr",35.90267,-117.74267,8.5,"A",37220108,14,3329,2019-07-06 03:45:13.21
"2019/07/06","03:45:29.32","eq","l",3.46,"lr",35.8835,-117.72767,7.5,"A",37220268,28,3323,2019-07-06 03:45:29.32
"2019/07/06","03:45:54.83","eq","l",3.52,"lr",35.70367,-117.50633,11.1,"A",37220276,26,3335,2019-07-06 03:45:54.83
"2019/07/06","03:46:19.42","eq","l",3.16,"l",35.91117,-117.7205,7.5,"A",37261500,7,3308,2019-07-06 03:46:19.42
"2019/07/06","03:46:26.87","eq","l",4.26,"lr",35.6805,-117.47033,6.8,"A",38457679,63,2034,2019-07-06 03:46:26.87
"2019/07/06","03:46:38.50","eq","l",3.72,"lr",35.65733,-117.45,2.1,"A",37220284,16,3339,2019-07-06 03:46:38.5
"2019/07/06","03:46:57.13","eq","l",3.34,"l",35.89417,-117.71717,5.1,"C",37261516,17,3332,2019-07-06 03:46:57.13
"2019/07/06","03:47:00.08","eq","l",3.57,"lr",35.902,-117.74367,8.5,"A",37220292,16,3333,2019-07-06 03:47:00.08
"2019/07/06","03:47:08.74","eq","l",3.32,"l",35.88683,-117.71733,7.3,"A",37261540,15,3329,2019-07-06 03:47:08.74
"2019/07/06","03:47:53.42","eq","l",5.5,"w",35.90117,-117.7495,5,"A",38457687,82,2448,2019-07-06 03:47:53.42
"2019/07/06","03:48:14.55","eq","l",3.8,"lr",35.90133,-117.74867,7.6,"A",37261556,14,3348,2019-07-06 03:48:14.55
"2019/07/06","03:48:24.66","eq","l",3.98,"lr",35.9025,-117.69,0.5,"A",37220300,17,3330,2019-07-06 03:48:24.66
"2019/07/06","03:48:36.26","eq","l",3.55,"lr",35.91083,-117.73533,7,"A",37261564,18,3321,2019-07-06 03:48:36.26
"2019/07/06","03:48:54.22","eq","l",3.53,"l",35.99983,-117.72233,9.5,"A",37261628,6,3318,2019-07-06 03:48:54.22
"2019/07/06","03:48:57.74","eq","l",3.68,"lr",35.90583,-117.72367,6.2,"A",37261620,18,3333,2019-07-06 03:48:57.74
"2019/07/06","03:49:24.98","eq","l",3.78,"lr",35.55717,-117.38517,3.5,"A",37220308,16,3309,2019-07-06 03:49:24.98
"2019/07/06","03:49:52.42","eq","l",3.83,"lr",35.82617,-117.68417,7.1,"A",38457695,62,1857,2019-07-06 03:49:52.42
"2019/07/06","03:50:04.74","eq","l",3.67,"lr",35.61633,-117.44367,7.3,"A",37261788,14,3318,2019-07-06 03:50:04.74
"2019/07/06","03:50:11.07","eq","l",3.79,"lr",35.90367,-117.72483,6.5,"A",37421773,42,2797,2019-07-06 03:50:11.07
"2019/07/06","03:50:34.00","eq","l",3.45,"l",35.894,-117.73833,8.4,"A",37220588,18,3041,2019-07-06 03:50:34
"2019/07/06","03:50:49.35","eq","l",3.79,"lr",35.91017,-117.739,10.7,"A",37220316,22,3297,2019-07-06 03:50:49.35
"2019/07/06","03:50:59.71","eq","l",4.97,"lr",35.9035,-117.70017,8.3,"A",38457703,78,2432,2019-07-06 03:50:59.71
"2019/07/06","03:51:20.33","eq","l",3.76,"lr",35.93733,-117.67417,9.9,"A",37261844,13,3322,2019-07-06 03:51:20.33
"2019/07/06","03:51:38.80","eq","l",3.44,"l",35.89583,-117.707,6.2,"A",37261900,18,3294,2019-07-06 03:51:38.8
"2019/07/06","03:51:46.16","eq","l",3.23,"l",35.911,-117.68817,8.2,"A",37261948,11,3273,2019-07-06 03:51:46.16
"2019/07/06","03:51:53.81","eq","l",3.08,"l",35.8895,-117.6785,9,"A",37261964,11,3249,2019-07-06 03:51:53.81
"2019/07/06","03:52:03.73","eq","l",3.57,"l",35.89967,-117.69633,9.7,"A",37220596,19,3054,2019-07-06 03:52:03.73
"2019/07/06","03:52:23.96","eq","l",3.35,"l",35.75083,-117.6025,6.8,"A",37220604,14,3039,2019-07-06 03:52:23.96
"2019/07/06","03:52:54.84","eq","l",3.6,"lr",35.57683,-117.40733,3.6,"A",37220612,38,3057,2019-07-06 03:52:54.84
"2019/07/06","03:52:59.34","eq","l",3.69,"l",35.92733,-117.7415,6.2,"A",37220748,31,3063,2019-07-06 03:52:59.34
"2019/07/06","03:53:20.90","eq","l",3.47,"l",35.775,-117.56383,11.8,"A",37220908,15,3054,2019-07-06 03:53:20.9
"2019/07/06","03:53:40.29","eq","l",3.68,"lr",35.86967,-117.71067,5.8,"A",38457719,43,1359,2019-07-06 03:53:40.29
"2019/07/06","03:53:40.35","eq","l",3.27,"l",35.70517,-117.5235,10,"A",37221068,16,3039,2019-07-06 03:53:40.35
"2019/07/06","03:53:57.98","eq","l",3.67,"l",35.9025,-117.68083,8.1,"A",37221076,26,3057,2019-07-06 03:53:57.98
"2019/07/06","03:54:09.89","eq","l",3.24,"l",35.9,-117.744,7,"A",37261980,15,3277,2019-07-06 03:54:09.89
"2019/07/06","03:54:15.26","eq","l",3.37,"l",35.91733,-117.7255,9.5,"A",37261988,28,3289,2019-07-06 03:54:15.26
"2019/07/06","03:54:46.84","eq","l",3.5,"lr",35.78,-117.58567,10.4,"A",38457727,66,1436,2019-07-06 03:54:46.84
"2019/07/06","03:55:03.71","eq","l",3.14,"l",35.63,-117.43767,4.2,"A",37221092,11,3027,2019-07-06 03:55:03.71
"2019/07/06","03:55:20.02","eq","l",4.06,"lr",35.9055,-117.6875,8.4,"A",38457735,78,1766,2019-07-06 03:55:20.02
"2019/07/06","03:55:48.17","eq","l",3.15,"l",35.83483,-117.6805,9.1,"A",37262524,16,3268,2019-07-06 03:55:48.17
"2019/07/06","03:56:01.64","eq","l",3.48,"l",35.88183,-117.674,4.4,"A",37221100,35,3036,2019-07-06 03:56:01.64
"2019/07/06","03:56:02.75","eq","l",3.07,"l",35.66933,-117.48133,3.2,"A",37262684,9,3274,2019-07-06 03:56:02.75
"2019/07/06","03:56:10.49","eq","l",3.35,"l",35.89817,-117.73067,6.6,"A",37262860,15,3286,2019-07-06 03:56:10.49
"2019/07/06","03:56:25.08","eq","l",3.09,"l",35.87,-117.70833,5.4,"A",37262884,18,3253,2019-07-06 03:56:25.08
"2019/07/06","03:56:33.52","eq","l",3.53,"l",35.918,-117.73617,6.5,"A",37221108,36,3039,2019-07-06 03:56:33.52
"2019/07/06","03:56:45.00","eq","l",3.24,"l",35.91367,-117.71533,6,"A",37262892,15,3268,2019-07-06 03:56:45
"2019/07/06","03:57:12.32","eq","l",3.01,"l",35.89583,-117.74,7.2,"A",37262916,14,3223,2019-07-06 03:57:12.32
"2019/07/06","03:57:37.97","eq","l",3.59,"lr",35.89083,-117.6995,4.6,"A",37221116,36,3051,2019-07-06 03:57:37.97
"2019/07/06","03:57:50.90","eq","l",4.31,"lr",35.869,-117.66133,7.2,"A",37421229,58,2152,2019-07-06 03:57:50.9
"2019/07/06","03:58:11.30","eq","l",3.44,"l",35.88467,-117.69083,9.7,"A",37262924,20,3289,2019-07-06 03:58:11.3
"2019/07/06","03:58:25.30","eq","l",3.49,"lr",35.65917,-117.4605,9.4,"A",37221124,25,3057,2019-07-06 03:58:25.3
"2019/07/06","03:58:47.29","eq","l",3.22,"l",35.637,-117.4765,5.3,"A",37262956,14,3283,2019-07-06 03:58:47.29
"2019/07/06","03:58:57.00","eq","l",3.15,"l",35.78383,-117.61183,7.4,"A",37263204,12,3265,2019-07-06 03:58:57
"2019/07/06","03:58:57.75","eq","l",3.39,"l",35.91,-117.68367,2.3,"A",37263020,16,3286,2019-07-06 03:58:57.75
"2019/07/06","03:59:10.11","eq","l",3.03,"l",35.873,-117.68783,4.5,"A",37263212,13,3232,2019-07-06 03:59:10.11
"2019/07/06","03:59:24.00","eq","l",3.47,"l",35.89283,-117.72383,8,"A",37221132,32,3033,2019-07-06 03:59:24
"2019/07/06","03:59:48.61","eq","l",3.53,"lr",35.87517,-117.71417,4.4,"A",38457759,58,1299,2019-07-06 03:59:48.61
"2019/07/06","04:00:10.65","eq","l",3.04,"l",35.89367,-117.73867,6.9,"A",37221140,17,2990,2019-07-06 04:00:10.65
"2019/07/06","04:00:36.03","eq","l",3.2,"l",35.9475,-117.70183,4.7,"A",37221148,21,3011,2019-07-06 04:00:36.03
"2019/07/06","04:00:46.39","eq","l",3.01,"l",35.8815,-117.73183,2.6,"A",37263220,18,3222,2019-07-06 04:00:46.39
"2019/07/06","04:00:58.52","eq","l",3.2,"l",35.55,-117.37967,2.3,"A",37221180,10,3026,2019-07-06 04:00:58.52
"2019/07/06","04:01:05.61","eq","l",3.24,"l",35.83733,-117.6685,10.8,"A",37221156,29,3017,2019-07-06 04:01:05.61
"2019/07/06","04:02:02.94","eq","l",2.87,"l",35.874,-117.68267,4.4,"A",37221172,17,2951,2019-07-06 04:02:02.94
"2019/07/06","04:02:14.74","eq","l",3,"l",35.89117,-117.683,2.2,"A",37221164,17,2984,2019-07-06 04:02:14.74
"2019/07/06","04:02:42.79","eq","l",3.28,"l",35.6935,-117.524,7.5,"A",38457767,30,3017,2019-07-06 04:02:42.79
"2019/07/06","04:02:59.57","eq","l",3.48,"l",35.88217,-117.71633,4.8,"A",37221220,45,3027,2019-07-06 04:02:59.57
"2019/07/06","04:03:06.16","eq","l",3.11,"l",35.917,-117.7105,6.2,"A",37263228,23,3237,2019-07-06 04:03:06.16
"2019/07/06","04:04:09.03","eq","l",3.11,"l",35.57617,-117.34517,4.1,"A",37221236,11,2940,2019-07-06 04:04:09.03
"2019/07/06","04:04:53.23","eq","l",3.08,"l",35.89267,-117.72883,6.5,"A",37221388,25,3000,2019-07-06 04:04:53.23
"2019/07/06","04:04:57.54","eq","l",2.91,"l",35.81133,-117.58383,8.2,"A",37221396,21,2985,2019-07-06 04:04:57.54
"2019/07/06","04:05:14.13","eq","l",2.83,"l",35.87333,-117.721,11.2,"A",37221412,19,2931,2019-07-06 04:05:14.13
"2019/07/06","04:05:27.72","eq","l",3.55,"l",35.65783,-117.48667,1.9,"A",37221404,27,3063,2019-07-06 04:05:27.72
"2019/07/06","04:05:40.64","eq","l",3.05,"l",35.82917,-117.657,6.3,"A",37263236,21,3265,2019-07-06 04:05:40.64
"2019/07/06","04:05:49.90","eq","l",3.9,"l",35.917,-117.70883,2.3,"A",37221188,29,3069,2019-07-06 04:05:49.9
"2019/07/06","04:06:10.32","eq","l",3.13,"l",35.87367,-117.738,-0.4,"A",37221196,18,3027,2019-07-06 04:06:10.32
"2019/07/06","04:06:14.58","eq","l",3.79,"lr",35.578,-117.37383,5.9,"A",38457887,31,1748,2019-07-06 04:06:14.58
"2019/07/06","04:06:31.96","eq","l",3.21,"l",35.598,-117.35883,5.8,"A",37221204,13,3045,2019-07-06 04:06:31.96
"2019/07/06","04:06:50.07","eq","l",3.18,"l",35.61967,-117.46083,10.8,"A",37221212,19,3042,2019-07-06 04:06:50.07
"2019/07/06","04:07:04.57","eq","l",4.68,"lr",35.55517,-117.5215,5.5,"A",38457775,199,2384,2019-07-06 04:07:04.57
"2019/07/06","04:07:15.80","eq","l",3.74,"lr",35.86467,-117.69467,2.7,"A",37263244,14,3328,2019-07-06 04:07:15.8
"2019/07/06","04:07:37.93","eq","l",3.62,"lr",35.91033,-117.71767,4,"A",37221428,16,3066,2019-07-06 04:07:37.93
"2019/07/06","04:07:52.61","eq","l",3.03,"l",35.896,-117.70233,7.9,"A",37221436,20,3003,2019-07-06 04:07:52.61
"2019/07/06","04:08:07.77","eq","l",3.13,"l",35.73983,-117.58067,11.7,"A",37263252,22,3280,2019-07-06 04:08:07.77
"2019/07/06","04:08:35.80","eq","l",3.41,"l",35.86883,-117.66667,6.5,"A",38457791,47,1326,2019-07-06 04:08:35.8
"2019/07/06","04:08:45.48","eq","l",3.44,"l",35.8875,-117.68333,8.8,"A",37221444,34,3033,2019-07-06 04:08:45.48
"2019/07/06","04:08:55.76","eq","l",3,"l",35.88683,-117.687,8.2,"A",37263260,11,3223,2019-07-06 04:08:55.76
"2019/07/06","04:09:10.45","eq","l",2.94,"l",35.88817,-117.7235,4.6,"A",37221452,18,2970,2019-07-06 04:09:10.45
"2019/07/06","04:09:31.08","eq","l",3.37,"l",35.67817,-117.54667,11.2,"A",37221460,28,3033,2019-07-06 04:09:31.08
"2019/07/06","04:09:50.19","eq","l",3.45,"l",35.69167,-117.51167,8.7,"A",37221548,30,3042,2019-07-06 04:09:50.19
"2019/07/06","04:10:05.71","eq","l",3.38,"l",35.63533,-117.39967,3,"B",37221556,11,3033,2019-07-06 04:10:05.71
"2019/07/06","04:10:06.49","eq","l",3.26,"l",35.82183,-117.64933,6.3,"A",37221564,22,3017,2019-07-06 04:10:06.49
"2019/07/06","04:10:37.52","eq","l",3.45,"lr",35.835,-117.675,9.1,"A",38457799,49,1392,2019-07-06 04:10:37.52
"2019/07/06","04:10:49.06","eq","l",3.69,"lr",35.77783,-117.58067,10.6,"A",37221580,37,3063,2019-07-06 04:10:49.06
"2019/07/06","04:10:52.28","eq","l",3.4,"l",35.925,-117.69467,3.2,"C",37221612,8,3054,2019-07-06 04:10:52.28
"2019/07/06","04:10:58.09","eq","l",3.57,"lr",35.87683,-117.71383,9.8,"A",37263324,22,3259,2019-07-06 04:10:58.09
"2019/07/06","04:11:02.28","eq","l",3.83,"lr",35.9,-117.69267,6.5,"A",37221588,37,3063,2019-07-06 04:11:02.28
"2019/07/06","04:11:08.92","eq","l",3.49,"l",35.92133,-117.70867,9,"A",37258068,12,3298,2019-07-06 04:11:08.92
"2019/07/06","04:11:23.28","eq","l",3.25,"l",35.87933,-117.69233,11.3,"A",37221596,19,3027,2019-07-06 04:11:23.28
"2019/07/06","04:11:53.94","eq","l",3.08,"l",35.91167,-117.72583,6.8,"A",37221604,16,3009,2019-07-06 04:11:53.94
"2019/07/06","04:12:02.55","eq","l",3.09,"l",35.6775,-117.49,1.3,"A",37263332,11,3223,2019-07-06 04:12:02.55
"2019/07/06","04:12:13.84","eq","l",3.86,"lr",35.659,-117.47983,7,"A",38457807,40,1596,2019-07-06 04:12:13.84
"2019/07/06","04:12:18.85","eq","l",3.87,"l",35.88733,-117.72283,9.2,"A",37221620,23,3066,2019-07-06 04:12:18.85
"2019/07/06","04:12:44.17","eq","l",3.57,"lr",35.841,-117.64083,10.1,"A",37221628,32,3060,2019-07-06 04:12:44.17
"2019/07/06","04:13:06.13","eq","l",3.63,"lr",35.90917,-117.68933,8.4,"A",37220324,18,3301,2019-07-06 04:13:06.13
"2019/07/06","04:13:07.08","eq","l",4.8,"lr",35.58467,-117.6145,9.7,"A",38457815,107,2169,2019-07-06 04:13:07.08
"2019/07/06","04:13:30.59","eq","l",3.52,"lr",35.891,-117.72683,10,"A",37263340,19,3247,2019-07-06 04:13:30.59
"2019/07/06","04:13:55.12","eq","l",3.43,"l",35.90417,-117.68083,9.4,"A",37221636,13,3044,2019-07-06 04:13:55.12
"2019/07/06","04:14:20.80","eq","l",3.84,"lr",35.60417,-117.40267,6.7,"A",37221644,33,3066,2019-07-06 04:14:20.8
"2019/07/06","04:14:31.37","eq","l",3.74,"lr",35.6795,-117.49067,0.9,"A",37221708,20,3060,2019-07-06 04:14:31.37
"2019/07/06","04:14:55.29","eq","l",3.02,"l",35.7095,-117.50667,7,"A",37263348,17,3213,2019-07-06 04:14:55.29
"2019/07/06","04:14:59.20","eq","l",3.04,"l",35.903,-117.72717,4.4,"A",37221716,14,2981,2019-07-06 04:14:59.2
"2019/07/06","04:15:15.03","eq","l",2.69,"l",35.88217,-117.72917,3.2,"C",37263356,17,3054,2019-07-06 04:15:15.03
"2019/07/06","04:15:24.20","eq","l",2.94,"l",35.90917,-117.7355,10.2,"A",37221868,10,2960,2019-07-06 04:15:24.2
"2019/07/06","04:15:30.78","eq","l",2.94,"l",35.89333,-117.728,7,"A",37263364,17,3162,2019-07-06 04:15:30.78
"2019/07/06","04:16:01.98","eq","l",3.13,"l",35.887,-117.689,9,"A",37221876,26,2993,2019-07-06 04:16:01.98
"2019/07/06","04:16:09.74","eq","l",2.94,"l",35.53083,-117.48833,7.2,"A",38457823,7,1225,2019-07-06 04:16:09.74
"2019/07/06","04:16:17.23","eq","l",3.52,"l",35.82483,-117.6715,8.6,"A",38457831,69,1386,2019-07-06 04:16:17.23
"2019/07/06","04:16:36.16","eq","l",3.14,"l",35.8115,-117.62633,7.5,"A",37221892,9,3011,2019-07-06 04:16:36.16
"2019/07/06","04:16:48.80","eq","l",3.58,"l",35.824,-117.66,5.8,"A",37221884,30,3069,2019-07-06 04:16:48.8
"2019/07/06","04:16:58.53","eq","l",2.95,"l",35.78017,-117.604,9.5,"A",37221900,11,2906,2019-07-06 04:16:58.53
"2019/07/06","04:17:13.71","eq","l",2.84,"l",35.8155,-117.65,9.1,"A",37263372,25,3153,2019-07-06 04:17:13.71
"2019/07/06","04:17:41.00","eq","l",2.96,"l",35.879,-117.66867,7,"A",37221908,27,3003,2019-07-06 04:17:41
"2019/07/06","04:18:07.94","eq","l",3.39,"lr",35.66583,-117.48233,4.2,"A",38457839,52,1629,2019-07-06 04:18:07.94
"2019/07/06","04:18:32.60","eq","l",3.16,"l",35.8975,-117.72683,8.2,"A",37221924,8,3036,2019-07-06 04:18:32.6
"2019/07/06","04:18:36.03","eq","l",3.63,"l",35.694,-117.53817,8.4,"A",37221916,34,3078,2019-07-06 04:18:36.03
"2019/07/06","04:18:55.79","eq","l",5.44,"w",35.91017,-117.68483,7.4,"A",38457847,110,2427,2019-07-06 04:18:55.79
"2019/07/06","04:19:15.48","eq","l",4.29,"lr",35.785,-117.6175,10.6,"A",37221932,22,3105,2019-07-06 04:19:15.48
"2019/07/06","04:19:40.83","eq","l",3.37,"l",35.889,-117.7245,1.3,"C",37263380,11,3241,2019-07-06 04:19:40.83
"2019/07/06","04:19:54.94","eq","l",3.83,"lr",35.885,-117.717,4.9,"A",38457855,30,2405,2019-07-06 04:19:54.94
"2019/07/06","04:19:56.01","eq","l",4.01,"lr",35.58083,-117.40417,5.2,"A",38457863,13,2237,2019-07-06 04:19:56.01
"2019/07/06","04:20:06.18","eq","l",3.53,"l",35.89817,-117.71,10.2,"A",37263396,11,3253,2019-07-06 04:20:06.18
"2019/07/06","04:20:22.14","eq","l",3.36,"l",35.87733,-117.7265,4.2,"A",37263484,18,3241,2019-07-06 04:20:22.14
"2019/07/06","04:20:28.20","eq","l",3.68,"l",35.92467,-117.70883,2.8,"A",37221940,17,3090,2019-07-06 04:20:28.2
"2019/07/06","04:20:40.16","eq","l",2.92,"l",35.896,-117.73017,5.9,"A",37263492,9,3163,2019-07-06 04:20:40.16
"2019/07/06","04:20:46.91","eq","l",3.6,"l",35.8735,-117.7,3.2,"C",37221948,17,3078,2019-07-06 04:20:46.91
"2019/07/06","04:21:00.22","eq","l",3.53,"l",35.79717,-117.62433,8.5,"A",37263500,37,3262,2019-07-06 04:21:00.22
"2019/07/06","04:21:35.82","eq","l",4.17,"lr",35.77867,-117.61217,2.6,"A",38457871,69,1887,2019-07-06 04:21:35.82
"2019/07/06","04:21:53.76","eq","l",3.62,"l",35.71667,-117.55483,6.8,"A",37222028,29,3078,2019-07-06 04:21:53.76
"2019/07/06","04:22:16.20","eq","l",3.64,"l",35.86117,-117.69117,7.7,"A",37222036,42,3078,2019-07-06 04:22:16.2
"2019/07/06","04:22:39.10","eq","l",3.09,"l",35.913,-117.74467,6.2,"A",37222044,29,3023,2019-07-06 04:22:39.1
"2019/07/06","04:23:14.24","eq","l",2.93,"l",35.89217,-117.706,5.8,"A",37222068,20,2990,2019-07-06 04:23:14.24
"2019/07/06","04:23:29.51","eq","l",3.37,"l",35.65067,-117.488,1.1,"A",37222052,25,3039,2019-07-06 04:23:29.51
"2019/07/06","04:23:29.83","eq","l",3.34,"l",35.8885,-117.71867,4.6,"A",37222060,39,3018,2019-07-06 04:23:29.83
"2019/07/06","04:23:52.58","eq","l",3.09,"l",35.89267,-117.69633,9.7,"A",37263508,15,3187,2019-07-06 04:23:52.58
"2019/07/06","04:24:14.94","eq","l",3.26,"l",35.63567,-117.429,5.7,"A",38457879,30,1743,2019-07-06 04:24:14.94
"2019/07/06","04:24:40.67","eq","l",3.65,"lr",35.89767,-117.6995,7.4,"A",38457895,53,1293,2019-07-06 04:24:40.67
"2019/07/06","04:24:43.32","eq","l",3.67,"l",35.67417,-117.549,8,"A",37222092,24,3042,2019-07-06 04:24:43.32
"2019/07/06","04:25:24.62","eq","l",2.74,"l",35.62817,-117.35517,8.5,"A",37222108,13,2964,2019-07-06 04:25:24.62
"2019/07/06","04:25:36.10","eq","l",2.96,"l",35.88383,-117.73117,3,"A",37222116,26,2976,2019-07-06 04:25:36.1
"2019/07/06","04:26:09.86","eq","l",2.85,"l",35.87,-117.70017,4.1,"A",37222124,17,2949,2019-07-06 04:26:09.86
"2019/07/06","04:26:17.23","eq","l",2.87,"l",35.90317,-117.6905,6.5,"A",37222132,15,2946,2019-07-06 04:26:17.23
"2019/07/06","04:26:37.29","eq","l",3.23,"l",35.90167,-117.71367,10,"A",37222140,29,3024,2019-07-06 04:26:37.29
"2019/07/06","04:26:55.77","eq","l",2.83,"l",35.69183,-117.60783,2,"A",37222148,22,2985,2019-07-06 04:26:55.77
"2019/07/06","04:27:10.34","eq","l",3.59,"lr",35.88717,-117.71317,6,"A",38457903,68,1293,2019-07-06 04:27:10.34
"2019/07/06","04:28:09.26","eq","l",3.51,"l",35.88217,-117.72617,3.8,"A",37222156,62,3030,2019-07-06 04:28:09.26
"2019/07/06","04:28:38.50","eq","l",3.16,"l",35.89533,-117.731,7,"A",37222164,28,3003,2019-07-06 04:28:38.5
"2019/07/06","04:29:02.20","eq","l",3.6,"lr",35.7955,-117.63067,2.8,"A",38457911,68,1426,2019-07-06 04:29:02.2
"2019/07/06","04:29:21.40","eq","l",3.08,"l",35.8655,-117.6895,9.1,"A",37263516,18,3205,2019-07-06 04:29:21.4
"2019/07/06","04:30:03.43","eq","l",3.23,"l",35.89917,-117.6965,2.5,"A",37224788,27,3019,2019-07-06 04:30:03.43
"2019/07/06","04:30:09.21","eq","l",3,"l",35.894,-117.69983,0.8,"A",37263644,10,3197,2019-07-06 04:30:09.21
"2019/07/06","04:30:44.04","eq","l",3.04,"l",35.87233,-117.6735,8.3,"A",38457919,21,1283,2019-07-06 04:30:44.04
"2019/07/06","04:30:46.82","eq","l",3.49,"l",35.68333,-117.51117,10.9,"A",37224748,32,3030,2019-07-06 04:30:46.82
"2019/07/06","04:31:05.25","eq","l",3.54,"l",35.84083,-117.66017,4.8,"A",38457927,61,1379,2019-07-06 04:31:05.25
"2019/07/06","04:31:19.46","eq","l",3.75,"lr",35.56567,-117.39583,3.4,"A",37224756,41,3039,2019-07-06 04:31:19.46
"2019/07/06","04:31:38.20","eq","l",3.41,"l",35.89883,-117.72617,5.8,"A",37224764,26,3015,2019-07-06 04:31:38.2
"2019/07/06","04:31:42.38","eq","l",3.28,"l",35.89367,-117.73367,6.7,"A",37263532,14,3235,2019-07-06 04:31:42.38
"2019/07/06","04:32:02.53","eq","l",2.91,"l",35.9225,-117.71917,3.1,"A",37263540,20,3157,2019-07-06 04:32:02.53
"2019/07/06","04:32:12.86","eq","l",3.17,"l",35.78183,-117.605,4.6,"A",37263548,36,3232,2019-07-06 04:32:12.86
"2019/07/06","04:32:26.13","eq","l",2.91,"l",35.86083,-117.673,5.7,"A",37263556,15,3175,2019-07-06 04:32:26.13
"2019/07/06","04:32:42.69","eq","l",2.97,"l",35.66183,-117.53567,9.1,"A",37263564,42,3229,2019-07-06 04:32:42.69
"2019/07/06","04:33:04.73","eq","l",2.84,"l",35.89233,-117.69933,7,"A",37263660,21,3142,2019-07-06 04:33:04.73
"2019/07/06","04:33:12.36","eq","l",2.9,"l",35.92583,-117.71867,6.4,"A",37263668,15,3154,2019-07-06 04:33:12.36
"2019/07/06","04:33:24.41","eq","l",3.34,"l",35.9205,-117.714,2.6,"A",38457935,57,1238,2019-07-06 04:33:24.41
"2019/07/06","04:33:34.33","eq","l",2.98,"l",35.88667,-117.71383,5.2,"A",37263676,13,3187,2019-07-06 04:33:34.33
"2019/07/06","04:33:40.15","eq","l",3.05,"l",35.87867,-117.703,6.6,"A",37263684,17,3203,2019-07-06 04:33:40.15
"2019/07/06","04:33:50.06","eq","l",3.61,"lr",35.8285,-117.6625,3,"A",37224772,54,3058,2019-07-06 04:33:50.06
"2019/07/06","04:34:01.80","eq","l",3.22,"l",35.87417,-117.70217,6.3,"A",37224796,24,3025,2019-07-06 04:34:01.8
"2019/07/06","04:34:11.15","eq","l",3.53,"l",35.8965,-117.73983,7.8,"A",37224780,36,3052,2019-07-06 04:34:11.15
"2019/07/06","04:34:24.33","eq","l",3.13,"l",35.87367,-117.71633,4.5,"A",37224804,27,3013,2019-07-06 04:34:24.33
"2019/07/06","04:34:38.32","eq","l",3.18,"l",35.67517,-117.53483,7.8,"A",37224812,24,3030,2019-07-06 04:34:38.32
"2019/07/06","04:34:47.83","eq","l",2.78,"l",35.90533,-117.72333,5.9,"A",37263700,16,3109,2019-07-06 04:34:47.83
"2019/07/06","04:34:59.88","eq","l",2.57,"l",35.89983,-117.742,6.6,"A",37263692,15,2992,2019-07-06 04:34:59.88
"2019/07/06","04:35:15.90","eq","l",3.21,"l",35.5975,-117.40433,4.9,"A",37224820,28,3036,2019-07-06 04:35:15.9
"2019/07/06","04:35:19.44","eq","l",3.79,"lr",35.89717,-117.72517,4.2,"A",37224908,69,3069,2019-07-06 04:35:19.44
"2019/07/06","04:36:19.87","eq","l",2.74,"l",35.95817,-117.70983,7.8,"A",37224916,13,2907,2019-07-06 04:36:19.87
"2019/07/06","04:36:30.49","eq","l",3.17,"l",35.70617,-117.512,2.3,"A",38457951,31,1566,2019-07-06 04:36:30.49
"2019/07/06","04:36:34.90","eq","l",2.88,"l",35.909,-117.68283,7.5,"A",37224956,21,2970,2019-07-06 04:36:34.9
"2019/07/06","04:36:43.37","eq","l",2.86,"l",35.8755,-117.69317,8.4,"A",37224940,16,2970,2019-07-06 04:36:43.37
"2019/07/06","04:36:50.23","eq","l",3.8,"lr",35.86883,-117.70667,2.8,"A",37224932,36,3072,2019-07-06 04:36:50.23
"2019/07/06","04:36:55.31","eq","l",4.85,"w",35.9,-117.73767,1.9,"A",38457967,108,2176,2019-07-06 04:36:55.31
"2019/07/06","04:37:13.57","eq","l",4.33,"lr",35.91,-117.74533,8,"A",37224964,40,3094,2019-07-06 04:37:13.57
"2019/07/06","04:37:31.52","eq","l",3.22,"l",35.70517,-117.52667,8.9,"B",37263716,11,3244,2019-07-06 04:37:31.52
"2019/07/06","04:37:43.64","eq","l",3.27,"l",35.82667,-117.6645,8.4,"A",37224972,14,3048,2019-07-06 04:37:43.64
"2019/07/06","04:38:08.61","eq","l",3.59,"lr",35.63267,-117.434,6.3,"A",37263724,57,3269,2019-07-06 04:38:08.61
"2019/07/06","04:38:24.63","eq","l",3.02,"l",35.686,-117.5345,8.1,"A",37263732,14,3229,2019-07-06 04:38:24.63
"2019/07/06","04:39:10.04","eq","l",3.15,"l",35.88933,-117.74317,6.6,"A",38457975,36,820,2019-07-06 04:39:10.04
"2019/07/06","04:39:43.93","eq","l",3.42,"l",35.89017,-117.7095,8.4,"A",37224980,24,3061,2019-07-06 04:39:43.93
"2019/07/06","04:39:46.02","eq","l",3.4,"l",35.89,-117.711,7.5,"A",37224988,19,3058,2019-07-06 04:39:46.02
"2019/07/06","04:40:09.69","eq","l",3.42,"l",35.837,-117.66633,9.8,"A",37224996,39,3061,2019-07-06 04:40:09.69
"2019/07/06","04:40:15.98","eq","l",4.24,"lr",35.64283,-117.44567,2.9,"A",38457983,79,2045,2019-07-06 04:40:15.98
"2019/07/06","04:40:39.61","eq","l",3.39,"l",35.8805,-117.71517,3.4,"A",37225004,29,3049,2019-07-06 04:40:39.61
"2019/07/06","04:41:03.05","eq","l",3.61,"lr",35.89933,-117.72483,5.6,"A",38457991,46,1287,2019-07-06 04:41:03.05
"2019/07/06","04:41:36.26","eq","l",2.79,"l",35.885,-117.72983,3.4,"A",37225012,16,2940,2019-07-06 04:41:36.26
"2019/07/06","04:41:49.21","eq","l",3.45,"lr",35.88683,-117.691,6.8,"A",38457999,86,1326,2019-07-06 04:41:49.21
"2019/07/06","04:42:16.44","eq","l",2.62,"l",36.08617,-117.77383,8.4,"A",37225020,12,2854,2019-07-06 04:42:16.44
"2019/07/06","04:42:26.86","eq","l",2.77,"l",35.95133,-117.83483,8.2,"A",37225028,16,2926,2019-07-06 04:42:26.86
"2019/07/06","04:42:47.40","eq","l",2.74,"l",35.6105,-117.59867,5.3,"C",37225036,11,2980,2019-07-06 04:42:47.4
"2019/07/06","04:42:54.39","eq","l",3.36,"l",35.6915,-117.6045,6.6,"A",38458007,70,1570,2019-07-06 04:42:54.39
"2019/07/06","04:43:22.91","eq","l",3.14,"l",35.6975,-117.5495,10.4,"A",37225044,47,3040,2019-07-06 04:43:22.91
"2019/07/06","04:44:09.19","eq","l",3.03,"l",35.887,-117.72767,6.2,"A",38458015,41,807,2019-07-06 04:44:09.19
"2019/07/06","04:44:32.39","eq","l",3.33,"l",35.62283,-117.57917,7,"A",38458023,36,1711,2019-07-06 04:44:32.39
"2019/07/06","04:44:37.67","eq","l",3.14,"l",35.9085,-117.74117,6.5,"A",37225084,28,3007,2019-07-06 04:44:37.67
"2019/07/06","04:45:22.59","eq","l",2.53,"l",35.924,-117.71217,6.7,"A",37225124,24,2824,2019-07-06 04:45:22.59
"2019/07/06","04:45:25.55","eq","l",2.88,"l",35.675,-117.4715,4.5,"A",37225140,14,2989,2019-07-06 04:45:25.55
"2019/07/06","04:45:28.81","eq","l",2.6,"l",35.87233,-117.672,10.3,"A",37225132,17,2857,2019-07-06 04:45:28.81
"2019/07/06","04:45:36.47","eq","l",3.56,"l",35.90517,-117.72417,4.5,"A",38458031,84,1296,2019-07-06 04:45:36.47
"2019/07/06","04:45:40.92","eq","l",3.33,"l",35.903,-117.67483,9,"A",37225100,20,3019,2019-07-06 04:45:40.92
"2019/07/06","04:46:10.12","eq","l",2.6,"l",35.90783,-117.71883,2.1,"A",37225148,17,2854,2019-07-06 04:46:10.12
"2019/07/06","04:46:37.60","eq","l",2.89,"l",35.898,-117.73033,6.5,"A",37225156,21,2929,2019-07-06 04:46:37.6
"2019/07/06","04:47:30.93","eq","l",3.05,"l",35.754,-117.55167,11.1,"A",38458047,67,1492,2019-07-06 04:47:30.93
"2019/07/06","04:47:37.15","eq","l",3.16,"l",35.63033,-117.36017,4.8,"A",37225172,9,3001,2019-07-06 04:47:37.15
"2019/07/06","04:48:10.82","eq","l",2.9,"l",35.65117,-117.45767,5.7,"A",37225180,40,2974,2019-07-06 04:48:10.82
"2019/07/06","04:48:35.64","eq","l",2.97,"l",35.87933,-117.69183,4.2,"A",37225188,28,2962,2019-07-06 04:48:35.64
"2019/07/06","04:48:48.86","eq","l",3.12,"l",35.82933,-117.6585,7.4,"A",37225196,39,2995,2019-07-06 04:48:48.86
"2019/07/06","04:48:57.88","eq","l",2.97,"l",35.86867,-117.70367,5.8,"A",37263740,17,3185,2019-07-06 04:48:57.88
"2019/07/06","04:49:02.34","eq","l",3.05,"l",35.64267,-117.44067,2.6,"A",37225204,24,2995,2019-07-06 04:49:02.34
"2019/07/06","04:49:19.14","eq","l",2.65,"l",35.861,-117.6645,8.3,"A",37225212,23,2872,2019-07-06 04:49:19.14
"2019/07/06","04:49:42.55","eq","l",3.71,"lr",35.8815,-117.73017,8.1,"A",38458063,91,1318,2019-07-06 04:49:42.55
"2019/07/06","04:49:56.62","eq","l",2.98,"l",35.78267,-117.64717,9.3,"A",37263756,18,3203,2019-07-06 04:49:56.62
"2019/07/06","04:50:04.10","eq","l",3.68,"lr",35.79067,-117.61333,7.2,"A",37225220,40,3048,2019-07-06 04:50:04.1
"2019/07/06","04:50:11.88","eq","l",3.51,"lr",35.892,-117.72883,5.6,"A",37263764,18,3256,2019-07-06 04:50:11.88
"2019/07/06","04:50:16.12","eq","l",3.72,"lr",35.896,-117.732,7.2,"A",37225228,40,1261,2019-07-06 04:50:16.12
"2019/07/06","04:50:23.49","eq","l",3.41,"l",35.897,-117.70817,5.6,"A",37263772,11,3253,2019-07-06 04:50:23.49
"2019/07/06","04:50:42.22","eq","l",3.45,"l",35.70783,-117.50083,1.5,"A",37225388,19,3042,2019-07-06 04:50:42.22
"2019/07/06","04:51:03.29","eq","l",2.6,"l",35.61217,-117.46417,3.9,"A",37225396,12,2886,2019-07-06 04:51:03.29
"2019/07/06","04:51:40.76","eq","l",2.65,"l",35.6615,-117.45633,4.7,"A",37263804,13,3137,2019-07-06 04:51:40.76
"2019/07/06","04:51:43.57","eq","l",2.82,"l",35.879,-117.709,6.1,"A",37225404,31,2893,2019-07-06 04:51:43.57
"2019/07/06","04:51:49.07","eq","l",3.04,"l",35.923,-117.71133,3.9,"A",37225412,18,2953,2019-07-06 04:51:49.07
"2019/07/06","04:52:04.01","eq","l",4.55,"w",35.8895,-117.73233,5.4,"A",38458071,58,1297,2019-07-06 04:52:04.01
"2019/07/06","04:52:17.71","eq","l",4.47,"lr",35.87733,-117.6945,3.3,"A",38458079,151,2151,2019-07-06 04:52:17.71
"2019/07/06","04:52:45.23","eq","l",3.4,"l",35.86983,-117.6935,2.5,"A",37225420,17,2992,2019-07-06 04:52:45.23
"2019/07/06","04:53:03.96","eq","l",3.54,"l",35.89667,-117.73533,6.8,"A",37225428,27,2998,2019-07-06 04:53:03.96
"2019/07/06","04:53:41.99","eq","l",3.98,"lr",35.875,-117.6595,6.9,"A",38458087,93,1816,2019-07-06 04:53:41.99
"2019/07/06","04:53:45.34","eq","l",3.66,"lr",35.59217,-117.5275,9.9,"A",37225436,17,1256,2019-07-06 04:53:45.34
"2019/07/06","04:54:04.72","eq","l",2.94,"l",35.91383,-117.71067,7.3,"A",37225452,17,2932,2019-07-06 04:54:04.72
"2019/07/06","04:54:34.81","eq","l",2.94,"l",35.89367,-117.7225,5.4,"A",38458095,32,803,2019-07-06 04:54:34.81
"2019/07/06","04:55:21.89","eq","l",3,"l",35.71333,-117.5515,4.8,"A",37225548,25,2974,2019-07-06 04:55:21.89
"2019/07/06","04:55:22.74","eq","l",3.14,"l",35.74133,-117.56617,11.2,"A",38458103,38,1042,2019-07-06 04:55:22.74
"2019/07/06","04:55:47.03","eq","l",3.04,"l",35.8775,-117.70217,11,"A",38458111,35,824,2019-07-06 04:55:47.03
"2019/07/06","04:56:02.22","eq","l",3.22,"l",35.8755,-117.65533,7.3,"A",38458119,52,819,2019-07-06 04:56:02.22
"2019/07/06","04:56:13.98","eq","l",2.6,"l",35.52183,-117.39267,5.9,"A",37426981,10,2905,2019-07-06 04:56:13.98
"2019/07/06","04:57:26.62","eq","l",3.26,"l",35.926,-117.7065,3.9,"A",38458127,45,976,2019-07-06 04:57:26.62
"2019/07/06","04:58:12.04","eq","l",3.45,"lr",35.63217,-117.433,3.2,"A",38458135,56,1686,2019-07-06 04:58:12.04
"2019/07/06","04:58:36.69","eq","l",4.03,"lr",35.70733,-117.57067,2.9,"A",38458143,90,1981,2019-07-06 04:58:36.69
"2019/07/06","04:59:04.03","eq","l",2.81,"l",35.88833,-117.72167,9.3,"A",37427045,16,2884,2019-07-06 04:59:04.03
"2019/07/06","04:59:16.42","eq","l",2.98,"l",35.87317,-117.716,8.4,"A",37427053,29,2950,2019-07-06 04:59:16.42
"2019/07/06","04:59:44.74","eq","l",2.62,"l",35.86667,-117.70283,8.9,"A",37427061,25,2769,2019-07-06 04:59:44.74
"2019/07/06","05:00:00.78","eq","l",2.67,"l",35.90183,-117.76867,4.2,"A",37427069,15,2857,2019-07-06 05:00:00.78
"2019/07/06","05:00:29.05","eq","l",3.24,"l",35.88133,-117.70417,2.9,"A",38458159,77,1303,2019-07-06 05:00:29.05
"2019/07/06","05:00:43.61","eq","l",3.09,"l",35.90317,-117.731,6.2,"A",37427093,30,2970,2019-07-06 05:00:43.61
"2019/07/06","05:00:54.29","eq","l",2.84,"l",35.87717,-117.6915,9.3,"A",37427101,22,2920,2019-07-06 05:00:54.29
"2019/07/06","05:01:43.09","eq","l",2.91,"l",35.90667,-117.7255,5.4,"A",37427165,10,2930,2019-07-06 05:01:43.09
"2019/07/06","05:01:50.66","eq","l",2.98,"l",35.8945,-117.69683,6.2,"A",37427173,27,2953,2019-07-06 05:01:50.66
"2019/07/06","05:01:51.26","eq","l",2.93,"l",35.9375,-117.672,11.2,"A",37427181,8,2989,2019-07-06 05:01:51.26
"2019/07/06","05:01:53.03","eq","l",3,"l",35.70967,-117.54683,6.6,"A",37427197,28,2977,2019-07-06 05:01:53.03
"2019/07/06","05:02:35.72","eq","l",2.61,"l",35.78683,-117.62333,3.4,"A",37427205,12,2854,2019-07-06 05:02:35.72
"2019/07/06","05:02:57.52","eq","l",2.6,"l",35.89117,-117.73483,10.4,"A",37427245,25,2830,2019-07-06 05:02:57.52
"2019/07/06","05:03:07.18","eq","l",3.51,"l",35.8925,-117.71267,2.4,"A",37427213,61,1314,2019-07-06 05:03:07.18
"2019/07/06","05:04:19.72","eq","l",3.63,"lr",35.87933,-117.69483,7.4,"A",38458175,85,1320,2019-07-06 05:04:19.72
"2019/07/06","05:04:23.38","eq","l",3.61,"lr",35.88067,-117.69783,5.7,"A",37427253,23,3022,2019-07-06 05:04:23.38
"2019/07/06","05:04:41.92","eq","l",2.73,"l",35.90033,-117.72617,8.3,"A",37427261,10,2869,2019-07-06 05:04:41.92
"2019/07/06","05:04:53.86","eq","l",3.11,"l",35.88467,-117.706,2.6,"A",38458183,30,811,2019-07-06 05:04:53.86
"2019/07/06","05:05:06.07","eq","l",2.76,"l",35.87883,-117.70167,5.9,"A",37427373,17,2884,2019-07-06 05:05:06.07
"2019/07/06","05:05:35.65","eq","l",2.95,"l",35.905,-117.72817,6.3,"A",37427381,31,2947,2019-07-06 05:05:35.65
"2019/07/06","05:05:54.09","eq","l",2.5,"l",35.617,-117.46917,3.2,"A",37427389,10,2848,2019-07-06 05:05:54.09
"2019/07/06","05:06:09.59","eq","l",2.78,"l",35.90367,-117.70167,7.2,"A",38458191,32,591,2019-07-06 05:06:09.59
"2019/07/06","05:06:17.80","eq","l",2.7,"l",35.8325,-117.62167,12.4,"A",37427397,9,2881,2019-07-06 05:06:17.8
"2019/07/06","05:06:56.03","eq","l",3.27,"l",35.9165,-117.73333,6.2,"A",38458199,55,465,2019-07-06 05:06:56.03
"2019/07/06","05:07:05.69","eq","l",2.93,"l",35.58367,-117.32383,2.7,"A",38458207,16,800,2019-07-06 05:07:05.69
"2019/07/06","05:08:11.26","eq","l",3.67,"lr",35.717,-117.56367,8,"A",38458215,118,1566,2019-07-06 05:08:11.26
"2019/07/06","05:08:42.57","eq","l",3,"l",35.68033,-117.46367,1.6,"A",37427405,19,2976,2019-07-06 05:08:42.57
"2019/07/06","05:09:31.79","eq","l",3.44,"lr",35.75267,-117.5785,3.2,"A",38458223,61,1486,2019-07-06 05:09:31.79
"2019/07/06","05:09:59.59","eq","l",3.11,"l",35.91667,-117.71133,2.5,"A",37427421,24,2963,2019-07-06 05:09:59.59
"2019/07/06","05:10:09.26","eq","l",3.51,"l",35.89183,-117.72183,4,"A",37427437,37,3001,2019-07-06 05:10:09.26
"2019/07/06","05:10:37.38","eq","l",2.55,"l",35.7695,-117.59333,5.3,"A",37427445,22,2773,2019-07-06 05:10:37.38
"2019/07/06","05:10:44.28","eq","l",2.52,"l",35.89483,-117.72967,4.7,"A",38458231,13,909,2019-07-06 05:10:44.28
"2019/07/06","05:11:33.12","eq","l",2.72,"l",35.88683,-117.73267,7.5,"A",38458239,33,608,2019-07-06 05:11:33.12
"2019/07/06","05:12:11.47","eq","l",2.59,"l",35.90883,-117.69633,11.9,"A",37263852,12,3011,2019-07-06 05:12:11.47
"2019/07/06","05:12:13.04","eq","l",2.99,"l",35.88233,-117.6475,9.4,"A",38458247,34,816,2019-07-06 05:12:13.04
"2019/07/06","05:12:14.24","eq","l",2.71,"l",35.675,-117.47567,11.7,"A",37427469,10,2916,2019-07-06 05:12:14.24
"2019/07/06","05:12:14.57","eq","l",2.69,"l",35.65917,-117.47783,9.8,"A",37263844,8,3155,2019-07-06 05:12:14.57
"2019/07/06","05:12:36.30","eq","l",2.64,"l",35.647,-117.49267,3.1,"A",37427533,15,2925,2019-07-06 05:12:36.3
"2019/07/06","05:12:55.38","eq","l",2.78,"l",35.89233,-117.72283,11.2,"A",38458255,24,816,2019-07-06 05:12:55.38
"2019/07/06","05:13:02.51","eq","l",2.57,"l",36.03067,-117.75483,4.4,"A",37427541,11,2817,2019-07-06 05:13:02.51
"2019/07/06","05:13:10.39","eq","l",2.52,"l",35.673,-117.46717,2.2,"A",37427549,6,2871,2019-07-06 05:13:10.39
"2019/07/06","05:13:14.99","eq","l",3.97,"lr",35.8755,-117.66083,7.1,"A",38458263,98,1810,2019-07-06 05:13:14.99
"2019/07/06","05:13:51.49","eq","l",3.21,"l",35.9065,-117.72383,6,"A",37427557,23,3007,2019-07-06 05:13:51.49
"2019/07/06","05:14:21.89","eq","l",2.7,"l",35.81717,-117.65117,6.1,"B",37427589,6,2895,2019-07-06 05:14:21.89
"2019/07/06","05:14:22.18","eq","l",2.86,"l",35.88983,-117.72467,6.7,"A",38458271,33,802,2019-07-06 05:14:22.18
"2019/07/06","05:14:54.79","eq","l",2.91,"l",35.57783,-117.37817,6.2,"A",37226684,18,2983,2019-07-06 05:14:54.79
"2019/07/06","05:14:56.88","eq","l",3.38,"l",35.75083,-117.55933,10.9,"A",38458287,40,1502,2019-07-06 05:14:56.88
"2019/07/06","05:15:18.85","eq","l",2.57,"l",35.74083,-117.56583,10.3,"A",37226692,20,2868,2019-07-06 05:15:18.85
"2019/07/06","05:15:31.40","eq","l",2.99,"l",35.56567,-117.45133,4.2,"B",37226836,10,3007,2019-07-06 05:15:31.4
"2019/07/06","05:15:37.24","eq","l",3.52,"l",35.91283,-117.74483,8.6,"A",38458295,64,1263,2019-07-06 05:15:37.24
"2019/07/06","05:16:05.28","eq","l",3.32,"l",35.91167,-117.7355,7.3,"A",37226844,32,3022,2019-07-06 05:16:05.28
"2019/07/06","05:16:20.47","eq","l",3.17,"l",35.913,-117.73133,4.6,"A",37226852,38,3004,2019-07-06 05:16:20.47
"2019/07/06","05:16:46.88","eq","l",2.64,"l",35.889,-117.72467,3.1,"A",37226860,31,2859,2019-07-06 05:16:46.88
"2019/07/06","05:17:08.06","eq","l",2.78,"l",35.91017,-117.7305,4.2,"A",37226868,28,2896,2019-07-06 05:17:08.06
"2019/07/06","05:17:31.24","eq","l",2.7,"l",35.62983,-117.41033,7.4,"A",37226876,15,2941,2019-07-06 05:17:31.24
"2019/07/06","05:17:35.96","eq","l",2.53,"l",35.8825,-117.65183,8.6,"A",37226892,17,2821,2019-07-06 05:17:35.96
"2019/07/06","05:17:49.53","eq","l",2.9,"l",35.88433,-117.69867,2.7,"A",37226884,44,2953,2019-07-06 05:17:49.53
"2019/07/06","05:18:20.84","eq","l",2.54,"l",35.87433,-117.70533,2.2,"A",37226908,19,2824,2019-07-06 05:18:20.84
"2019/07/06","05:18:30.31","eq","l",3.07,"l",35.8905,-117.73383,5.2,"A",37226900,44,2980,2019-07-06 05:18:30.31
"2019/07/06","05:19:37.35","eq","l",3.06,"l",35.70067,-117.551,10.7,"A",38458303,48,1055,2019-07-06 05:19:37.35
"2019/07/06","05:20:43.89","eq","l",2.61,"l",35.81967,-117.63317,3.9,"A",38458311,18,851,2019-07-06 05:20:43.89
"2019/07/06","05:21:02.30","eq","l",3.06,"l",35.7465,-117.5485,5.2,"A",37226940,36,2989,2019-07-06 05:21:02.3
"2019/07/06","05:21:11.12","eq","l",3.26,"l",35.60017,-117.42733,1.8,"A",38458327,20,1575,2019-07-06 05:21:11.12
"2019/07/06","05:21:21.76","eq","l",2.82,"l",35.87483,-117.6505,6.5,"A",37263868,22,3131,2019-07-06 05:21:21.76
"2019/07/06","05:21:34.75","eq","l",2.56,"l",35.902,-117.72417,9.3,"A",37226948,14,2884,2019-07-06 05:21:34.75
"2019/07/06","05:21:36.18","eq","l",2.95,"l",35.797,-117.5895,10.7,"A",37263884,38,3191,2019-07-06 05:21:36.18
"2019/07/06","05:22:17.35","eq","l",2.64,"l",35.63383,-117.45367,2.7,"A",37263892,18,3131,2019-07-06 05:22:17.35
"2019/07/06","05:22:31.12","eq","l",2.99,"l",35.58917,-117.39167,5.8,"A",38458335,28,1476,2019-07-06 05:22:31.12
"2019/07/06","05:22:34.42","eq","l",3.06,"l",35.87967,-117.691,2.9,"A",37226956,33,3010,2019-07-06 05:22:34.42
"2019/07/06","05:22:52.80","eq","l",3.16,"l",35.90633,-117.7225,6.3,"A",37226964,26,3022,2019-07-06 05:22:52.8
"2019/07/06","05:23:22.20","eq","l",2.86,"l",35.87067,-117.70267,5.1,"A",38458343,27,783,2019-07-06 05:23:22.2
"2019/07/06","05:23:49.83","eq","l",3.05,"l",35.89533,-117.70633,6.5,"A",38458359,42,1285,2019-07-06 05:23:49.83
"2019/07/06","05:24:08.65","eq","l",2.83,"l",35.71883,-117.56383,10.1,"A",38458351,17,801,2019-07-06 05:24:08.65
"2019/07/06","05:24:10.51","eq","l",2.81,"l",35.88767,-117.713,6.8,"A",37263972,11,3104,2019-07-06 05:24:10.51
"2019/07/06","05:24:17.13","eq","l",2.96,"l",35.74383,-117.53933,13.9,"A",37227004,14,3013,2019-07-06 05:24:17.13
"2019/07/06","05:25:04.87","eq","l",4.29,"lr",35.833,-117.6775,3.4,"A",38458375,164,1845,2019-07-06 05:25:04.87
"2019/07/06","05:25:36.71","eq","l",3.5,"l",35.73317,-117.561,6.8,"A",37227020,23,3061,2019-07-06 05:25:36.71
"2019/07/06","05:25:41.85","eq","l",3.32,"l",35.90917,-117.7,6.2,"A",37263980,16,3233,2019-07-06 05:25:41.85
"2019/07/06","05:26:05.99","eq","l",3.3,"l",35.90333,-117.72017,6.2,"A",38458383,41,1271,2019-07-06 05:26:05.99
"2019/07/06","05:26:24.44","eq","l",2.93,"l",35.78467,-117.61633,3.6,"A",37227028,19,2995,2019-07-06 05:26:24.44
"2019/07/06","05:26:53.00","eq","l",3.45,"lr",35.64683,-117.46017,3.1,"A",38458391,50,1830,2019-07-06 05:26:53
"2019/07/06","05:27:05.02","eq","l",3.44,"l",35.85633,-117.6735,2.7,"A",37227036,31,3031,2019-07-06 05:27:05.02
"2019/07/06","05:27:28.12","eq","l",3.07,"l",35.89283,-117.73767,8.6,"A",37227044,28,2995,2019-07-06 05:27:28.12
"2019/07/06","05:27:42.15","eq","l",2.94,"l",35.87467,-117.71367,8.3,"A",37227052,15,2977,2019-07-06 05:27:42.15
"2019/07/06","05:28:05.08","eq","l",3.04,"l",35.56217,-117.52483,7.1,"A",37227068,16,3010,2019-07-06 05:28:05.08
"2019/07/06","05:28:39.22","eq","l",3.16,"l",35.90267,-117.72583,5.4,"A",38458407,34,1654,2019-07-06 05:28:39.22
"2019/07/06","05:28:43.14","eq","l",3.48,"lr",35.85017,-117.65867,11,"A",37227076,48,3007,2019-07-06 05:28:43.14
"2019/07/06","05:29:07.27","eq","l",3.17,"l",35.90883,-117.67567,4.1,"A",37227084,17,2992,2019-07-06 05:29:07.27
"2019/07/06","05:29:28.65","eq","l",3,"l",35.64633,-117.4525,5,"A",37227156,22,2986,2019-07-06 05:29:28.65
"2019/07/06","05:29:40.36","eq","l",3.04,"l",35.8915,-117.73017,4,"A",38458415,49,801,2019-07-06 05:29:40.36
"2019/07/06","05:30:17.98","eq","l",2.63,"l",35.76783,-117.57667,2.6,"A",37227164,17,2863,2019-07-06 05:30:17.98
"2019/07/06","05:30:39.78","eq","l",2.66,"l",35.90183,-117.6945,7.1,"A",38458423,32,793,2019-07-06 05:30:39.78
"2019/07/06","05:30:43.69","eq","l",3.09,"l",35.54933,-117.38467,4.5,"A",37227172,31,2989,2019-07-06 05:30:43.69
"2019/07/06","05:31:56.58","eq","l",3.39,"l",35.855,-117.682,8.7,"A",38458431,51,1341,2019-07-06 05:31:56.58
"2019/07/06","05:32:17.91","eq","l",3.1,"l",35.8945,-117.72017,8.6,"A",37227196,17,2962,2019-07-06 05:32:17.91
"2019/07/06","05:32:29.14","eq","l",3.27,"l",35.881,-117.69333,2.7,"A",37227204,41,2983,2019-07-06 05:32:29.14
"2019/07/06","05:32:43.08","eq","l",3.14,"l",35.8595,-117.69067,9,"A",37227220,33,2971,2019-07-06 05:32:43.08
"2019/07/06","05:32:49.97","eq","l",2.72,"l",35.90683,-117.69883,6,"A",37263988,15,3068,2019-07-06 05:32:49.97
"2019/07/06","05:32:59.94","eq","l",3.61,"lr",35.84417,-117.67967,7.7,"A",38458439,71,1359,2019-07-06 05:32:59.94
"2019/07/06","05:33:13.66","eq","l",3.38,"l",35.88617,-117.6685,2.5,"A",37227228,22,2995,2019-07-06 05:33:13.66
"2019/07/06","05:33:43.45","eq","l",2.67,"l",35.692,-117.53167,7.7,"A",37227236,13,2896,2019-07-06 05:33:43.45
"2019/07/06","05:34:08.11","eq","l",3.03,"l",35.66967,-117.51567,1.6,"A",38458447,35,1134,2019-07-06 05:34:08.11
"2019/07/06","05:34:30.38","eq","l",2.74,"l",35.612,-117.464,8.6,"A",37227244,10,2938,2019-07-06 05:34:30.38
"2019/07/06","05:35:04.88","eq","l",2.68,"l",35.91233,-117.72067,2.8,"A",38458455,36,585,2019-07-06 05:35:04.88
"2019/07/06","05:35:27.51","eq","l",2.67,"l",35.892,-117.7205,6.1,"A",37227252,16,2854,2019-07-06 05:35:27.51
"2019/07/06","05:35:33.18","eq","l",2.88,"l",35.87883,-117.7055,11.2,"A",38458463,32,789,2019-07-06 05:35:33.18
"2019/07/06","05:35:50.45","eq","l",2.89,"l",35.90883,-117.6855,9,"A",37227260,33,2917,2019-07-06 05:35:50.45
"2019/07/06","05:36:11.58","eq","l",2.5,"l",35.82417,-117.64167,4.6,"A",37227268,33,2791,2019-07-06 05:36:11.58
"2019/07/06","05:36:46.60","eq","l",2.85,"l",35.741,-117.56633,6.9,"A",38458471,62,1038,2019-07-06 05:36:46.6
"2019/07/06","05:37:30.43","eq","l",3.32,"l",35.87933,-117.71533,4.4,"A",38458479,83,1297,2019-07-06 05:37:30.43
"2019/07/06","05:38:14.42","eq","l",2.74,"l",35.87417,-117.71083,3,"A",37227324,15,2866,2019-07-06 05:38:14.42
"2019/07/06","05:38:55.05","eq","l",2.64,"l",35.895,-117.719,6.8,"A",37227332,18,2836,2019-07-06 05:38:55.05
"2019/07/06","05:39:14.30","eq","l",3.44,"l",35.799,-117.62717,9.8,"A",38458487,76,1417,2019-07-06 05:39:14.3
"2019/07/06","05:40:08.51","eq","l",3.27,"l",35.888,-117.6785,9.3,"A",38458495,30,1296,2019-07-06 05:40:08.51
"2019/07/06","05:40:09.27","eq","l",3.13,"l",35.72817,-117.56833,6.8,"A",37227348,27,2977,2019-07-06 05:40:09.27
"2019/07/06","05:40:16.28","eq","l",3.26,"l",35.8545,-117.65267,11.5,"A",37227356,25,2983,2019-07-06 05:40:16.28
"2019/07/06","05:41:32.24","eq","l",3.56,"lr",35.78383,-117.60417,3,"A",38458503,54,1430,2019-07-06 05:41:32.24
"2019/07/06","05:41:36.03","eq","l",3.66,"lr",35.55867,-117.419,8.9,"A",37227372,17,3013,2019-07-06 05:41:36.03
"2019/07/06","05:41:48.39","eq","l",3.78,"lr",35.77717,-117.55733,10.9,"A",37227380,50,3019,2019-07-06 05:41:48.39
"2019/07/06","05:42:32.47","eq","l",2.99,"l",35.89383,-117.731,5.3,"A",37227388,26,2953,2019-07-06 05:42:32.47
"2019/07/06","05:42:32.85","eq","l",2.88,"l",35.52833,-117.3445,5.5,"A",37227396,11,2968,2019-07-06 05:42:32.85
"2019/07/06","05:42:45.36","eq","l",2.89,"l",35.58417,-117.38583,7.3,"A",37227404,11,2968,2019-07-06 05:42:45.36
"2019/07/06","05:43:06.41","eq","l",2.78,"l",35.673,-117.49683,1.5,"A",37227412,20,2935,2019-07-06 05:43:06.41
"2019/07/06","05:43:22.37","eq","l",3.34,"l",35.89467,-117.714,3.1,"A",38458511,67,1306,2019-07-06 05:43:22.37
"2019/07/06","05:43:49.05","eq","l",2.82,"l",35.64817,-117.4895,5,"A",37227476,22,1482,2019-07-06 05:43:49.05
"2019/07/06","05:43:49.86","eq","l",2.84,"l",35.86633,-117.71517,3.8,"A",38458519,29,812,2019-07-06 05:43:49.86
"2019/07/06","05:44:08.93","eq","l",3.44,"l",35.92283,-117.71133,3.4,"A",38458527,56,1223,2019-07-06 05:44:08.93
"2019/07/06","05:44:17.23","eq","l",3.35,"l",35.90033,-117.66933,9.1,"A",37227500,26,2989,2019-07-06 05:44:17.23
"2019/07/06","05:44:32.76","eq","l",2.91,"l",35.90533,-117.723,6,"A",37227508,21,2926,2019-07-06 05:44:32.76
"2019/07/06","05:44:39.79","eq","l",2.77,"l",35.61217,-117.37467,7.3,"A",37227516,10,2941,2019-07-06 05:44:39.79
"2019/07/06","05:44:52.01","eq","l",2.7,"l",35.68283,-117.51717,8,"A",37227524,27,2911,2019-07-06 05:44:52.01
"2019/07/06","05:45:26.32","eq","l",3.08,"l",35.92617,-117.70417,2.8,"A",38458535,56,771,2019-07-06 05:45:26.32
"2019/07/06","05:45:41.87","eq","l",2.84,"l",35.88967,-117.70817,6.6,"A",37227532,25,2896,2019-07-06 05:45:41.87
"2019/07/06","05:46:06.84","eq","l",3.05,"l",35.7085,-117.553,2.1,"A",38458543,48,1045,2019-07-06 05:46:06.84
"2019/07/06","05:47:08.60","eq","l",2.71,"l",35.71317,-117.54067,1.7,"A",37227796,51,2916,2019-07-06 05:47:08.6
"2019/07/06","05:48:03.75","eq","l",2.5,"l",35.69767,-117.53217,9.7,"A",37227812,30,2833,2019-07-06 05:48:03.75
"2019/07/06","05:49:57.47","eq","l",3.03,"l",35.63917,-117.4645,2.9,"A",37227996,35,2962,2019-07-06 05:49:57.47
"2019/07/06","05:50:15.30","eq","l",3.02,"l",35.63083,-117.45533,8.8,"A",37228004,20,2977,2019-07-06 05:50:15.3
"2019/07/06","05:50:16.35","eq","l",2.86,"l",35.8875,-117.72283,4,"A",37227988,28,2917,2019-07-06 05:50:16.35
"2019/07/06","05:50:49.26","eq","l",2.69,"l",35.62617,-117.47617,8.9,"A",37228012,32,1603,2019-07-06 05:50:49.26
"2019/07/06","05:51:30.69","eq","l",2.78,"l",35.889,-117.71767,9.3,"A",37228036,28,1320,2019-07-06 05:51:30.69
"2019/07/06","05:51:49.70","eq","l",3.39,"l",35.91433,-117.713,3.8,"A",38458567,40,1041,2019-07-06 05:51:49.7
"2019/07/06","05:52:05.35","eq","l",3.62,"lr",35.60583,-117.403,5.3,"A",38458575,67,2043,2019-07-06 05:52:05.35
"2019/07/06","05:52:50.32","eq","l",2.8,"l",35.89833,-117.7275,6.4,"A",37228052,27,2884,2019-07-06 05:52:50.32
"2019/07/06","05:52:55.39","eq","l",2.92,"l",35.91583,-117.7095,3.4,"A",37228068,15,2929,2019-07-06 05:52:55.39
"2019/07/06","05:55:07.10","eq","l",2.98,"l",35.897,-117.72983,4.6,"A",38458599,36,789,2019-07-06 05:55:07.1
"2019/07/06","05:55:21.96","eq","l",2.9,"l",35.681,-117.54317,7.2,"A",38458607,46,1599,2019-07-06 05:55:21.96
"2019/07/06","05:56:02.49","eq","l",2.5,"l",35.879,-117.71667,2.8,"A",38458615,18,799,2019-07-06 05:56:02.49
"2019/07/06","05:56:09.74","eq","l",2.52,"l",35.68067,-117.50267,10.4,"A",37228084,29,2860,2019-07-06 05:56:09.74
"2019/07/06","05:56:14.48","eq","l",2.81,"l",35.69267,-117.53233,10.4,"A",37228092,18,2971,2019-07-06 05:56:14.48
"2019/07/06","05:56:29.09","eq","l",2.74,"l",35.86867,-117.66983,10,"A",38458623,28,814,2019-07-06 05:56:29.09
"2019/07/06","05:56:44.09","eq","l",2.65,"l",35.8145,-117.63833,9.4,"A",38458631,43,886,2019-07-06 05:56:44.09
"2019/07/06","05:57:04.23","eq","l",2.6,"l",35.6635,-117.521,10.9,"A",38458639,36,1631,2019-07-06 05:57:04.23
"2019/07/06","05:57:23.12","eq","l",2.53,"l",35.75217,-117.56467,7.7,"A",37228100,18,2860,2019-07-06 05:57:23.12
"2019/07/06","05:58:13.42","eq","l",2.79,"l",35.54233,-117.45783,9,"A",37228108,7,2995,2019-07-06 05:58:13.42
"2019/07/06","05:58:17.57","eq","l",4.15,"lr",35.93233,-117.69167,1.9,"A",38458655,64,1755,2019-07-06 05:58:17.57
"2019/07/06","05:58:45.84","eq","l",3.45,"l",35.86867,-117.67517,7.6,"A",38458647,23,1110,2019-07-06 05:58:45.84
"2019/07/06","05:59:44.19","eq","l",3.57,"lr",35.73767,-117.574,3.1,"A",38458663,43,1829,2019-07-06 05:59:44.19
"2019/07/06","06:00:57.77","eq","l",3.5,"l",35.5535,-117.3465,4.3,"A",38458671,54,1797,2019-07-06 06:00:57.77
"2019/07/06","06:01:46.39","eq","l",3.09,"l",35.67367,-117.48017,3.6,"A",37263996,16,3233,2019-07-06 06:01:46.39
"2019/07/06","06:01:51.80","eq","l",4.63,"w",35.911,-117.7385,5,"A",38458679,213,1760,2019-07-06 06:01:51.8
"2019/07/06","06:02:30.25","eq","l",3.2,"l",35.81117,-117.63667,6.8,"A",37420885,27,922,2019-07-06 06:02:30.25
"2019/07/06","06:02:50.16","eq","l",2.67,"l",35.86183,-117.64183,5.2,"B",37228116,17,2890,2019-07-06 06:02:50.16
"2019/07/06","06:03:24.51","eq","l",2.69,"l",35.75133,-117.58,4.7,"A",37228276,19,2941,2019-07-06 06:03:24.51
"2019/07/06","06:03:41.43","eq","l",2.73,"l",35.86733,-117.698,7.8,"A",37228284,30,2926,2019-07-06 06:03:41.43
"2019/07/06","06:03:48.18","eq","l",3.19,"l",35.89633,-117.67983,2,"A",37228292,42,3052,2019-07-06 06:03:48.18
"2019/07/06","06:04:02.31","eq","l",2.64,"l",35.8975,-117.6935,2.5,"A",37228300,16,2902,2019-07-06 06:04:02.31
"2019/07/06","06:04:07.88","eq","l",2.84,"l",35.62167,-117.41767,4.9,"A",37228308,12,3034,2019-07-06 06:04:07.88
"2019/07/06","06:04:13.10","eq","l",2.74,"l",35.82483,-117.64533,10.9,"A",37228316,25,2935,2019-07-06 06:04:13.1
"2019/07/06","06:04:34.10","eq","l",3.46,"lr",35.88783,-117.70733,4.8,"A",38458687,92,1763,2019-07-06 06:04:34.1
"2019/07/06","06:04:56.98","eq","l",2.55,"l",35.6875,-117.5855,1.6,"A",37228324,12,2902,2019-07-06 06:04:56.98
"2019/07/06","06:05:18.15","eq","l",2.66,"l",35.91183,-117.73317,8.2,"A",37228436,29,2893,2019-07-06 06:05:18.15
"2019/07/06","06:05:35.62","eq","l",2.89,"l",35.9015,-117.72883,4.4,"A",38458695,49,1254,2019-07-06 06:05:35.62
"2019/07/06","06:05:59.58","eq","l",2.8,"l",35.889,-117.72533,6.8,"A",38458703,37,789,2019-07-06 06:05:59.58
"2019/07/06","06:06:32.98","eq","l",2.73,"l",35.55683,-117.37367,5.4,"A",38458711,26,1512,2019-07-06 06:06:32.98
"2019/07/06","06:06:47.10","eq","l",2.94,"l",35.827,-117.64317,4,"A",37228444,24,2977,2019-07-06 06:06:47.1
"2019/07/06","06:06:58.61","eq","l",3.02,"l",35.83367,-117.6325,8.9,"A",37228468,24,2965,2019-07-06 06:06:58.61
"2019/07/06","06:07:08.68","eq","l",3.53,"l",35.57717,-117.3635,3.8,"A",38458719,75,2059,2019-07-06 06:07:08.68
"2019/07/06","06:07:31.92","eq","l",2.93,"l",35.90667,-117.73167,4.4,"A",37264004,23,3173,2019-07-06 06:07:31.92
"2019/07/06","06:07:40.07","eq","l",3.37,"l",35.62333,-117.42083,6.4,"A",37420965,31,1181,2019-07-06 06:07:40.07
"2019/07/06","06:08:01.54","eq","l",2.71,"l",35.89717,-117.70617,8.3,"A",38458727,24,779,2019-07-06 06:08:01.54
"2019/07/06","06:08:10.51","eq","l",2.94,"l",35.62217,-117.46267,5,"A",37228476,26,2974,2019-07-06 06:08:10.51
"2019/07/06","06:08:50.17","eq","l",2.71,"l",35.88417,-117.68417,5.4,"A",37228604,18,2869,2019-07-06 06:08:50.17
"2019/07/06","06:09:08.08","eq","l",3.02,"l",35.89717,-117.7055,7.4,"A",38458735,57,1257,2019-07-06 06:09:08.08
"2019/07/06","06:11:45.23","eq","l",2.52,"l",35.67467,-117.54717,9.6,"A",37228652,37,2917,2019-07-06 06:11:45.23
"2019/07/06","06:12:52.00","eq","l",4.27,"lr",35.58133,-117.37517,5.5,"A",38458759,88,2095,2019-07-06 06:12:52
"2019/07/06","06:13:23.00","eq","l",3.02,"l",35.6165,-117.46117,9.4,"A",37264012,15,3236,2019-07-06 06:13:23
"2019/07/06","06:13:35.61","eq","l",2.99,"l",35.67017,-117.46683,3,"A",37264020,13,3233,2019-07-06 06:13:35.61
"2019/07/06","06:14:15.68","eq","l",3.33,"l",35.67317,-117.47033,7.2,"A",38458767,68,1602,2019-07-06 06:14:15.68
"2019/07/06","06:15:02.99","eq","l",2.78,"l",35.71417,-117.5485,10.2,"A",38458775,36,745,2019-07-06 06:15:02.99
"2019/07/06","06:15:16.12","eq","l",2.86,"l",35.8775,-117.67783,5.9,"A",37228692,17,3016,2019-07-06 06:15:16.12
"2019/07/06","06:15:20.40","eq","l",2.59,"l",35.58583,-117.42183,2.7,"A",37228700,14,2971,2019-07-06 06:15:20.4
"2019/07/06","06:16:01.13","eq","l",3.21,"l",35.85533,-117.6815,4.6,"A",38458783,64,1393,2019-07-06 06:16:01.13
"2019/07/06","06:17:10.08","eq","l",2.84,"l",35.63083,-117.588,11.4,"A",38458791,23,1220,2019-07-06 06:17:10.08
"2019/07/06","06:17:20.99","eq","l",3.45,"lr",35.8795,-117.68917,2.8,"A",38458799,64,1314,2019-07-06 06:17:20.99
"2019/07/06","06:17:54.83","eq","l",2.67,"l",35.949,-117.73217,-1.3,"A",37228812,13,2842,2019-07-06 06:17:54.83
"2019/07/06","06:18:08.98","eq","l",2.77,"l",35.83517,-117.667,8.4,"A",38458823,18,1183,2019-07-06 06:18:08.98
"2019/07/06","06:18:11.25","eq","l",3.55,"l",35.91917,-117.684,9,"A",38458815,38,610,2019-07-06 06:18:11.25
"2019/07/06","06:18:45.97","eq","l",3.45,"l",35.81983,-117.65567,2.2,"A",37228820,47,2998,2019-07-06 06:18:45.97
"2019/07/06","06:19:42.41","eq","l",3.14,"l",35.88417,-117.71917,4.4,"A",38458831,60,808,2019-07-06 06:19:42.41
"2019/07/06","06:19:57.92","eq","l",2.56,"l",35.8885,-117.71267,-1,"A",37228844,20,2806,2019-07-06 06:19:57.92
"2019/07/06","06:20:33.16","eq","l",2.82,"l",35.8905,-117.72117,4.2,"A",38458839,45,891,2019-07-06 06:20:33.16
"2019/07/06","06:20:53.69","eq","l",2.72,"l",35.78417,-117.61183,4.9,"A",37228852,22,2980,2019-07-06 06:20:53.69
"2019/07/06","06:20:57.48","eq","l",2.93,"l",35.72533,-117.55983,10.7,"A",37228860,37,2959,2019-07-06 06:20:57.48
"2019/07/06","06:22:02.62","eq","l",2.56,"l",35.81567,-117.65133,7.4,"A",38458847,45,630,2019-07-06 06:22:02.62
"2019/07/06","06:22:35.56","eq","l",2.58,"l",35.899,-117.67717,8.6,"A",38458855,49,606,2019-07-06 06:22:35.56
"2019/07/06","06:25:52.49","eq","l",2.93,"l",35.87217,-117.66583,7.3,"A",37228964,28,2944,2019-07-06 06:25:52.49
"2019/07/06","06:25:58.22","eq","l",2.99,"l",35.67283,-117.46933,8.5,"A",38458887,32,756,2019-07-06 06:25:58.22
"2019/07/06","06:26:18.62","eq","l",3.06,"l",35.7095,-117.5095,4.8,"A",38458895,53,1063,2019-07-06 06:26:18.62
"2019/07/06","06:26:53.34","eq","l",3.42,"l",35.874,-117.70267,5.7,"A",38458903,75,1318,2019-07-06 06:26:53.34
"2019/07/06","06:27:33.01","eq","l",2.94,"l",35.878,-117.69033,2.7,"A",38458911,36,811,2019-07-06 06:27:33.01
"2019/07/06","06:27:44.45","eq","l",2.75,"l",35.84633,-117.66567,7.4,"A",37229100,17,2887,2019-07-06 06:27:44.45
"2019/07/06","06:28:44.34","eq","l",2.91,"l",35.55267,-117.4345,1.8,"A",38458927,9,618,2019-07-06 06:28:44.34
"2019/07/06","06:28:51.87","eq","l",2.89,"l",35.8795,-117.67567,6.7,"A",38458935,20,623,2019-07-06 06:28:51.87
"2019/07/06","06:28:57.50","eq","l",3.3,"l",35.707,-117.5305,10.1,"A",37229124,42,2992,2019-07-06 06:28:57.5
"2019/07/06","06:29:25.33","eq","l",2.97,"l",35.88117,-117.72367,4.7,"A",37229132,22,2947,2019-07-06 06:29:25.33
"2019/07/06","06:30:27.12","eq","l",2.7,"l",35.90167,-117.73,6,"A",37229156,17,2856,2019-07-06 06:30:27.12
"2019/07/06","06:30:45.87","eq","l",3.31,"l",35.87,-117.66667,6.9,"A",38458943,48,1311,2019-07-06 06:30:45.87
"2019/07/06","06:30:50.57","eq","l",3.13,"l",35.639,-117.439,5,"A",37229172,14,2983,2019-07-06 06:30:50.57
"2019/07/06","06:31:00.73","eq","l",3.72,"lr",35.8785,-117.68683,4.3,"A",38458951,74,1323,2019-07-06 06:31:00.73
"2019/07/06","06:31:09.27","eq","l",3.31,"l",35.896,-117.65417,2.7,"A",37264124,9,3242,2019-07-06 06:31:09.27
"2019/07/06","06:31:49.56","eq","l",2.8,"l",35.71617,-117.53167,9.4,"A",38458959,19,1038,2019-07-06 06:31:49.56
"2019/07/06","06:31:55.32","eq","l",3.55,"l",35.88933,-117.72267,4.7,"A",38458967,63,1299,2019-07-06 06:31:55.32
"2019/07/06","06:32:07.83","eq","l",3.09,"l",35.843,-117.72117,-1.1,"A",37229188,16,3049,2019-07-06 06:32:07.83
"2019/07/06","06:32:26.66","eq","l",2.97,"l",35.78217,-117.609,10.9,"A",38458975,37,771,2019-07-06 06:32:26.66
"2019/07/06","06:33:09.86","eq","l",2.77,"l",35.6995,-117.48567,11.1,"A",38458983,59,1078,2019-07-06 06:33:09.86
"2019/07/06","06:33:43.07","eq","l",2.7,"l",35.89317,-117.7315,6.2,"A",37229284,21,2941,2019-07-06 06:33:43.07
"2019/07/06","06:33:54.42","eq","l",2.75,"l",35.887,-117.72683,5.9,"A",37229292,37,2964,2019-07-06 06:33:54.42
"2019/07/06","06:34:18.74","eq","l",2.54,"l",35.858,-117.70733,7.6,"A",38458991,32,621,2019-07-06 06:34:18.74
"2019/07/06","06:34:47.41","eq","l",4.05,"lr",35.89267,-117.72483,8.2,"A",38458999,102,1776,2019-07-06 06:34:47.41
"2019/07/06","06:35:16.60","eq","l",2.84,"l",35.91583,-117.733,5.9,"A",37229308,20,2965,2019-07-06 06:35:16.6
"2019/07/06","06:35:33.69","eq","l",3.09,"l",35.87317,-117.6965,8,"A",37229324,25,3052,2019-07-06 06:35:33.69
"2019/07/06","06:35:35.45","eq","l",2.89,"l",35.59933,-117.348,5.5,"A",37229332,12,3049,2019-07-06 06:35:35.45
"2019/07/06","06:36:38.53","eq","l",2.75,"l",35.77683,-117.6095,9.4,"A",38459007,54,664,2019-07-06 06:36:38.53
"2019/07/06","06:37:19.84","eq","l",2.5,"l",35.70533,-117.5075,1.7,"A",37229428,37,2850,2019-07-06 06:37:19.84
"2019/07/06","06:37:47.28","eq","l",2.51,"l",35.8635,-117.69783,7.5,"A",38459023,43,615,2019-07-06 06:37:47.28
"2019/07/06","06:39:10.04","eq","l",2.98,"l",35.73117,-117.5415,4,"A",38459031,80,1041,2019-07-06 06:39:10.04
"2019/07/06","06:40:02.00","eq","l",3.03,"l",35.89583,-117.72767,4.5,"A",38459039,45,800,2019-07-06 06:40:02
"2019/07/06","06:40:07.41","eq","l",2.86,"l",35.8975,-117.73483,2.5,"A",37229548,16,2920,2019-07-06 06:40:07.41
"2019/07/06","06:41:15.06","eq","l",3.9,"lr",35.80417,-117.63783,7.5,"A",38459047,114,1892,2019-07-06 06:41:15.06
"2019/07/06","06:43:10.47","eq","l",2.6,"l",35.84517,-117.65817,6,"A",38459055,24,621,2019-07-06 06:43:10.47
"2019/07/06","06:43:16.77","eq","l",2.7,"l",35.73633,-117.552,2.4,"A",38459063,27,856,2019-07-06 06:43:16.77
"2019/07/06","06:43:50.04","eq","l",2.73,"l",35.873,-117.70583,7.2,"A",38459071,42,723,2019-07-06 06:43:50.04
"2019/07/06","06:43:56.89","eq","l",2.64,"l",35.8045,-117.62333,4,"A",37230380,19,2887,2019-07-06 06:43:56.89
"2019/07/06","06:44:08.60","eq","l",2.64,"l",35.899,-117.73783,8.2,"A",38459079,22,644,2019-07-06 06:44:08.6
"2019/07/06","06:45:08.77","eq","l",2.59,"l",35.81067,-117.62883,3,"A",37230516,30,2833,2019-07-06 06:45:08.77
"2019/07/06","06:45:30.73","eq","l",2.86,"l",35.86567,-117.68833,8.1,"A",38459103,45,832,2019-07-06 06:45:30.73
"2019/07/06","06:45:59.80","eq","l",2.8,"l",35.6375,-117.48883,7,"A",37230572,20,2908,2019-07-06 06:45:59.8
"2019/07/06","06:46:12.13","eq","l",2.81,"l",35.8825,-117.68233,4.6,"A",37230532,36,2887,2019-07-06 06:46:12.13
"2019/07/06","06:47:08.02","eq","l",3.24,"l",35.79033,-117.61933,4.9,"A",38459127,37,400,2019-07-06 06:47:08.02
"2019/07/06","06:47:10.84","eq","l",3.57,"lr",35.86617,-117.64667,6.8,"A",38459135,26,1480,2019-07-06 06:47:10.84
"2019/07/06","06:47:54.66","eq","l",2.78,"l",35.7315,-117.5515,9.6,"A",38459143,31,1041,2019-07-06 06:47:54.66
"2019/07/06","06:48:07.66","eq","l",2.99,"l",35.89683,-117.7315,5.9,"A",37230652,28,2944,2019-07-06 06:48:07.66
"2019/07/06","06:48:23.65","eq","l",2.68,"l",35.816,-117.65433,2.2,"A",37230668,26,2866,2019-07-06 06:48:23.65
"2019/07/06","06:49:27.72","eq","l",2.77,"l",35.57217,-117.40033,4.4,"A",37230884,12,2938,2019-07-06 06:49:27.72
"2019/07/06","06:49:28.91","eq","l",3.32,"l",35.92583,-117.6945,3.5,"A",38459167,62,1186,2019-07-06 06:49:28.91
"2019/07/06","06:49:44.62","eq","l",2.54,"l",35.923,-117.78233,1.2,"A",37230900,11,2782,2019-07-06 06:49:44.62
"2019/07/06","06:50:12.07","eq","l",2.84,"l",35.75367,-117.5735,11.5,"A",38459175,42,1029,2019-07-06 06:50:12.07
"2019/07/06","06:50:18.18","eq","l",2.77,"l",35.74833,-117.62683,0.8,"A",37230940,14,2911,2019-07-06 06:50:18.18
"2019/07/06","06:50:36.52","eq","l",3.39,"l",35.68717,-117.48433,6.9,"A",38459183,66,730,2019-07-06 06:50:36.52
"2019/07/06","06:52:21.68","eq","l",2.67,"l",35.81833,-117.69483,4.4,"A",38459199,14,615,2019-07-06 06:52:21.68
"2019/07/06","06:52:25.97","eq","l",3.77,"lr",35.56017,-117.39833,3.8,"A",38459207,93,1714,2019-07-06 06:52:25.97
"2019/07/06","06:53:09.89","eq","l",3.4,"lr",35.67183,-117.49467,1.8,"A",38459215,43,1587,2019-07-06 06:53:09.89
"2019/07/06","06:53:23.11","eq","l",3.11,"l",35.89083,-117.73267,4.3,"A",37231492,23,2965,2019-07-06 06:53:23.11
"2019/07/06","06:53:34.19","eq","l",2.77,"l",35.83133,-117.70233,4.1,"A",37231508,19,2875,2019-07-06 06:53:34.19
"2019/07/06","06:54:37.28","eq","l",2.54,"l",35.92117,-117.68567,4.5,"A",37231556,28,2797,2019-07-06 06:54:37.28
"2019/07/06","06:56:21.18","eq","l",3.25,"l",35.68667,-117.48083,8.3,"A",38459239,68,1081,2019-07-06 06:56:21.18
"2019/07/06","06:56:38.35","eq","l",2.56,"l",35.62,-117.44517,5.8,"B",37231748,7,2857,2019-07-06 06:56:38.35
"2019/07/06","06:57:26.55","eq","l",2.56,"l",35.67133,-117.40483,10.3,"A",37231796,24,2845,2019-07-06 06:57:26.55
"2019/07/06","06:57:33.02","eq","l",2.77,"l",35.651,-117.45517,9.6,"A",37231804,25,2932,2019-07-06 06:57:33.02
"2019/07/06","06:57:47.53","eq","l",3.24,"l",35.86267,-117.7105,8.9,"A",38459247,65,1314,2019-07-06 06:57:47.53
"2019/07/06","06:58:11.10","eq","l",2.85,"l",35.90467,-117.7485,6.8,"A",38459255,29,597,2019-07-06 06:58:11.1
"2019/07/06","06:58:29.35","eq","l",2.5,"l",35.804,-117.63283,5.2,"A",37231820,15,2788,2019-07-06 06:58:29.35
"2019/07/06","06:59:59.43","eq","l",3.46,"lr",35.67633,-117.54867,1.6,"A",38459279,71,1596,2019-07-06 06:59:59.43
"2019/07/06","07:00:20.44","eq","l",2.92,"l",35.89233,-117.722,6.1,"A",38459287,25,797,2019-07-06 07:00:20.44
"2019/07/06","07:00:32.77","eq","l",2.87,"l",35.90283,-117.67533,3.8,"A",37231940,19,2908,2019-07-06 07:00:32.77
"2019/07/06","07:00:59.98","eq","l",2.96,"l",35.88767,-117.7075,7.5,"A",38459295,59,808,2019-07-06 07:00:59.98
"2019/07/06","07:01:07.14","eq","l",2.52,"l",35.8765,-117.69817,6.4,"A",37232124,15,2785,2019-07-06 07:01:07.14
"2019/07/06","07:01:51.97","eq","l",2.71,"l",35.90217,-117.73,5.3,"A",38459303,39,597,2019-07-06 07:01:51.97
"2019/07/06","07:02:29.11","eq","l",2.64,"l",35.82133,-117.652,6,"A",37232172,32,2866,2019-07-06 07:02:29.11
"2019/07/06","07:02:49.04","eq","l",2.52,"l",35.934,-117.732,0.7,"A",37232220,15,2800,2019-07-06 07:02:49.04
"2019/07/06","07:03:14.70","eq","l",3.46,"lr",35.65683,-117.53533,9.2,"A",38459311,105,1634,2019-07-06 07:03:14.7
"2019/07/06","07:04:22.23","eq","l",3.01,"l",35.74367,-117.5585,3.5,"A",38459319,40,1035,2019-07-06 07:04:22.23
"2019/07/06","07:04:42.04","eq","l",3.97,"w",35.89,-117.7315,4.8,"A",38459327,105,1771,2019-07-06 07:04:42.04
"2019/07/06","07:05:21.03","eq","l",3.56,"lr",35.88917,-117.73067,6,"A",38459335,41,1284,2019-07-06 07:05:21.03
"2019/07/06","07:06:37.29","eq","l",2.72,"l",35.89917,-117.7165,4.9,"A",38459343,55,798,2019-07-06 07:06:37.29
"2019/07/06","07:07:23.70","eq","l",2.55,"l",35.90033,-117.7305,5.5,"A",37232420,20,2812,2019-07-06 07:07:23.7
"2019/07/06","07:07:37.06","eq","l",2.7,"l",35.887,-117.73133,6.5,"A",38459351,43,606,2019-07-06 07:07:37.06
"2019/07/06","07:09:25.69","eq","l",2.85,"l",35.89467,-117.724,6.7,"A",37232516,46,2893,2019-07-06 07:09:25.69
"2019/07/06","07:09:40.49","eq","l",2.87,"l",35.83783,-117.664,3.5,"A",38459375,38,872,2019-07-06 07:09:40.49
"2019/07/06","07:09:47.59","eq","l",2.62,"l",35.574,-117.32917,3.5,"A",38459367,9,606,2019-07-06 07:09:47.59
"2019/07/06","07:09:56.77","eq","l",3.22,"l",35.905,-117.74883,6.2,"A",38459383,57,801,2019-07-06 07:09:56.77
"2019/07/06","07:11:00.58","eq","l",2.53,"l",35.86233,-117.69667,5.8,"A",38459391,46,829,2019-07-06 07:11:00.58
"2019/07/06","07:11:32.18","eq","l",2.83,"l",35.74067,-117.53383,10.6,"A",38459399,49,1033,2019-07-06 07:11:32.18
"2019/07/06","07:12:18.59","eq","l",2.62,"l",35.9275,-117.706,7.2,"A",37233012,33,2833,2019-07-06 07:12:18.59
"2019/07/06","07:12:27.99","eq","l",2.71,"l",35.85667,-117.65117,3.3,"A",38459407,19,996,2019-07-06 07:12:27.99
"2019/07/06","07:13:36.11","eq","l",3.09,"l",35.94567,-117.71967,2.4,"A",38459415,72,758,2019-07-06 07:13:36.11
"2019/07/06","07:15:26.44","eq","l",3.34,"l",35.705,-117.50667,9,"A",38459439,74,1539,2019-07-06 07:15:26.44
"2019/07/06","07:15:55.17","eq","l",2.55,"l",35.901,-117.69867,2.9,"A",37233180,22,2800,2019-07-06 07:15:55.17
"2019/07/06","07:16:03.15","eq","l",3.75,"lr",35.92433,-117.748,2.3,"A",37233156,55,3013,2019-07-06 07:16:03.15
"2019/07/06","07:16:57.53","eq","l",2.52,"l",35.8235,-117.6625,10.1,"A",38459447,24,625,2019-07-06 07:16:57.53
"2019/07/06","07:17:18.21","eq","l",2.53,"l",35.6535,-117.46583,3.5,"A",37233196,22,2845,2019-07-06 07:17:18.21
"2019/07/06","07:20:42.35","eq","l",2.67,"l",35.70767,-117.50783,6,"A",38459479,33,667,2019-07-06 07:20:42.35
"2019/07/06","07:23:22.77","eq","l",2.68,"l",35.8925,-117.7045,6.9,"A",38459503,40,606,2019-07-06 07:23:22.77
"2019/07/06","07:23:43.83","eq","l",2.66,"l",35.87633,-117.69333,4.1,"A",38459511,43,612,2019-07-06 07:23:43.83
"2019/07/06","07:24:15.73","eq","l",2.72,"l",35.694,-117.54267,9.4,"A",37233948,39,2917,2019-07-06 07:24:15.73
"2019/07/06","07:24:18.93","eq","l",2.86,"l",35.8215,-117.62867,9.4,"A",38459519,32,1101,2019-07-06 07:24:18.93
"2019/07/06","07:24:31.11","eq","l",3,"l",35.78367,-117.61133,5.5,"A",37233956,32,2968,2019-07-06 07:24:31.11
"2019/07/06","07:24:47.44","eq","l",2.78,"l",35.8775,-117.69717,8.6,"A",38459527,39,808,2019-07-06 07:24:47.44
"2019/07/06","07:25:23.30","eq","l",2.83,"l",35.76117,-117.578,9.8,"A",38459535,53,1002,2019-07-06 07:25:23.3
"2019/07/06","07:26:26.42","eq","l",2.78,"l",35.7025,-117.48467,2.6,"A",38459543,60,1063,2019-07-06 07:26:26.42
"2019/07/06","07:28:10.38","eq","l",2.91,"l",35.644,-117.444,3,"A",38459551,54,1157,2019-07-06 07:28:10.38
"2019/07/06","07:28:48.31","eq","l",3.02,"l",35.907,-117.68533,2.1,"A",38459567,49,770,2019-07-06 07:28:48.31
"2019/07/06","07:28:59.94","eq","l",2.86,"l",35.89317,-117.73433,4.3,"A",37234644,35,5810,2019-07-06 07:28:59.94
"2019/07/06","07:30:04.54","eq","l",2.67,"l",35.87567,-117.70583,4.9,"A",38459583,41,811,2019-07-06 07:30:04.54
"2019/07/06","07:30:51.22","eq","l",2.8,"l",35.681,-117.51467,7.5,"A",38459591,40,1113,2019-07-06 07:30:51.22
"2019/07/06","07:31:14.49","eq","l",3.62,"lr",35.70433,-117.505,2,"A",38459599,89,1551,2019-07-06 07:31:14.49
"2019/07/06","07:32:00.63","eq","l",2.53,"l",35.7625,-117.59883,8.2,"A",37234708,18,5654,2019-07-06 07:32:00.63
"2019/07/06","07:32:14.61","eq","l",2.56,"l",35.752,-117.5835,7.2,"A",37234684,21,5262,2019-07-06 07:32:14.61
"2019/07/06","07:34:05.63","eq","l",2.61,"l",35.60383,-117.46633,9.7,"A",37235356,39,5780,2019-07-06 07:34:05.63
"2019/07/06","07:34:23.82","eq","l",2.88,"l",35.89067,-117.70317,5.4,"A",38459639,53,789,2019-07-06 07:34:23.82
"2019/07/06","07:34:55.45","eq","l",3.09,"l",35.93517,-117.71217,4.3,"A",38459647,35,771,2019-07-06 07:34:55.45
"2019/07/06","07:34:59.65","eq","l",3.21,"l",35.78333,-117.61233,7,"A",37235380,30,5972,2019-07-06 07:34:59.65
"2019/07/06","07:35:24.74","eq","l",2.84,"l",35.70067,-117.54317,8.2,"A",38459655,42,1058,2019-07-06 07:35:24.74
"2019/07/06","07:35:51.41","eq","l",2.5,"l",35.55283,-117.38033,3.4,"A",37235396,20,5720,2019-07-06 07:35:51.41
"2019/07/06","07:36:09.62","eq","l",2.7,"l",35.65983,-117.4835,2,"A",38459663,31,1149,2019-07-06 07:36:09.62
"2019/07/06","07:36:15.59","eq","l",3.1,"l",35.63017,-117.41583,7,"A",37235404,14,5966,2019-07-06 07:36:15.59
"2019/07/06","07:36:23.54","eq","l",3.44,"l",35.732,-117.58483,8.5,"A",38459671,47,1524,2019-07-06 07:36:23.54
"2019/07/06","07:37:00.03","eq","l",2.73,"l",35.75267,-117.57617,7.4,"A",38459679,31,1026,2019-07-06 07:37:00.03
"2019/07/06","07:37:02.68","eq","l",2.77,"l",35.73767,-117.52183,12.4,"A",37235412,16,5840,2019-07-06 07:37:02.68
"2019/07/06","07:38:29.39","eq","l",2.56,"l",35.61367,-117.39667,8.5,"A",37235460,13,5746,2019-07-06 07:38:29.39
"2019/07/06","07:39:53.59","eq","l",2.59,"l",35.60067,-117.4765,3.9,"A",37235556,22,5828,2019-07-06 07:39:53.59
"2019/07/06","07:40:30.58","eq","l",2.8,"l",35.914,-117.70733,2.2,"A",37235564,38,5768,2019-07-06 07:40:30.58
"2019/07/06","07:42:20.16","eq","l",2.74,"l",35.91183,-117.71017,2.1,"A",38459759,32,839,2019-07-06 07:42:20.16
"2019/07/06","07:43:27.98","eq","l",2.69,"l",35.896,-117.7345,5.8,"A",38459767,34,1049,2019-07-06 07:43:27.98
"2019/07/06","07:45:41.42","eq","l",2.56,"l",35.63933,-117.4815,2.2,"A",38459799,34,739,2019-07-06 07:45:41.42
"2019/07/06","07:46:16.83","eq","l",2.96,"l",35.78333,-117.59367,8.7,"A",38459807,69,942,2019-07-06 07:46:16.83
"2019/07/06","07:46:30.34","eq","l",3.33,"l",35.66,-117.479,2.2,"A",37235820,48,5996,2019-07-06 07:46:30.34
"2019/07/06","07:49:00.00","eq","l",3.05,"l",35.603,-117.39967,7.9,"A",38459831,62,1188,2019-07-06 07:49:00
"2019/07/06","07:49:12.29","eq","l",2.79,"l",35.61233,-117.47633,2.3,"A",37235876,21,5902,2019-07-06 07:49:12.29
"2019/07/06","07:50:01.98","eq","l",3.21,"l",35.70367,-117.55717,3,"A",38459839,62,1049,2019-07-06 07:50:01.98
"2019/07/06","07:50:15.38","eq","l",3.43,"l",35.55,-117.383,2.9,"A",37235916,35,6008,2019-07-06 07:50:15.38
"2019/07/06","07:51:30.97","eq","l",2.7,"l",35.629,-117.43333,4.4,"A",38459847,26,1169,2019-07-06 07:51:30.97
"2019/07/06","07:52:11.72","eq","l",3.24,"l",35.80333,-117.63017,2.9,"A",38459855,63,904,2019-07-06 07:52:11.72
"2019/07/06","07:52:24.52","eq","l",3.73,"lr",35.88483,-117.729,5.5,"A",38459863,76,1786,2019-07-06 07:52:24.52
"2019/07/06","07:52:49.63","eq","l",2.9,"l",35.891,-117.7285,4.8,"A",37235972,26,2628,2019-07-06 07:52:49.63
"2019/07/06","07:53:26.12","eq","l",2.66,"l",35.9105,-117.69017,2.3,"A",38459871,40,773,2019-07-06 07:53:26.12
"2019/07/06","07:54:41.27","eq","l",2.52,"l",35.8915,-117.68017,9.1,"A",37236068,18,5582,2019-07-06 07:54:41.27
"2019/07/06","07:54:46.58","eq","l",3.87,"lr",35.70517,-117.55767,8.5,"A",38459887,107,1965,2019-07-06 07:54:46.58
"2019/07/06","07:56:03.66","eq","l",3.55,"lr",35.67467,-117.475,2,"A",38459895,93,1588,2019-07-06 07:56:03.66
"2019/07/06","07:59:02.08","eq","l",2.58,"l",35.74917,-117.53017,10.3,"A",38459919,43,654,2019-07-06 07:59:02.08
"2019/07/06","07:59:05.80","eq","l",2.62,"l",35.865,-117.7035,10.9,"A",37236180,37,5684,2019-07-06 07:59:05.8
"2019/07/06","07:59:47.73","eq","l",2.76,"l",35.70017,-117.51317,1.6,"A",38459927,59,1072,2019-07-06 07:59:47.73
"2019/07/06","08:00:24.82","eq","l",2.57,"l",35.94233,-117.711,-0.2,"A",37236284,14,5606,2019-07-06 08:00:24.82
"2019/07/06","08:01:00.68","eq","l",3.24,"l",35.6705,-117.501,1.3,"A",38459943,64,976,2019-07-06 08:01:00.68
"2019/07/06","08:04:01.63","eq","l",2.65,"l",35.9435,-117.67233,4.7,"A",38459967,39,754,2019-07-06 08:04:01.63
"2019/07/06","08:04:42.53","eq","l",2.62,"l",35.90017,-117.73117,6.2,"A",38459975,41,788,2019-07-06 08:04:42.53
"2019/07/06","08:04:46.39","eq","l",2.54,"l",35.93967,-117.73217,3,"A",37236436,19,2788,2019-07-06 08:04:46.39
"2019/07/06","08:05:23.17","eq","l",2.61,"l",35.619,-117.4485,1.6,"A",38459983,38,1160,2019-07-06 08:05:23.17
"2019/07/06","08:05:53.31","eq","l",2.65,"l",35.61117,-117.4095,6.2,"A",37236820,21,2896,2019-07-06 08:05:53.31
"2019/07/06","08:05:55.47","eq","l",2.63,"l",35.88717,-117.72917,7.7,"A",38459991,35,802,2019-07-06 08:05:55.47
"2019/07/06","08:07:05.20","eq","l",2.7,"l",35.88967,-117.70333,6.2,"A",38460007,48,780,2019-07-06 08:07:05.2
"2019/07/06","08:07:12.29","eq","l",2.59,"l",35.75433,-117.57217,10.2,"A",37236884,29,2845,2019-07-06 08:07:12.29
"2019/07/06","08:07:15.39","eq","l",2.56,"l",35.6835,-117.531,4.7,"A",37236892,15,2842,2019-07-06 08:07:15.39
"2019/07/06","08:08:32.95","eq","l",2.83,"l",36.02667,-117.14417,7.4,"C",37236924,12,2887,2019-07-06 08:08:32.95
"2019/07/06","08:09:04.65","eq","l",2.78,"l",35.86367,-117.68183,6.7,"A",37237236,42,2875,2019-07-06 08:09:04.65
"2019/07/06","08:09:05.36","eq","l",2.63,"l",35.757,-117.60917,5.8,"A",38460023,29,820,2019-07-06 08:09:05.36
"2019/07/06","08:09:34.31","eq","l",2.53,"l",35.95267,-117.32517,4.4,"A",37237244,37,2785,2019-07-06 08:09:34.31
"2019/07/06","08:10:00.94","eq","l",2.61,"l",35.88583,-117.72517,6,"A",38460031,45,1272,2019-07-06 08:10:00.94
"2019/07/06","08:10:50.10","eq","l",3.62,"w",35.9135,-117.71917,2.7,"A",38460039,83,1686,2019-07-06 08:10:50.1
"2019/07/06","08:11:22.81","eq","l",2.58,"l",35.88633,-117.72817,6.6,"A",37237404,25,2809,2019-07-06 08:11:22.81
"2019/07/06","08:12:21.25","eq","l",2.55,"l",35.69433,-117.52683,8.4,"A",37237428,35,2836,2019-07-06 08:12:21.25
"2019/07/06","08:12:56.96","eq","l",2.51,"l",35.67333,-117.54467,6.2,"A",38460055,27,1020,2019-07-06 08:12:56.96
"2019/07/06","08:12:59.85","eq","l",2.65,"l",35.91033,-117.71167,6.8,"C",37237436,17,2824,2019-07-06 08:12:59.85
"2019/07/06","08:13:51.64","eq","l",2.58,"l",35.90283,-117.74017,7.7,"A",37237452,26,2812,2019-07-06 08:13:51.64
"2019/07/06","08:13:54.14","eq","l",2.75,"l",35.65467,-117.46967,1.9,"A",37237460,34,2923,2019-07-06 08:13:54.14
"2019/07/06","08:14:37.02","eq","l",2.59,"l",35.862,-117.6725,4,"A",38460079,46,1301,2019-07-06 08:14:37.02
"2019/07/06","08:17:56.31","eq","l",2.55,"l",35.9175,-117.72417,2.7,"A",38460127,53,3019,2019-07-06 08:17:56.31
"2019/07/06","08:17:59.58","eq","l",2.66,"l",35.8935,-117.7325,6,"A",37482933,39,3040,2019-07-06 08:17:59.58
"2019/07/06","08:18:28.99","eq","l",2.5,"l",35.68933,-117.53167,5,"A",38460135,46,1058,2019-07-06 08:18:28.99
"2019/07/06","08:18:34.59","eq","l",2.68,"l",35.75733,-117.57667,4,"A",37482509,35,3098,2019-07-06 08:18:34.59
"2019/07/06","08:18:38.29","eq","l",2.87,"l",35.70967,-117.58017,8.3,"A",37482517,23,3179,2019-07-06 08:18:38.29
"2019/07/06","08:20:29.66","eq","l",2.68,"l",35.90433,-117.70117,5.6,"A",38460151,72,779,2019-07-06 08:20:29.66
"2019/07/06","08:22:03.68","eq","l",2.79,"l",35.67067,-117.54817,4.7,"A",38460175,87,1602,2019-07-06 08:22:03.68
"2019/07/06","08:23:19.19","eq","l",2.5,"l",35.90533,-117.69617,9,"A",38460183,30,779,2019-07-06 08:23:19.19
"2019/07/06","08:23:27.86","eq","l",2.57,"l",35.8975,-117.7325,2.7,"A",37357724,18,2981,2019-07-06 08:23:27.86
"2019/07/06","08:24:04.40","eq","l",2.71,"l",35.891,-117.72833,5.3,"A",38460199,64,1263,2019-07-06 08:24:04.4
"2019/07/06","08:26:51.08","eq","l",3.27,"l",35.56933,-117.388,7,"B",38460223,20,1563,2019-07-06 08:26:51.08
"2019/07/06","08:26:52.56","eq","l",3.53,"l",35.8965,-117.73067,5,"A",37264140,48,3248,2019-07-06 08:26:52.56
"2019/07/06","08:27:32.59","eq","l",2.51,"l",35.80117,-117.61933,10.3,"A",38460231,29,871,2019-07-06 08:27:32.59
"2019/07/06","08:27:53.15","eq","l",2.67,"l",35.90217,-117.72767,5.8,"A",38460239,38,787,2019-07-06 08:27:53.15
"2019/07/06","08:28:33.77","eq","l",3.59,"lr",35.63183,-117.4105,3.1,"A",38460255,88,1632,2019-07-06 08:28:33.77
"2019/07/06","08:29:11.09","eq","l",2.86,"l",35.9235,-117.6915,3.1,"A",38460263,30,774,2019-07-06 08:29:11.09
"2019/07/06","08:30:33.18","eq","l",2.64,"l",35.66967,-117.4675,4.5,"A",38460271,24,436,2019-07-06 08:30:33.18
"2019/07/06","08:30:34.69","eq","l",2.51,"l",35.77067,-117.5755,3.4,"A",37482829,8,3002,2019-07-06 08:30:34.69
"2019/07/06","08:31:09.29","eq","l",3.23,"l",35.89367,-117.72283,4.2,"A",38460279,60,801,2019-07-06 08:31:09.29
"2019/07/06","08:32:32.94","eq","l",2.62,"l",35.6205,-117.43867,6.5,"A",38460295,69,3128,2019-07-06 08:32:32.94
"2019/07/06","08:32:49.82","eq","l",2.64,"l",35.71833,-117.53933,7.5,"A",38460303,43,3083,2019-07-06 08:32:49.82
"2019/07/06","08:32:57.55","eq","l",4.56,"w",35.639,-117.49133,3.1,"A",38460311,239,2314,2019-07-06 08:32:57.55
"2019/07/06","08:35:15.04","eq","l",2.55,"l",35.902,-117.7305,6.7,"A",37482453,35,2969,2019-07-06 08:35:15.04
"2019/07/06","08:35:25.84","eq","l",2.54,"l",35.81433,-117.63333,6.3,"A",38460319,47,889,2019-07-06 08:35:25.84
"2019/07/06","08:36:48.87","eq","l",3.07,"l",35.67883,-117.493,1.4,"A",38460335,47,1101,2019-07-06 08:36:48.87
"2019/07/06","08:38:41.39","eq","l",2.81,"l",35.97083,-117.29883,4.8,"A",38460359,67,682,2019-07-06 08:38:41.39
"2019/07/06","08:39:42.83","eq","l",3.09,"l",35.922,-117.71033,2.8,"A",38460375,53,780,2019-07-06 08:39:42.83
"2019/07/06","08:39:55.09","eq","l",3.32,"l",35.81433,-117.64067,4.1,"A",37489525,48,3236,2019-07-06 08:39:55.09
"2019/07/06","08:40:30.65","eq","l",2.71,"l",35.60883,-117.41767,4.3,"A",38460391,17,1185,2019-07-06 08:40:30.65
"2019/07/06","08:40:45.63","eq","l",2.79,"l",35.90117,-117.70483,7.3,"A",38460399,54,788,2019-07-06 08:40:45.63
"2019/07/06","08:41:33.04","eq","l",3.35,"l",35.70167,-117.50967,2.5,"A",38460415,92,1548,2019-07-06 08:41:33.04
"2019/07/06","08:41:57.74","eq","l",2.52,"l",35.871,-117.6935,3.5,"A",37264156,18,2972,2019-07-06 08:41:57.74
"2019/07/06","08:41:59.62","eq","l",3.13,"l",35.905,-117.7355,3.4,"A",37264148,32,3209,2019-07-06 08:41:59.62
"2019/07/06","08:42:46.95","eq","l",2.67,"l",35.6475,-117.43233,8.3,"A",38460431,61,1126,2019-07-06 08:42:46.95
"2019/07/06","08:43:09.86","eq","l",2.61,"l",35.6985,-117.51433,8.7,"A",38460439,54,3101,2019-07-06 08:43:09.86
"2019/07/06","08:46:32.43","eq","l",3.27,"l",35.677,-117.58567,9.2,"A",38460471,69,1604,2019-07-06 08:46:32.43
"2019/07/06","08:51:03.99","eq","l",2.57,"l",35.94433,-117.73,1.6,"A",37483229,30,2990,2019-07-06 08:51:03.99
"2019/07/06","08:56:15.35","eq","l",2.52,"l",35.83283,-117.655,5.5,"A",38460583,35,872,2019-07-06 08:56:15.35
"2019/07/06","08:56:33.22","eq","l",2.6,"l",35.64633,-117.43833,7.3,"A",37421141,19,757,2019-07-06 08:56:33.22
"2019/07/06","08:56:42.89","eq","l",2.54,"l",35.9235,-117.714,4.3,"A",38460591,34,1160,2019-07-06 08:56:42.89
"2019/07/06","08:57:26.46","eq","l",2.81,"l",35.9325,-117.686,2.4,"A",38460599,24,1073,2019-07-06 08:57:26.46
"2019/07/06","08:57:50.17","eq","l",2.67,"l",35.67783,-117.54433,9.7,"A",38460607,35,1092,2019-07-06 08:57:50.17
"2019/07/06","08:58:58.93","eq","l",2.73,"l",35.91133,-117.73117,4.4,"A",38460615,36,787,2019-07-06 08:58:58.93
"2019/07/06","08:59:09.29","eq","l",3.29,"l",35.8635,-117.67167,3.9,"A",38460623,46,1317,2019-07-06 08:59:09.29
"2019/07/06","08:59:55.72","eq","l",3.6,"lr",35.60217,-117.38783,6.7,"A",38460631,29,2024,2019-07-06 08:59:55.72
"2019/07/06","08:59:57.51","eq","l",3.96,"w",35.54983,-117.3855,3.7,"A",38460639,57,2197,2019-07-06 08:59:57.51
"2019/07/06","09:00:56.06","eq","l",2.99,"l",35.899,-117.73133,5.3,"A",38460647,34,800,2019-07-06 09:00:56.06
"2019/07/06","09:02:22.21","eq","l",3.05,"l",35.56783,-117.36767,5.3,"A",38460655,58,1269,2019-07-06 09:02:22.21
"2019/07/06","09:03:12.25","eq","l",2.98,"l",35.68783,-117.53433,9.9,"A",38460671,45,1070,2019-07-06 09:03:12.25
"2019/07/06","09:04:03.19","eq","l",2.53,"l",35.70817,-117.54867,7.8,"A",38460687,18,685,2019-07-06 09:04:03.19
"2019/07/06","09:04:10.73","eq","l",2.52,"l",35.8505,-117.6715,7.9,"A",38460695,43,621,2019-07-06 09:04:10.73
"2019/07/06","09:05:25.91","eq","l",3.21,"l",35.82117,-117.6345,3.2,"A",38460719,64,454,2019-07-06 09:05:25.91
"2019/07/06","09:06:21.73","eq","l",3.37,"l",35.6735,-117.47283,3.1,"A",38460727,81,1594,2019-07-06 09:06:21.73
"2019/07/06","09:07:10.43","eq","l",2.66,"l",35.73717,-117.56867,6,"A",38460735,65,3095,2019-07-06 09:07:10.43
"2019/07/06","09:07:38.23","eq","l",2.69,"l",36.17567,-117.87767,2.6,"A",37482917,28,2972,2019-07-06 09:07:38.23
"2019/07/06","09:08:03.22","eq","l",3.44,"l",35.8815,-117.72317,3.5,"A",38460743,107,1290,2019-07-06 09:08:03.22
"2019/07/06","09:11:58.58","eq","l",2.55,"l",35.91133,-117.7415,5.7,"A",38460783,52,792,2019-07-06 09:11:58.58
"2019/07/06","09:12:41.47","eq","l",2.99,"l",35.8265,-117.66617,7.2,"A",38460791,57,1402,2019-07-06 09:12:41.47
"2019/07/06","09:14:51.03","eq","l",2.87,"l",35.91433,-117.735,4.6,"A",38460823,72,1238,2019-07-06 09:14:51.03
"2019/07/06","09:15:43.31","eq","l",2.54,"l",35.9115,-117.73533,4.7,"A",37482693,27,2969,2019-07-06 09:15:43.31
"2019/07/06","09:16:35.04","eq","l",2.6,"l",35.91567,-117.70633,3.3,"A",38460839,84,775,2019-07-06 09:16:35.04
"2019/07/06","09:17:44.97","eq","l",2.78,"l",35.7065,-117.54217,11,"A",38460855,39,1027,2019-07-06 09:17:44.97
"2019/07/06","09:19:18.55","eq","l",2.74,"l",35.827,-117.64683,4.5,"A",38460863,70,1350,2019-07-06 09:19:18.55
"2019/07/06","09:20:59.26","eq","l",3.06,"l",35.87483,-117.72167,7.8,"A",38460887,59,1288,2019-07-06 09:20:59.26
"2019/07/06","09:21:22.99","eq","l",3.17,"l",35.74833,-117.569,4.3,"A",38460895,60,1483,2019-07-06 09:21:22.99
"2019/07/06","09:23:41.57","eq","l",3.25,"l",36.063,-117.85267,1.9,"A",38460911,64,979,2019-07-06 09:23:41.57
"2019/07/06","09:24:23.07","eq","l",3.59,"w",35.8015,-117.641,1.2,"A",38460927,62,1783,2019-07-06 09:24:23.07
"2019/07/06","09:24:30.94","eq","l",2.99,"l",35.9095,-117.74017,9.5,"A",37264164,13,3185,2019-07-06 09:24:30.94
"2019/07/06","09:26:58.09","eq","l",2.87,"l",35.89767,-117.72017,4.5,"A",38460943,52,1178,2019-07-06 09:26:58.09
"2019/07/06","09:27:08.46","eq","l",3.51,"l",35.61833,-117.58367,10.8,"A",38460951,54,1714,2019-07-06 09:27:08.46
"2019/07/06","09:27:59.80","eq","l",2.93,"l",35.9465,-117.74033,3,"A",38460959,45,761,2019-07-06 09:27:59.8
"2019/07/06","09:28:28.98","eq","l",4.89,"w",35.898,-117.72717,4,"A",38460967,197,2146,2019-07-06 09:28:28.98
"2019/07/06","09:28:41.79","eq","l",4.24,"lr",35.887,-117.71683,4.8,"A",37258076,37,3350,2019-07-06 09:28:41.79
"2019/07/06","09:28:59.63","eq","l",3.48,"l",35.90117,-117.72917,4.5,"A",37264180,15,3251,2019-07-06 09:28:59.63
"2019/07/06","09:29:09.30","eq","l",3.38,"l",35.92267,-117.72883,2.4,"A",37264188,5,3245,2019-07-06 09:29:09.3
"2019/07/06","09:29:20.97","eq","l",4.41,"lr",35.88117,-117.7175,5.5,"A",38460975,98,2149,2019-07-06 09:29:20.97
"2019/07/06","09:29:44.49","eq","l",3.39,"l",35.88817,-117.71533,4.1,"A",37264196,14,3245,2019-07-06 09:29:44.49
"2019/07/06","09:29:59.50","eq","l",3.47,"l",35.74433,-117.5895,10.8,"A",37264204,37,3263,2019-07-06 09:29:59.5
"2019/07/06","09:30:41.24","eq","l",4.49,"w",35.90983,-117.73233,4.2,"A",38460983,151,2133,2019-07-06 09:30:41.24
"2019/07/06","09:30:57.62","eq","l",3.45,"lr",35.9,-117.7255,4.2,"A",37264284,23,3251,2019-07-06 09:30:57.62
"2019/07/06","09:31:19.00","eq","l",3.32,"l",35.95633,-117.67983,2.2,"A",37264292,16,3236,2019-07-06 09:31:19
"2019/07/06","09:31:32.07","eq","l",3.08,"l",35.897,-117.7225,5.6,"A",37264300,15,3203,2019-07-06 09:31:32.07
"2019/07/06","09:33:25.01","eq","l",3.2,"l",35.875,-117.72067,8.1,"A",38460991,59,1306,2019-07-06 09:33:25.01
"2019/07/06","09:33:59.74","eq","l",3.6,"lr",35.89533,-117.7235,4.9,"A",38460999,66,1290,2019-07-06 09:33:59.74
"2019/07/06","09:34:27.83","eq","l",3.51,"lr",35.88717,-117.71333,7.7,"A",38461007,37,1290,2019-07-06 09:34:27.83
"2019/07/06","09:35:49.72","eq","l",2.72,"l",35.90167,-117.70517,2.8,"A",38461015,57,784,2019-07-06 09:35:49.72
"2019/07/06","09:36:39.36","eq","l",3.15,"l",35.87367,-117.70367,7.9,"A",38461023,73,825,2019-07-06 09:36:39.36
"2019/07/06","09:38:34.47","eq","l",2.76,"l",35.674,-117.46783,8.8,"A",37482797,80,3170,2019-07-06 09:38:34.47
"2019/07/06","09:39:32.44","eq","l",2.78,"l",35.8565,-117.68367,9.2,"A",37482445,22,3110,2019-07-06 09:39:32.44
"2019/07/06","09:40:44.78","eq","l",2.6,"l",35.90317,-117.7285,4.4,"A",38461055,53,597,2019-07-06 09:40:44.78
"2019/07/06","09:41:51.06","eq","l",2.67,"l",35.91333,-117.7335,4.2,"A",38461063,58,588,2019-07-06 09:41:51.06
"2019/07/06","09:43:02.02","eq","l",2.74,"l",35.82633,-117.6485,8.4,"A",38461079,65,880,2019-07-06 09:43:02.02
"2019/07/06","09:46:17.70","eq","l",2.54,"l",35.73933,-117.48333,4.4,"A",38461119,29,636,2019-07-06 09:46:17.7
"2019/07/06","09:46:39.93","eq","l",3.39,"l",35.8015,-117.62783,2.8,"A",38461127,87,1402,2019-07-06 09:46:39.93
"2019/07/06","09:47:16.70","eq","l",2.68,"l",35.74683,-117.57083,3.2,"A",38461135,36,663,2019-07-06 09:47:16.7
"2019/07/06","09:47:31.34","eq","l",2.78,"l",35.89,-117.714,9,"A",37482461,41,3107,2019-07-06 09:47:31.34
"2019/07/06","09:48:29.81","eq","l",3.39,"l",35.8805,-117.713,4.2,"A",38461151,102,1293,2019-07-06 09:48:29.81
"2019/07/06","09:49:33.29","eq","l",3.22,"l",35.894,-117.72083,7.5,"A",38461159,80,1277,2019-07-06 09:49:33.29
"2019/07/06","09:50:37.53","eq","l",2.62,"l",35.90533,-117.6925,3.9,"A",38461175,20,604,2019-07-06 09:50:37.53
"2019/07/06","09:50:43.22","eq","l",3.06,"l",35.71067,-117.578,8.9,"A",38461183,62,1049,2019-07-06 09:50:43.22
"2019/07/06","09:51:21.37","eq","l",2.54,"l",35.5885,-117.37867,5.5,"A",38461191,23,937,2019-07-06 09:51:21.37
"2019/07/06","09:52:12.68","eq","l",2.68,"l",35.899,-117.722,7,"A",38461199,54,597,2019-07-06 09:52:12.68
"2019/07/06","09:52:26.48","eq","l",2.85,"l",35.86933,-117.6205,2.1,"A",37482765,36,3158,2019-07-06 09:52:26.48
"2019/07/06","09:54:42.47","eq","l",2.75,"l",35.908,-117.73167,4.8,"A",38461239,68,793,2019-07-06 09:54:42.47
"2019/07/06","09:55:53.81","eq","l",2.55,"l",35.87233,-117.71667,9.4,"A",38461255,28,612,2019-07-06 09:55:53.81
"2019/07/06","09:56:06.02","eq","l",2.52,"l",35.7675,-117.573,6.8,"A",38461263,35,654,2019-07-06 09:56:06.02
"2019/07/06","09:56:54.64","eq","l",2.52,"l",35.695,-117.533,7.4,"A",38461279,28,634,2019-07-06 09:56:54.64
"2019/07/06","09:57:34.96","eq","l",3.08,"l",35.95317,-117.70167,5.4,"A",38461295,66,758,2019-07-06 09:57:34.96
"2019/07/06","09:57:51.49","eq","l",3.07,"l",35.87133,-117.68433,4.8,"A",37400764,26,3191,2019-07-06 09:57:51.49
"2019/07/06","09:59:26.60","eq","l",3.75,"w",35.883,-117.7105,7.3,"A",38461311,108,1768,2019-07-06 09:59:26.6
"2019/07/06","09:59:56.23","eq","l",3.21,"l",35.95267,-117.70067,5.1,"A",37400772,19,3209,2019-07-06 09:59:56.23
"2019/07/06","10:00:00.35","eq","l",3.48,"l",35.78717,-117.63733,8.9,"A",37264308,57,3242,2019-07-06 10:00:00.35
"2019/07/06","10:01:10.44","eq","l",2.86,"l",35.9255,-117.7105,4,"A",38461319,62,774,2019-07-06 10:01:10.44
"2019/07/06","10:02:24.36","eq","l",3.04,"l",35.6905,-117.5305,8.4,"A",38461327,37,800,2019-07-06 10:02:24.36
"2019/07/06","10:02:37.02","eq","l",3.18,"l",35.727,-117.59183,10.8,"A",38461335,58,1050,2019-07-06 10:02:37.02
"2019/07/06","10:02:56.90","eq","l",2.92,"l",35.922,-117.73983,5.2,"A",37483333,42,3140,2019-07-06 10:02:56.9
"2019/07/06","10:03:22.38","eq","l",2.96,"l",35.65033,-117.45633,4.2,"A",38461351,42,1134,2019-07-06 10:03:22.38
"2019/07/06","10:04:32.14","eq","l",2.78,"l",35.74017,-117.5715,3.7,"A",38461359,51,318,2019-07-06 10:04:32.14
"2019/07/06","10:05:20.15","eq","l",3,"l",35.67633,-117.53883,4.8,"A",38461383,38,1131,2019-07-06 10:05:20.15
"2019/07/06","10:05:32.61","eq","l",3.41,"l",35.90367,-117.72633,3.9,"A",38461391,65,1263,2019-07-06 10:05:32.61
"2019/07/06","10:07:29.19","eq","l",2.63,"l",35.88,-117.71283,6,"A",38461407,53,572,2019-07-06 10:07:29.19
"2019/07/06","10:07:32.60","eq","l",2.84,"l",35.89317,-117.71017,6.3,"A",37482549,41,3113,2019-07-06 10:07:32.6
"2019/07/06","10:08:02.53","eq","l",3.26,"l",35.86383,-117.68667,9.8,"A",38461423,50,842,2019-07-06 10:08:02.53
"2019/07/06","10:08:26.83","eq","l",3.04,"l",35.78567,-117.61333,10.3,"A",38461431,49,929,2019-07-06 10:08:26.83
"2019/07/06","10:09:18.11","eq","l",3.52,"l",35.5755,-117.51767,10.4,"A",38461447,92,1725,2019-07-06 10:09:18.11
"2019/07/06","10:10:20.75","eq","l",2.67,"l",35.9,-117.72767,5,"A",38461455,57,597,2019-07-06 10:10:20.75
"2019/07/06","10:11:00.52","eq","l",2.75,"l",35.8955,-117.72117,6,"A",38461463,66,798,2019-07-06 10:11:00.52
"2019/07/06","10:15:01.31","eq","l",2.84,"l",35.61983,-117.43783,4.8,"A",38461495,74,1169,2019-07-06 10:15:01.31
"2019/07/06","10:19:18.19","eq","l",2.9,"l",35.88117,-117.713,6.8,"A",38461527,71,808,2019-07-06 10:19:18.19
"2019/07/06","10:19:58.82","eq","l",2.7,"l",35.88083,-117.691,3.9,"A",38461535,68,803,2019-07-06 10:19:58.82
"2019/07/06","10:22:55.84","eq","l",2.88,"l",35.87833,-117.718,2.6,"A",38461583,72,812,2019-07-06 10:22:55.84
"2019/07/06","10:25:07.05","eq","l",3.3,"l",35.8905,-117.69333,3.5,"A",38461599,54,792,2019-07-06 10:25:07.05
"2019/07/06","10:25:23.91","eq","l",3.12,"l",35.89783,-117.72683,5.1,"A",38461607,44,800,2019-07-06 10:25:23.91
"2019/07/06","10:27:59.46","eq","l",3.16,"l",35.68783,-117.54967,10.3,"A",38461631,95,1078,2019-07-06 10:27:59.46
"2019/07/06","10:28:43.03","eq","l",3.08,"l",35.90433,-117.72767,5.7,"A",38461639,77,800,2019-07-06 10:28:43.03
"2019/07/06","10:31:40.60","eq","l",2.54,"l",35.89367,-117.66733,8.3,"A",38461663,16,1618,2019-07-06 10:31:40.6
"2019/07/06","10:31:43.93","eq","l",3.51,"lr",35.64867,-117.45467,4,"A",38461655,62,589,2019-07-06 10:31:43.93
"2019/07/06","10:32:43.47","eq","l",2.73,"l",35.71733,-117.52383,4.9,"A",38461671,54,676,2019-07-06 10:32:43.47
"2019/07/06","10:34:32.78","eq","l",2.54,"l",35.87367,-117.71467,2.9,"A",38461687,35,603,2019-07-06 10:34:32.78
"2019/07/06","10:34:56.83","eq","l",2.6,"l",35.91333,-117.742,4.8,"A",38461695,37,597,2019-07-06 10:34:56.83
"2019/07/06","10:35:00.67","eq","l",2.51,"l",35.9,-117.67633,2.7,"A",37482645,17,2972,2019-07-06 10:35:00.67
"2019/07/06","10:35:14.30","eq","l",2.64,"l",35.5765,-117.35,2.2,"A",38461711,15,1765,2019-07-06 10:35:14.3
"2019/07/06","10:35:18.06","eq","l",3.36,"l",35.56033,-117.35483,9,"A",38461703,46,1204,2019-07-06 10:35:18.06
"2019/07/06","10:36:10.58","eq","l",2.84,"l",35.683,-117.526,1.6,"A",38461719,39,1083,2019-07-06 10:36:10.58
"2019/07/06","10:37:09.16","eq","l",3.09,"l",35.88267,-117.69667,4.4,"A",38461727,42,790,2019-07-06 10:37:09.16
"2019/07/06","10:37:27.56","eq","l",3.82,"w",35.5745,-117.35283,2.9,"A",38461735,64,1675,2019-07-06 10:37:27.56
"2019/07/06","10:38:31.26","eq","l",2.98,"l",35.913,-117.73317,6.3,"A",38461743,56,796,2019-07-06 10:38:31.26
"2019/07/06","10:39:03.02","eq","l",2.56,"l",35.88783,-117.6945,4.2,"A",37483109,39,2990,2019-07-06 10:39:03.02
"2019/07/06","10:40:24.70","eq","l",3.45,"l",35.67133,-117.55033,1.7,"A",38461775,101,1605,2019-07-06 10:40:24.7
"2019/07/06","10:41:26.28","eq","l",3.07,"l",35.8855,-117.69717,8,"A",38461783,56,793,2019-07-06 10:41:26.28
"2019/07/06","10:41:32.40","eq","l",3.09,"l",35.98883,-117.7115,6.1,"A",37489469,29,3191,2019-07-06 10:41:32.4
"2019/07/06","10:43:30.56","eq","l",2.96,"l",35.898,-117.72867,4.2,"A",38461807,61,797,2019-07-06 10:43:30.56
"2019/07/06","10:45:06.77","eq","l",2.9,"l",35.881,-117.68817,4.7,"A",38461815,46,780,2019-07-06 10:45:06.77
"2019/07/06","10:48:20.29","eq","l",2.58,"l",35.72567,-117.54067,2.6,"A",38461871,19,688,2019-07-06 10:48:20.29
"2019/07/06","10:48:24.46","eq","l",4.04,"w",35.5785,-117.372,5.6,"A",38461879,83,2068,2019-07-06 10:48:24.46
"2019/07/06","10:48:35.46","eq","l",3.24,"l",35.88833,-117.73267,6.1,"A",37264316,12,3242,2019-07-06 10:48:35.46
"2019/07/06","10:49:48.63","eq","l",3.28,"l",35.9235,-117.70717,2.9,"A",38461887,58,1195,2019-07-06 10:49:48.63
"2019/07/06","10:50:46.52","eq","l",3.47,"l",35.86517,-117.70917,8.6,"A",38461903,74,1314,2019-07-06 10:50:46.52
"2019/07/06","10:51:40.53","eq","l",2.6,"l",35.65067,-117.44983,3.5,"A",38461911,61,739,2019-07-06 10:51:40.53
"2019/07/06","10:52:08.27","eq","l",2.52,"l",35.72683,-117.52833,0.5,"A",38461919,57,672,2019-07-06 10:52:08.27
"2019/07/06","10:52:31.05","eq","l",2.62,"l",35.677,-117.5225,9.2,"A",38461927,63,702,2019-07-06 10:52:31.05
"2019/07/06","10:57:59.62","eq","l",2.61,"l",35.8835,-117.73283,10.3,"A",37483293,41,1386,2019-07-06 10:57:59.62
"2019/07/06","10:59:24.31","eq","l",3.19,"l",35.81967,-117.629,9.8,"A",38461991,50,727,2019-07-06 10:59:24.31
"2019/07/06","11:00:06.49","eq","l",2.8,"l",35.838,-117.65267,8.8,"A",38461999,66,863,2019-07-06 11:00:06.49
"2019/07/06","11:02:30.60","eq","l",2.75,"l",35.6775,-117.52483,9.4,"A",37482845,60,3167,2019-07-06 11:02:30.6
"2019/07/06","11:02:34.16","eq","l",2.54,"l",35.91667,-117.79467,5.1,"A",37482869,32,2969,2019-07-06 11:02:34.16
"2019/07/06","11:06:00.63","eq","l",2.84,"l",35.80533,-117.62817,6.8,"A",38462047,51,914,2019-07-06 11:06:00.63
"2019/07/06","11:06:08.44","eq","l",2.8,"l",35.882,-117.70517,2.1,"A",37483269,39,3119,2019-07-06 11:06:08.44
"2019/07/06","11:06:43.35","eq","l",3.84,"w",35.79483,-117.621,4.8,"A",38462063,134,1408,2019-07-06 11:06:43.35
"2019/07/06","11:08:10.75","eq","l",2.9,"l",35.90517,-117.73133,3.9,"A",38462071,57,797,2019-07-06 11:08:10.75
"2019/07/06","11:10:24.06","eq","l",2.91,"l",35.925,-117.706,2.4,"A",38462087,65,780,2019-07-06 11:10:24.06
"2019/07/06","11:10:39.57","eq","l",2.92,"l",35.90083,-117.72783,5.9,"A",38462095,40,797,2019-07-06 11:10:39.57
"2019/07/06","11:11:19.67","eq","l",2.56,"l",35.89433,-117.70033,7.3,"A",38462103,58,615,2019-07-06 11:11:19.67
"2019/07/06","11:11:42.21","eq","l",3,"l",35.907,-117.73267,4.4,"A",38462111,72,798,2019-07-06 11:11:42.21
"2019/07/06","11:14:53.30","eq","l",2.51,"l",35.95833,-117.68717,4.2,"A",37483141,18,2960,2019-07-06 11:14:53.3
"2019/07/06","11:14:56.47","eq","l",2.8,"l",35.865,-117.6975,7.2,"A",37483149,38,3119,2019-07-06 11:14:56.47
"2019/07/06","11:15:13.11","eq","l",2.74,"l",35.87433,-117.6995,7.1,"A",38462167,25,612,2019-07-06 11:15:13.11
"2019/07/06","11:15:20.71","eq","l",3.68,"w",35.646,-117.46567,-0.1,"A",38462175,61,1622,2019-07-06 11:15:20.71
"2019/07/06","11:16:25.38","eq","l",2.58,"l",35.9055,-117.725,7.4,"A",38462183,40,597,2019-07-06 11:16:25.38
"2019/07/06","11:18:03.66","eq","l",2.95,"l",35.67617,-117.53317,8,"A",38462207,75,1058,2019-07-06 11:18:03.66
"2019/07/06","11:23:10.03","eq","l",2.55,"l",35.86817,-117.6945,7.1,"A",38462279,92,612,2019-07-06 11:23:10.03
"2019/07/06","11:24:21.46","eq","l",2.54,"l",35.89783,-117.72867,4.2,"A",38462295,69,606,2019-07-06 11:24:21.46
"2019/07/06","11:25:15.48","eq","l",2.79,"l",35.70567,-117.505,1.5,"A",38462311,63,1054,2019-07-06 11:25:15.48
"2019/07/06","11:31:09.93","eq","l",3.17,"l",35.92717,-117.70183,2.4,"A",38462351,80,771,2019-07-06 11:31:09.93
"2019/07/06","11:34:51.83","eq","l",2.6,"l",35.572,-117.40417,6.3,"A",38462391,64,3125,2019-07-06 11:34:51.83
"2019/07/06","11:37:26.22","eq","l",2.63,"l",35.90717,-117.71483,2.2,"A",38462439,74,588,2019-07-06 11:37:26.22
"2019/07/06","11:40:52.65","eq","l",2.74,"l",35.87667,-117.703,2.6,"A",38462487,76,612,2019-07-06 11:40:52.65
"2019/07/06","11:43:52.74","eq","l",2.57,"l",35.56967,-117.43783,3.1,"A",37405100,31,3107,2019-07-06 11:43:52.74
"2019/07/06","11:44:37.86","eq","l",2.53,"l",35.87117,-117.67683,6.4,"A",38462551,24,571,2019-07-06 11:44:37.86
"2019/07/06","11:45:11.44","eq","l",3.41,"l",35.83533,-117.66767,4.8,"A",38462559,86,1358,2019-07-06 11:45:11.44
"2019/07/06","11:46:16.16","eq","l",2.73,"l",35.7045,-117.5075,2.1,"A",38462567,57,1054,2019-07-06 11:46:16.16
"2019/07/06","11:49:56.82","eq","l",2.57,"l",35.9185,-117.71467,2.8,"A",37489293,53,2975,2019-07-06 11:49:56.82
"2019/07/06","11:50:09.76","eq","l",2.69,"l",35.61283,-117.59817,10.1,"A",38462623,49,764,2019-07-06 11:50:09.76
"2019/07/06","11:51:08.21","eq","l",3.07,"l",35.57,-117.3425,2.5,"A",37264324,41,3230,2019-07-06 11:51:08.21
"2019/07/06","11:51:17.79","eq","l",2.9,"l",35.55883,-117.41883,9.3,"A",37264332,12,3203,2019-07-06 11:51:17.79
"2019/07/06","11:53:08.09","eq","l",4.12,"w",35.89533,-117.73367,2.1,"A",38462679,89,1761,2019-07-06 11:53:08.09
"2019/07/06","11:53:57.43","eq","l",2.76,"l",35.90533,-117.702,8.7,"A",37405252,28,3077,2019-07-06 11:53:57.43
"2019/07/06","11:54:54.03","eq","l",3.21,"l",35.89683,-117.73683,2.1,"A",38462687,82,797,2019-07-06 11:54:54.03
"2019/07/06","11:56:20.06","eq","l",2.6,"l",35.90817,-117.73867,3.4,"A",38462703,33,597,2019-07-06 11:56:20.06
"2019/07/06","11:56:28.59","eq","l",2.74,"l",35.87283,-117.7005,8.2,"A",37483165,23,3068,2019-07-06 11:56:28.59
"2019/07/06","11:57:14.05","eq","l",2.94,"l",35.848,-117.68317,6.7,"A",38462727,68,872,2019-07-06 11:57:14.05
"2019/07/06","11:57:18.10","eq","l",2.56,"l",35.5515,-117.37383,6.2,"B",38462719,8,420,2019-07-06 11:57:18.1
"2019/07/06","12:01:21.05","eq","l",2.52,"l",35.59067,-117.364,5.6,"A",38462783,50,739,2019-07-06 12:01:21.05
"2019/07/06","12:02:41.84","eq","l",2.5,"l",35.918,-117.72683,2.4,"A",38462807,48,575,2019-07-06 12:02:41.84
"2019/07/06","12:03:49.65","eq","l",2.57,"l",35.74933,-117.5635,9.5,"A",38462823,45,650,2019-07-06 12:03:49.65
"2019/07/06","12:04:07.93","eq","l",2.51,"l",35.75667,-117.56767,7.8,"A",38462831,32,650,2019-07-06 12:04:07.93
"2019/07/06","12:04:20.63","eq","l",2.59,"l",35.88217,-117.73383,4.5,"A",37483173,20,3008,2019-07-06 12:04:20.63
"2019/07/06","12:05:00.77","eq","l",3.57,"lr",35.824,-117.6605,6.3,"A",38462839,60,599,2019-07-06 12:05:00.77
"2019/07/06","12:05:21.29","eq","l",3.34,"l",35.789,-117.62867,8.3,"A",38462847,52,1414,2019-07-06 12:05:21.29
"2019/07/06","12:09:02.88","eq","l",2.58,"l",35.89767,-117.7335,2.4,"A",38462887,38,593,2019-07-06 12:09:02.88
"2019/07/06","12:09:51.37","eq","l",2.78,"l",35.737,-117.54517,6.7,"A",38462895,73,1038,2019-07-06 12:09:51.37
"2019/07/06","12:12:19.51","eq","l",2.75,"l",35.50783,-117.50283,6.9,"A",37483717,19,3179,2019-07-06 12:12:19.51
"2019/07/06","12:12:35.82","eq","l",3.03,"l",35.77767,-117.59683,8,"A",38462927,38,793,2019-07-06 12:12:35.82
"2019/07/06","12:13:28.14","eq","l",2.52,"l",35.9245,-117.70667,2.5,"A",38462935,47,572,2019-07-06 12:13:28.14
"2019/07/06","12:19:23.43","eq","l",2.89,"l",35.92733,-117.74233,5.5,"A",37403364,30,3032,2019-07-06 12:19:23.43
"2019/07/06","12:20:16.21","eq","l",2.74,"l",35.7545,-117.576,9.1,"A",38462999,80,1017,2019-07-06 12:20:16.21
"2019/07/06","12:20:59.05","eq","l",3.49,"lr",35.75783,-117.57983,8.3,"A",38463007,93,1462,2019-07-06 12:20:59.05
"2019/07/06","12:23:28.97","eq","l",2.65,"l",35.89933,-117.70517,8.6,"A",38463015,56,615,2019-07-06 12:23:28.97
"2019/07/06","12:28:49.34","eq","l",2.53,"l",35.60217,-117.40583,3.2,"A",37358204,20,3098,2019-07-06 12:28:49.34
"2019/07/06","12:29:19.81","eq","l",3.4,"l",35.8155,-117.59183,9.3,"A",38463087,96,1371,2019-07-06 12:29:19.81
"2019/07/06","12:34:52.65","eq","l",2.62,"l",35.736,-117.54183,3.8,"A",38463135,71,1029,2019-07-06 12:34:52.65
"2019/07/06","12:35:50.29","eq","l",2.56,"l",35.82917,-117.66,7.2,"A",38463151,40,673,2019-07-06 12:35:50.29
"2019/07/06","12:35:56.55","eq","l",2.62,"l",35.906,-117.71433,2.1,"A",37421149,19,445,2019-07-06 12:35:56.55
"2019/07/06","12:36:30.30","eq","l",3.04,"l",35.62017,-117.43667,8.6,"A",38463159,86,1179,2019-07-06 12:36:30.3
"2019/07/06","12:36:47.16","eq","l",2.71,"l",35.87583,-117.69117,4.9,"A",38463167,39,612,2019-07-06 12:36:47.16
"2019/07/06","12:37:05.45","eq","l",2.72,"l",35.88617,-117.727,4.2,"A",38463175,43,771,2019-07-06 12:37:05.45
"2019/07/06","12:40:31.17","eq","l",2.86,"l",35.817,-117.6405,7,"A",38463215,67,889,2019-07-06 12:40:31.17
"2019/07/06","12:40:45.76","eq","l",3.24,"l",35.903,-117.6565,9.6,"A",38463223,47,1214,2019-07-06 12:40:45.76
"2019/07/06","12:40:48.32","eq","l",3.24,"l",35.94017,-117.30883,11,"A",37264348,8,3239,2019-07-06 12:40:48.32
"2019/07/06","12:40:56.23","eq","l",2.72,"l",35.59683,-117.3145,8.9,"A",37264356,7,3173,2019-07-06 12:40:56.23
"2019/07/06","12:44:44.28","eq","l",2.69,"l",35.63667,-117.4315,4.8,"A",37358364,31,3152,2019-07-06 12:44:44.28
"2019/07/06","12:45:45.54","eq","l",2.82,"l",35.87467,-117.70533,2.7,"A",38463311,69,821,2019-07-06 12:45:45.54
"2019/07/06","12:48:42.88","eq","l",3.09,"l",35.857,-117.67183,8.5,"A",38463359,84,820,2019-07-06 12:48:42.88
"2019/07/06","12:49:39.11","eq","l",3.12,"l",35.60483,-117.40117,7.1,"A",38463375,65,1179,2019-07-06 12:49:39.11
"2019/07/06","12:49:41.59","eq","l",2.94,"l",35.70367,-117.51567,12.8,"A",37491605,42,3215,2019-07-06 12:49:41.59
"2019/07/06","12:50:27.80","eq","l",2.86,"l",35.9345,-117.7235,2.9,"A",38463383,73,572,2019-07-06 12:50:27.8
"2019/07/06","12:55:24.80","eq","l",3.07,"l",35.9005,-117.73033,4.4,"A",38463439,109,797,2019-07-06 12:55:24.8
"2019/07/06","12:58:18.14","eq","l",2.72,"l",35.67083,-117.467,7.2,"A",38463471,78,702,2019-07-06 12:58:18.14
"2019/07/06","13:00:44.17","eq","l",2.97,"l",35.87683,-117.70533,5.1,"A",38463495,78,808,2019-07-06 13:00:44.17
"2019/07/06","13:02:14.80","eq","l",2.53,"l",35.81683,-117.62433,3.8,"A",38463511,38,573,2019-07-06 13:02:14.8
"2019/07/06","13:06:55.26","eq","l",4.5,"w",35.92833,-117.705,2.4,"A",38463551,217,1737,2019-07-06 13:06:55.26
"2019/07/06","13:07:13.84","eq","l",3.3,"l",35.921,-117.70833,4.9,"A",37264364,11,3239,2019-07-06 13:07:13.84
"2019/07/06","13:08:11.86","eq","l",2.66,"l",35.6085,-117.45183,10.3,"A",38463559,24,1188,2019-07-06 13:08:11.86
"2019/07/06","13:09:19.93","eq","l",2.87,"l",35.79467,-117.62517,4.2,"A",38463567,62,911,2019-07-06 13:09:19.93
"2019/07/06","13:16:57.73","eq","l",3.07,"l",35.65183,-117.519,10.2,"A",38463631,101,1156,2019-07-06 13:16:57.73
"2019/07/06","13:17:39.59","eq","l",2.78,"l",35.8825,-117.698,8.6,"A",38463639,71,808,2019-07-06 13:17:39.59
"2019/07/06","13:18:21.88","eq","l",2.51,"l",35.91233,-117.70333,4,"A",38463655,43,416,2019-07-06 13:18:21.88
"2019/07/06","13:20:36.29","eq","l",2.52,"l",35.7135,-117.57017,6.8,"A",38463671,79,685,2019-07-06 13:20:36.29
"2019/07/06","13:24:27.28","eq","l",2.77,"l",35.87267,-117.69767,4.4,"A",38463703,77,825,2019-07-06 13:24:27.28
"2019/07/06","13:25:45.40","eq","l",2.56,"l",35.8965,-117.72467,5.6,"A",38463711,40,585,2019-07-06 13:25:45.4
"2019/07/06","13:25:59.76","eq","l",2.65,"l",35.596,-117.38533,5.9,"A",37482861,30,3128,2019-07-06 13:25:59.76
"2019/07/06","13:27:38.66","eq","l",2.95,"l",35.709,-117.5555,1.9,"A",38463727,53,1042,2019-07-06 13:27:38.66
"2019/07/06","13:28:31.29","eq","l",2.51,"l",35.67433,-117.47767,2.1,"A",38463735,29,1102,2019-07-06 13:28:31.29
"2019/07/06","13:28:34.87","eq","l",2.61,"l",35.68033,-117.512,6.5,"A",37483773,17,3095,2019-07-06 13:28:34.87
"2019/07/06","13:29:02.31","eq","l",2.53,"l",35.84617,-117.657,4.3,"A",38463743,32,634,2019-07-06 13:29:02.31
"2019/07/06","13:30:07.14","eq","l",2.74,"l",36.121,-117.84883,2.1,"A",38463759,55,654,2019-07-06 13:30:07.14
"2019/07/06","13:32:33.39","eq","l",2.6,"l",35.89167,-117.7165,7.5,"A",38463775,47,615,2019-07-06 13:32:33.39
"2019/07/06","13:32:59.50","eq","l",3.65,"w",35.67617,-117.48733,1.6,"A",38463791,74,1597,2019-07-06 13:32:59.5
"2019/07/06","13:34:46.31","eq","l",3.17,"l",35.903,-117.6925,2.5,"A",38463807,88,788,2019-07-06 13:34:46.31
"2019/07/06","13:36:26.80","eq","l",3.36,"l",35.86417,-117.68633,7.9,"A",38463831,102,1326,2019-07-06 13:36:26.8
"2019/07/06","13:38:49.57","eq","l",2.51,"l",35.67817,-117.51917,-0.5,"A",38463863,38,693,2019-07-06 13:38:49.57
"2019/07/06","13:39:52.77","eq","l",2.79,"l",35.54883,-117.43433,2.8,"A",38463887,55,1288,2019-07-06 13:39:52.77
"2019/07/06","13:39:59.26","eq","l",2.86,"l",35.69867,-117.54667,4.9,"A",37483621,64,3194,2019-07-06 13:39:59.26
"2019/07/06","13:41:42.73","eq","l",3.17,"l",35.5895,-117.4235,6.8,"A",38463903,87,1195,2019-07-06 13:41:42.73
"2019/07/06","13:43:18.74","eq","l",3.64,"w",35.61633,-117.4755,8.8,"A",38463911,111,1674,2019-07-06 13:43:18.74
"2019/07/06","13:43:49.66","eq","l",3.37,"l",35.919,-117.71717,0.5,"A",37264444,17,3236,2019-07-06 13:43:49.66
"2019/07/06","13:43:55.52","eq","l",2.87,"l",35.765,-117.56783,6.5,"A",37264452,16,3182,2019-07-06 13:43:55.52
"2019/07/06","13:45:19.05","eq","l",2.56,"l",35.62733,-117.43,8,"A",37483725,42,3086,2019-07-06 13:45:19.05
"2019/07/06","13:45:19.05","eq","l",2.67,"l",35.62583,-117.43033,7.7,"A",38463919,27,739,2019-07-06 13:45:19.05
"2019/07/06","13:45:30.28","eq","l",2.82,"l",35.89117,-117.6755,9,"A",38463927,65,794,2019-07-06 13:45:30.28
"2019/07/06","13:45:37.93","eq","l",2.63,"l",35.55383,-117.39867,4.3,"A",37483709,36,3143,2019-07-06 13:45:37.93
"2019/07/06","13:49:42.55","eq","l",2.54,"l",35.6715,-117.49283,4.4,"A",38463967,39,702,2019-07-06 13:49:42.55
"2019/07/06","13:50:57.74","eq","l",2.65,"l",35.8715,-117.6845,2.7,"A",38463975,55,612,2019-07-06 13:50:57.74
"2019/07/06","13:51:03.87","eq","l",2.52,"l",35.89117,-117.70667,3.2,"A",37485045,12,2978,2019-07-06 13:51:03.87
"2019/07/06","13:51:20.10","eq","l",2.55,"l",35.86867,-117.70483,9.9,"A",38463983,32,612,2019-07-06 13:51:20.1
"2019/07/06","13:54:51.69","eq","l",2.72,"l",35.88617,-117.71833,2.8,"A",38464031,59,615,2019-07-06 13:54:51.69
"2019/07/06","13:55:41.93","eq","l",2.52,"l",35.87533,-117.69683,8.2,"A",38464039,57,436,2019-07-06 13:55:41.93
"2019/07/06","13:55:51.09","eq","l",3.54,"w",35.868,-117.705,7.9,"A",38464047,99,1319,2019-07-06 13:55:51.09
"2019/07/06","13:57:15.84","eq","l",2.68,"l",35.5695,-117.3395,2.4,"A",37483925,33,3146,2019-07-06 13:57:15.84
"2019/07/06","13:57:30.84","eq","l",2.55,"l",35.87417,-117.69333,8.4,"A",37483933,29,3015,2019-07-06 13:57:30.84
"2019/07/06","13:58:01.05","eq","l",2.64,"l",35.8155,-117.642,6.1,"A",38464071,55,880,2019-07-06 13:58:01.05
"2019/07/06","13:59:21.04","eq","l",2.82,"l",35.93967,-117.7045,2.1,"A",38464087,54,1164,2019-07-06 13:59:21.04
"2019/07/06","14:04:10.71","eq","l",2.51,"l",35.7105,-117.509,6.5,"A",37407172,43,3029,2019-07-06 14:04:10.71
"2019/07/06","14:05:32.47","eq","l",2.78,"l",35.88217,-117.6955,7.6,"A",38464159,62,790,2019-07-06 14:05:32.47
"2019/07/06","14:09:35.21","eq","l",2.84,"l",35.9105,-117.7485,8,"A",38464199,75,1254,2019-07-06 14:09:35.21
"2019/07/06","14:11:22.44","eq","l",2.62,"l",35.807,-117.63183,8.8,"A",38464215,38,895,2019-07-06 14:11:22.44
"2019/07/06","14:11:43.73","eq","l",2.55,"l",35.62833,-117.4555,2,"A",38464223,51,1154,2019-07-06 14:11:43.73
"2019/07/06","14:16:49.04","eq","l",2.51,"l",35.962,-117.69117,5.6,"A",38464255,24,559,2019-07-06 14:16:49.04
"2019/07/06","14:19:52.52","eq","l",2.64,"l",35.70767,-117.52817,6.4,"A",38464295,55,1036,2019-07-06 14:19:52.52
"2019/07/06","14:20:59.65","eq","l",2.57,"l",35.65667,-117.5215,10.3,"A",38464311,49,1123,2019-07-06 14:20:59.65
"2019/07/06","14:24:35.14","eq","l",2.87,"l",35.93317,-117.747,7.4,"A",38464319,83,1217,2019-07-06 14:24:35.14
"2019/07/06","14:25:07.02","eq","l",2.6,"l",35.66717,-117.48567,5.6,"A",38464327,26,779,2019-07-06 14:25:07.02
"2019/07/06","14:28:32.07","eq","l",2.59,"l",35.62967,-117.43783,6.3,"A",37409924,22,3108,2019-07-06 14:28:32.07
"2019/07/06","14:30:07.58","eq","l",3.16,"l",35.8175,-117.63383,9.3,"A",38464383,91,1370,2019-07-06 14:30:07.58
"2019/07/06","14:31:00.44","eq","l",2.51,"l",35.87633,-117.70067,8.2,"A",38464391,47,812,2019-07-06 14:31:00.44
"2019/07/06","14:33:18.24","eq","l",2.75,"l",35.796,-117.6145,3.7,"A",38464439,44,924,2019-07-06 14:33:18.24
"2019/07/06","14:33:30.51","eq","l",3.14,"l",35.63333,-117.427,2.9,"A",38464447,40,1640,2019-07-06 14:33:30.51
"2019/07/06","14:35:25.69","eq","l",2.57,"l",36.1,-117.82383,4.1,"A",37421093,21,499,2019-07-06 14:35:25.69
"2019/07/06","14:38:49.38","eq","l",2.53,"l",35.7605,-117.615,2.5,"A",38464511,48,1000,2019-07-06 14:38:49.38
"2019/07/06","14:40:08.92","eq","l",2.76,"l",35.67383,-117.5195,7.1,"A",38464519,84,1595,2019-07-06 14:40:08.92
"2019/07/06","14:41:16.58","eq","l",2.51,"l",35.83367,-117.65683,2.9,"A",38464527,46,881,2019-07-06 14:41:16.58
"2019/07/06","14:44:17.25","eq","l",2.52,"l",35.9495,-117.68883,2.4,"A",38464551,41,745,2019-07-06 14:44:17.25
"2019/07/06","14:54:00.64","eq","l",2.54,"l",36.09467,-117.82483,3.5,"A",38464623,38,606,2019-07-06 14:54:00.64
"2019/07/06","14:55:25.76","eq","l",2.5,"l",35.817,-117.63067,3.6,"A",38464631,49,880,2019-07-06 14:55:25.76
"2019/07/06","14:55:46.54","eq","l",2.8,"l",35.8015,-117.62983,4.5,"A",38464639,69,1408,2019-07-06 14:55:46.54
"2019/07/06","15:01:06.79","eq","l",2.5,"l",35.9615,-117.283,4,"A",37492925,70,2960,2019-07-06 15:01:06.79
"2019/07/06","15:05:18.64","eq","l",2.51,"l",35.89183,-117.6865,3.8,"A",38464759,23,689,2019-07-06 15:05:18.64
"2019/07/06","15:06:08.84","eq","l",2.66,"l",35.88117,-117.72183,3.4,"A",38464767,44,803,2019-07-06 15:06:08.84
"2019/07/06","15:07:05.97","eq","l",3.28,"l",35.66917,-117.5175,7.7,"A",38464775,141,1603,2019-07-06 15:07:05.97
"2019/07/06","15:08:22.00","eq","l",2.98,"l",35.66667,-117.46617,10.8,"A",38464791,62,1107,2019-07-06 15:08:22
"2019/07/06","15:09:15.23","eq","l",3.28,"l",35.88317,-117.72367,4.3,"A",38464799,90,1281,2019-07-06 15:09:15.23
"2019/07/06","15:10:27.68","eq","l",2.84,"l",35.87983,-117.72267,4.2,"A",38464815,86,1208,2019-07-06 15:10:27.68
"2019/07/06","15:10:49.81","eq","l",3.19,"l",35.5545,-117.396,4.6,"A",37483669,41,3252,2019-07-06 15:10:49.81
"2019/07/06","15:10:53.58","eq","l",2.59,"l",35.932,-117.72533,4.5,"A",38464823,34,797,2019-07-06 15:10:53.58
"2019/07/06","15:11:09.94","eq","l",2.86,"l",35.93483,-117.72367,3.6,"A",38464831,37,1188,2019-07-06 15:11:09.94
"2019/07/06","15:11:14.20","eq","l",2.52,"l",35.875,-117.70133,7.6,"A",37484205,22,2982,2019-07-06 15:11:14.2
"2019/07/06","15:12:01.45","eq","l",3.08,"l",35.652,-117.56267,4.4,"A",38464839,89,1658,2019-07-06 15:12:01.45
"2019/07/06","15:19:15.43","eq","l",2.51,"l",35.9075,-117.68767,3.2,"A",38464887,42,728,2019-07-06 15:19:15.43
"2019/07/06","15:19:53.41","eq","l",2.87,"l",35.892,-117.72483,5.2,"A",38464895,70,1275,2019-07-06 15:19:53.41
"2019/07/06","15:21:07.81","eq","l",2.66,"l",36.11483,-117.87783,5.6,"A",38464911,44,933,2019-07-06 15:21:07.81
"2019/07/06","15:22:02.19","eq","l",2.64,"l",35.71233,-117.562,2,"A",38464919,39,685,2019-07-06 15:22:02.19
"2019/07/06","15:22:26.67","eq","l",3.38,"l",35.90433,-117.737,2.8,"A",38464927,93,1271,2019-07-06 15:22:26.67
"2019/07/06","15:23:28.50","eq","l",3.26,"l",35.8475,-117.667,9,"A",38464943,95,854,2019-07-06 15:23:28.5
"2019/07/06","15:25:07.56","eq","l",2.51,"l",36.10633,-117.8745,5.6,"A",38464967,53,487,2019-07-06 15:25:07.56
"2019/07/06","15:25:58.27","eq","l",2.84,"l",35.70867,-117.56483,1.4,"A",38464991,60,1049,2019-07-06 15:25:58.27
"2019/07/06","15:27:22.49","eq","l",2.62,"l",35.76417,-117.5815,10.5,"A",38465007,44,661,2019-07-06 15:27:22.49
"2019/07/06","15:29:19.94","eq","l",2.76,"l",35.87917,-117.717,4.8,"A",38465031,63,612,2019-07-06 15:29:19.94
"2019/07/06","15:29:53.37","eq","l",2.84,"l",35.86683,-117.69583,8.2,"A",38465039,77,838,2019-07-06 15:29:53.37
"2019/07/06","15:30:49.90","eq","l",3.31,"l",35.69417,-117.55517,10.1,"A",38465063,92,1583,2019-07-06 15:30:49.9
"2019/07/06","15:32:43.69","eq","l",3.18,"l",35.87917,-117.70433,3,"A",38465087,102,1122,2019-07-06 15:32:43.69
"2019/07/06","15:34:36.50","eq","l",2.5,"l",35.9275,-117.68033,2.6,"A",37493629,50,2963,2019-07-06 15:34:36.5
"2019/07/06","15:37:23.40","eq","l",2.65,"l",35.93433,-117.69567,2.3,"A",38465143,69,1184,2019-07-06 15:37:23.4
"2019/07/06","15:40:44.79","eq","l",2.79,"l",35.80933,-117.639,5.3,"A",38465183,85,1408,2019-07-06 15:40:44.79
"2019/07/06","15:42:54.66","eq","l",2.53,"l",35.877,-117.69883,5.7,"A",38465199,44,817,2019-07-06 15:42:54.66
"2019/07/06","15:45:11.02","eq","l",2.89,"l",36.11367,-117.87467,6.1,"A",38465231,43,498,2019-07-06 15:45:11.02
"2019/07/06","15:45:46.04","eq","l",3.58,"w",36.09933,-117.827,2.5,"A",38465239,91,1426,2019-07-06 15:45:46.04
"2019/07/06","15:49:16.96","eq","l",2.79,"l",35.89783,-117.678,2.8,"A",38465255,80,1271,2019-07-06 15:49:16.96
"2019/07/06","15:59:29.29","eq","l",3.55,"l",35.877,-117.69767,2.3,"A",38465351,98,1777,2019-07-06 15:59:29.29
"2019/07/06","16:01:08.21","eq","l",3.41,"l",35.5945,-117.39417,5,"A",38465367,114,2049,2019-07-06 16:01:08.21
"2019/07/06","16:02:34.15","eq","l",2.54,"l",35.65867,-117.47867,9.8,"A",38465375,57,1626,2019-07-06 16:02:34.15
"2019/07/06","16:03:56.67","eq","l",2.55,"l",36.07717,-117.83517,2.5,"A",37409932,29,2944,2019-07-06 16:03:56.67
"2019/07/06","16:04:07.03","eq","l",2.62,"l",36.076,-117.84067,2,"A",37409940,19,2976,2019-07-06 16:04:07.03
"2019/07/06","16:05:46.96","eq","l",2.99,"l",35.95333,-117.27583,3.8,"A",37409996,49,3219,2019-07-06 16:05:46.96
"2019/07/06","16:06:06.33","eq","l",2.52,"l",35.83517,-117.65867,8.5,"A",38465407,31,892,2019-07-06 16:06:06.33
"2019/07/06","16:07:25.57","eq","l",3.49,"l",35.68617,-117.545,2.1,"A",38465415,125,2001,2019-07-06 16:07:25.57
"2019/07/06","16:08:07.29","eq","l",2.63,"l",35.70167,-117.53967,9.7,"A",38465423,60,1560,2019-07-06 16:08:07.29
"2019/07/06","16:09:26.64","eq","l",2.51,"l",35.62767,-117.46267,8.7,"A",37410060,42,3084,2019-07-06 16:09:26.64
"2019/07/06","16:10:10.26","eq","l",3.2,"l",36.078,-117.843,1.7,"A",38465439,77,946,2019-07-06 16:10:10.26
"2019/07/06","16:12:25.17","eq","l",3.18,"l",35.61033,-117.4135,3.3,"A",38465447,116,1670,2019-07-06 16:12:25.17
"2019/07/06","16:15:32.99","eq","l",2.64,"l",35.90583,-117.69,2.5,"A",38465479,46,788,2019-07-06 16:15:32.99
"2019/07/06","16:19:18.71","eq","l",2.53,"l",35.90267,-117.7015,7.6,"A",38465519,49,788,2019-07-06 16:19:18.71
"2019/07/06","16:31:50.71","eq","l",3.05,"l",35.67717,-117.5325,8.4,"A",38465647,104,1599,2019-07-06 16:31:50.71
"2019/07/06","16:36:05.82","eq","l",4.14,"w",35.5705,-117.523,10.1,"A",38465703,100,2069,2019-07-06 16:36:05.82
"2019/07/06","16:38:01.32","eq","l",3.37,"l",35.59517,-117.37683,5.3,"A",38465711,105,2099,2019-07-06 16:38:01.32
"2019/07/06","16:38:34.73","eq","l",2.58,"l",35.813,-117.635,6.7,"A",38465719,28,904,2019-07-06 16:38:34.73
"2019/07/06","16:40:46.16","eq","l",3.07,"l",36.11833,-117.877,5.1,"A",38465735,58,1263,2019-07-06 16:40:46.16
"2019/07/06","16:41:10.81","eq","l",2.65,"l",35.78133,-117.5695,6.5,"A",38465743,37,940,2019-07-06 16:41:10.81
"2019/07/06","16:42:05.12","eq","l",3.51,"l",35.879,-117.71217,4.5,"A",38465759,91,1777,2019-07-06 16:42:05.12
"2019/07/06","16:43:01.53","eq","l",2.78,"l",35.88567,-117.71317,5.8,"A",38465775,62,807,2019-07-06 16:43:01.53
"2019/07/06","16:46:55.65","eq","l",2.64,"l",35.89617,-117.68433,3.8,"A",38465807,43,788,2019-07-06 16:46:55.65
"2019/07/06","16:47:21.41","eq","l",2.96,"l",35.885,-117.72717,6.8,"A",38465815,66,1630,2019-07-06 16:47:21.41
"2019/07/06","16:48:07.01","eq","l",2.64,"l",35.64517,-117.44367,5.9,"A",38465823,64,1627,2019-07-06 16:48:07.01
"2019/07/06","16:48:38.33","eq","l",2.68,"l",35.56967,-117.51117,10.6,"A",38465831,69,1716,2019-07-06 16:48:38.33
"2019/07/06","16:49:21.97","eq","l",2.6,"l",35.57267,-117.5155,10.6,"A",38465847,48,1693,2019-07-06 16:49:21.97
"2019/07/06","16:54:29.06","eq","l",2.59,"l",35.6095,-117.44983,10.3,"A",38465903,55,1188,2019-07-06 16:54:29.06
"2019/07/06","17:04:58.21","eq","l",2.74,"l",35.69483,-117.55617,1.8,"A",38465983,78,1574,2019-07-06 17:04:58.21
"2019/07/06","17:09:01.45","eq","l",3.32,"l",35.96233,-117.27483,3.8,"A",38466023,79,1458,2019-07-06 17:09:01.45
"2019/07/06","17:09:43.74","eq","l",2.58,"l",35.6265,-117.40133,6,"A",37494917,19,2898,2019-07-06 17:09:43.74
"2019/07/06","17:14:17.33","eq","l",3.07,"l",35.6365,-117.434,2.7,"A",38466063,98,1675,2019-07-06 17:14:17.33
"2019/07/06","17:15:45.02","eq","l",2.55,"l",35.55033,-117.43717,3.1,"A",38466071,47,1270,2019-07-06 17:15:45.02
"2019/07/06","17:16:39.89","eq","l",2.63,"l",35.554,-117.36567,5.7,"A",38466079,41,1210,2019-07-06 17:16:39.89
"2019/07/06","17:17:54.04","eq","l",2.79,"l",35.66517,-117.49433,3.1,"A",38466095,57,1591,2019-07-06 17:17:54.04
"2019/07/06","17:18:21.44","eq","l",3.14,"l",35.569,-117.3585,3.6,"A",38466103,75,1713,2019-07-06 17:18:21.44
"2019/07/06","17:19:57.55","eq","l",2.66,"l",35.6375,-117.4475,5.1,"A",38466119,60,612,2019-07-06 17:19:57.55
"2019/07/06","17:22:07.26","eq","l",2.67,"l",35.7885,-117.5785,6.1,"A",38466159,62,1411,2019-07-06 17:22:07.26
"2019/07/06","17:26:24.58","eq","l",2.63,"l",35.829,-117.65433,8.4,"A",37483941,25,3059,2019-07-06 17:26:24.58
"2019/07/06","17:31:22.17","eq","l",3,"l",35.78083,-117.61733,8.6,"A",38466247,96,1421,2019-07-06 17:31:22.17
"2019/07/06","17:33:32.03","eq","l",2.54,"l",35.87233,-117.7195,7.5,"A",38466255,49,799,2019-07-06 17:33:32.03
"2019/07/06","17:38:41.39","eq","l",2.75,"l",35.8145,-117.6545,6.9,"A",38466311,84,1387,2019-07-06 17:38:41.39
"2019/07/06","17:40:53.04","eq","l",2.64,"l",35.61583,-117.43033,4.8,"A",37495837,49,3149,2019-07-06 17:40:53.04
"2019/07/06","17:41:33.19","eq","l",3.98,"w",35.87167,-117.71683,7.7,"A",38466343,116,2191,2019-07-06 17:41:33.19
"2019/07/06","17:42:38.58","eq","l",2.74,"l",35.87433,-117.719,8.2,"A",38466351,46,1320,2019-07-06 17:42:38.58
"2019/07/06","17:43:30.22","eq","l",2.6,"l",36.10683,-117.86467,5.7,"A",38466359,35,852,2019-07-06 17:43:30.22
"2019/07/06","17:43:36.01","eq","l",2.52,"l",35.921,-117.712,5.8,"A",37485109,9,2972,2019-07-06 17:43:36.01
"2019/07/06","17:51:16.36","eq","l",2.54,"l",35.86917,-117.70633,7.5,"A",38466423,58,799,2019-07-06 17:51:16.36
"2019/07/06","17:54:34.76","eq","l",2.52,"l",35.63033,-117.47083,8.6,"A",38466471,45,1169,2019-07-06 17:54:34.76
"2019/07/06","17:59:14.79","eq","l",3.96,"w",35.90217,-117.7295,4.3,"A",38466495,105,1743,2019-07-06 17:59:14.79
"2019/07/06","18:11:39.10","eq","l",2.53,"l",35.8985,-117.70617,9.2,"A",37422092,34,2975,2019-07-06 18:11:39.1
"2019/07/06","18:13:16.11","eq","l",3.33,"l",35.9175,-117.71183,2.6,"A",38466583,74,1726,2019-07-06 18:13:16.11
"2019/07/06","18:13:47.84","eq","l",2.72,"l",35.941,-117.75367,8.8,"A",37422852,31,3063,2019-07-06 18:13:47.84
"2019/07/06","18:19:39.62","eq","l",3.55,"l",35.448,-117.32567,4.5,"A",38466623,75,2157,2019-07-06 18:19:39.62
"2019/07/06","18:22:04.60","eq","l",2.61,"l",35.71933,-117.49933,1.8,"A",38466631,44,1026,2019-07-06 18:22:04.6
"2019/07/06","18:22:48.49","eq","l",2.71,"l",35.7965,-117.612,6.8,"A",38466647,39,555,2019-07-06 18:22:48.49
"2019/07/06","18:23:08.69","eq","l",3.11,"l",35.59833,-117.39667,3.7,"A",38466655,71,1683,2019-07-06 18:23:08.69
"2019/07/06","18:27:39.93","eq","l",2.7,"l",35.77983,-117.59267,4.3,"A",38466687,86,937,2019-07-06 18:27:39.93
"2019/07/06","18:28:53.56","eq","l",2.7,"l",35.7475,-117.547,1.7,"A",38466695,90,1465,2019-07-06 18:28:53.56
"2019/07/06","18:30:39.76","eq","l",3.32,"l",35.71967,-117.56117,8.8,"A",38466711,110,1957,2019-07-06 18:30:39.76
"2019/07/06","18:33:51.55","eq","l",2.93,"l",35.89017,-117.72017,4.1,"A",38466743,92,1275,2019-07-06 18:33:51.55
"2019/07/06","18:34:05.73","eq","l",2.55,"l",35.67383,-117.51483,-0.3,"A",37508645,35,3077,2019-07-06 18:34:05.73
"2019/07/06","18:35:09.13","eq","l",2.56,"l",35.85433,-117.663,7.9,"A",38466759,51,811,2019-07-06 18:35:09.13
"2019/07/06","18:36:49.99","eq","l",3.72,"w",35.907,-117.73833,2.9,"A",38466775,103,1753,2019-07-06 18:36:49.99
"2019/07/06","18:39:57.79","eq","l",2.57,"l",35.69567,-117.43867,9.4,"A",37484229,28,3089,2019-07-06 18:39:57.79
"2019/07/06","18:39:58.56","eq","l",2.73,"l",35.7895,-117.61983,9.5,"A",38466799,69,1465,2019-07-06 18:39:58.56
"2019/07/06","18:46:26.04","eq","l",3.87,"w",35.65417,-117.46483,1.9,"A",38466847,82,2008,2019-07-06 18:46:26.04
"2019/07/06","18:47:47.40","eq","l",3.37,"l",35.71767,-117.56567,7.1,"A",38466855,78,1545,2019-07-06 18:47:47.4
"2019/07/06","18:53:17.45","eq","l",2.7,"l",35.91383,-117.7,2.2,"A",38466911,74,779,2019-07-06 18:53:17.45
"2019/07/06","18:56:39.13","eq","l",3.33,"l",35.6325,-117.57517,10.8,"A",38466959,93,2009,2019-07-06 18:56:39.13
"2019/07/06","18:56:55.58","eq","l",2.86,"l",35.90667,-117.69317,2.6,"A",37505861,31,3152,2019-07-06 18:56:55.58
"2019/07/06","18:58:59.24","eq","l",3.1,"l",35.89833,-117.67267,4.3,"A",38466983,70,1244,2019-07-06 18:58:59.24
"2019/07/06","18:59:41.54","eq","l",3.08,"l",35.56733,-117.40433,7.9,"A",38466991,76,1708,2019-07-06 18:59:41.54
"2019/07/06","19:03:54.39","eq","l",2.69,"l",35.5865,-117.49467,11.3,"A",37415180,51,3164,2019-07-06 19:03:54.39
"2019/07/06","19:04:11.89","eq","l",2.51,"l",35.90967,-117.71167,3.2,"A",37415324,36,2969,2019-07-06 19:04:11.89
"2019/07/06","19:05:15.81","eq","l",2.65,"l",35.7825,-117.5855,6.7,"A",38467039,46,932,2019-07-06 19:05:15.81
"2019/07/06","19:05:48.11","eq","l",2.58,"l",35.88717,-117.72383,7.4,"A",38467047,45,780,2019-07-06 19:05:48.11
"2019/07/06","19:16:03.06","eq","l",2.75,"l",35.73067,-117.58933,10.3,"A",38467127,70,1500,2019-07-06 19:16:03.06
"2019/07/06","19:18:19.92","eq","l",2.56,"l",35.61767,-117.4055,5.7,"A",38467143,52,750,2019-07-06 19:18:19.92
"2019/07/06","19:27:07.14","eq","l",2.5,"l",35.65533,-117.46467,4.5,"A",38467223,29,481,2019-07-06 19:27:07.14
"2019/07/06","19:35:10.60","eq","l",2.83,"l",36.11283,-117.8365,3.9,"A",38467279,77,909,2019-07-06 19:35:10.6
"2019/07/06","19:37:33.16","eq","l",3.07,"l",35.90217,-117.6785,3,"A",38467303,70,1250,2019-07-06 19:37:33.16
"2019/07/06","19:37:40.66","eq","l",2.62,"l",35.878,-117.63,7.2,"B",37419212,12,2996,2019-07-06 19:37:40.66
"2019/07/06","19:37:59.67","eq","l",2.97,"l",35.6625,-117.505,2.5,"A",38467311,57,1608,2019-07-06 19:37:59.67
"2019/07/06","19:46:23.75","eq","l",3.3,"l",35.89217,-117.72617,3.5,"A",38467359,99,1755,2019-07-06 19:46:23.75
"2019/07/06","19:47:31.33","eq","l",2.66,"l",35.91167,-117.7395,3.3,"A",38467367,44,784,2019-07-06 19:47:31.33
"2019/07/06","19:48:08.95","eq","l",2.83,"l",35.9005,-117.72717,5.3,"A",38467375,63,1256,2019-07-06 19:48:08.95
"2019/07/06","19:48:17.39","eq","l",2.54,"l",36.09583,-117.82183,2.9,"A",37484141,16,2945,2019-07-06 19:48:17.39
"2019/07/06","19:49:04.53","eq","l",3.45,"lr",35.86183,-117.68583,7.9,"A",38467391,104,1820,2019-07-06 19:49:04.53
"2019/07/06","19:50:11.90","eq","l",2.54,"l",35.8775,-117.70983,8,"A",38467399,42,799,2019-07-06 19:50:11.9
"2019/07/06","19:54:03.41","eq","l",2.56,"l",35.834,-117.66,4.3,"A",38467415,35,872,2019-07-06 19:54:03.41
"2019/07/06","19:54:29.80","eq","l",3.23,"l",35.89783,-117.72583,6.1,"A",38467423,80,1755,2019-07-06 19:54:29.8
"2019/07/06","20:05:52.80","eq","l",2.67,"l",36.16617,-117.871,3.5,"A",37484189,30,2982,2019-07-06 20:05:52.8
"2019/07/06","20:06:10.74","eq","l",2.64,"l",35.77917,-117.59767,8.9,"A",38467527,48,941,2019-07-06 20:06:10.74
"2019/07/06","20:11:04.22","eq","l",2.85,"l",35.8775,-117.68,4.8,"A",37484461,57,3185,2019-07-06 20:11:04.22
"2019/07/06","20:11:12.32","eq","l",2.63,"l",35.64167,-117.55033,7.1,"A",37484469,47,3143,2019-07-06 20:11:12.32
"2019/07/06","20:16:44.73","eq","l",2.89,"l",35.5515,-117.37767,5.6,"A",37483637,54,3230,2019-07-06 20:16:44.73
"2019/07/06","20:17:20.73","eq","l",2.59,"l",35.72567,-117.5515,12.9,"A",37483645,43,3089,2019-07-06 20:17:20.73
"2019/07/06","20:22:20.65","eq","l",2.57,"l",35.8835,-117.70283,4.9,"A",38467663,61,799,2019-07-06 20:22:20.65
"2019/07/06","20:22:34.03","eq","l",3.07,"l",35.81217,-117.63383,8.5,"A",38467671,81,1390,2019-07-06 20:22:34.03
"2019/07/06","20:24:33.33","eq","l",2.68,"l",35.62983,-117.4635,5.9,"A",38467687,60,1154,2019-07-06 20:24:33.33
"2019/07/06","20:30:31.69","eq","l",2.59,"l",35.67867,-117.464,11,"A",38467735,55,1070,2019-07-06 20:30:31.69
"2019/07/06","20:34:12.36","eq","l",2.77,"l",35.92067,-117.72317,3.2,"A",38467759,67,1229,2019-07-06 20:34:12.36
"2019/07/06","20:34:14.78","eq","l",2.78,"l",36.10783,-117.88417,2.4,"A",37483749,40,1136,2019-07-06 20:34:14.78
"2019/07/06","20:36:17.55","eq","l",2.87,"l",35.87367,-117.673,6.4,"A",38467783,75,1299,2019-07-06 20:36:17.55
"2019/07/06","20:41:30.75","eq","l",3.51,"l",35.692,-117.51333,2.7,"A",38467815,108,1997,2019-07-06 20:41:30.75
"2019/07/06","20:46:53.61","eq","l",2.51,"l",35.677,-117.4885,6.5,"A",38467839,57,1070,2019-07-06 20:46:53.61
"2019/07/06","20:48:56.93","eq","l",2.57,"l",35.85667,-117.69133,6.9,"A",38467871,51,845,2019-07-06 20:48:56.93
"2019/07/06","20:57:08.47","eq","l",2.51,"l",35.8885,-117.738,7.5,"A",38467927,57,788,2019-07-06 20:57:08.47
"2019/07/06","21:02:48.48","eq","l",2.89,"l",35.91233,-117.71833,2.1,"A",38467991,72,1220,2019-07-06 21:02:48.48
"2019/07/06","21:05:24.59","eq","l",3.51,"l",35.72067,-117.60267,10.8,"A",38468007,88,1955,2019-07-06 21:05:24.59
"2019/07/06","21:07:44.78","eq","l",3.19,"l",35.961,-117.2755,2.8,"A",38468023,46,974,2019-07-06 21:07:44.78
"2019/07/06","21:13:04.06","eq","l",2.87,"l",35.9115,-117.73117,5.8,"A",37264468,81,3137,2019-07-06 21:13:04.06
"2019/07/06","21:14:35.66","eq","l",2.63,"l",35.5585,-117.33833,3.9,"A",38468055,56,1225,2019-07-06 21:14:35.66
"2019/07/06","21:14:59.79","eq","l",3.17,"l",35.89817,-117.67317,2.7,"A",38468063,78,1246,2019-07-06 21:14:59.79
"2019/07/06","21:28:41.92","eq","l",3.02,"l",35.89517,-117.68033,2.4,"A",38468151,95,1266,2019-07-06 21:28:41.92
"2019/07/06","21:35:00.40","eq","l",2.59,"l",35.96383,-117.29433,5,"A",38468183,44,679,2019-07-06 21:35:00.4
"2019/07/06","21:41:25.35","eq","l",3.24,"l",35.696,-117.48633,10.6,"A",38468247,77,1542,2019-07-06 21:41:25.35
"2019/07/06","21:41:27.38","eq","l",2.88,"l",35.54367,-117.37667,2.8,"A",37264492,28,3218,2019-07-06 21:41:27.38
"2019/07/06","21:54:00.17","eq","l",2.74,"l",35.70817,-117.5285,10.3,"A",38468343,83,1530,2019-07-06 21:54:00.17
"2019/07/06","21:59:40.33","eq","l",2.58,"l",36.11267,-117.87433,6,"A",37502501,42,2947,2019-07-06 21:59:40.33
"2019/07/06","22:01:22.16","eq","l",2.73,"l",35.6235,-117.4585,2.6,"A",38468399,80,1653,2019-07-06 22:01:22.16
"2019/07/06","22:04:09.58","eq","l",3.03,"l",35.6295,-117.46017,2.5,"A",38468407,83,1812,2019-07-06 22:04:09.58
"2019/07/06","22:22:43.76","eq","l",2.9,"l",36.02983,-117.85083,2.4,"A",38468511,65,1063,2019-07-06 22:22:43.76
"2019/07/06","22:23:50.28","eq","l",2.71,"l",35.62083,-117.4365,7.8,"A",38468519,77,1661,2019-07-06 22:23:50.28
"2019/07/06","22:26:59.46","eq","l",2.87,"l",35.7135,-117.49783,2.7,"A",38468551,79,1512,2019-07-06 22:26:59.46
"2019/07/06","22:30:48.16","eq","l",2.74,"l",35.91383,-117.7155,2.2,"A",38468591,84,1229,2019-07-06 22:30:48.16
"2019/07/06","22:41:26.21","eq","l",2.64,"l",35.65367,-117.5245,11.9,"A",38468671,48,1132,2019-07-06 22:41:26.21
"2019/07/06","22:51:35.91","eq","l",3.16,"l",35.63467,-117.45617,6.3,"A",38468767,91,1652,2019-07-06 22:51:35.91
"2019/07/06","22:54:33.88","eq","l",2.53,"l",36.05683,-117.8555,1.6,"A",38468791,48,559,2019-07-06 22:54:33.88
"2019/07/06","22:59:29.81","eq","l",2.67,"l",35.975,-117.28917,5.2,"A",38468855,36,685,2019-07-06 22:59:29.81
"2019/07/06","22:59:45.73","eq","l",2.53,"l",35.89417,-117.70767,8.1,"A",37485141,23,2991,2019-07-06 22:59:45.73
"2019/07/06","23:07:08.33","eq","l",2.62,"l",35.65283,-117.46283,4,"A",38468927,54,1125,2019-07-06 23:07:08.33
"2019/07/06","23:17:35.99","eq","l",2.59,"l",35.90633,-117.70683,2.6,"A",38469031,73,779,2019-07-06 23:17:35.99
"2019/07/06","23:21:34.14","eq","l",3.71,"w",35.70033,-117.50833,9.1,"A",38469079,94,1962,2019-07-06 23:21:34.14
"2019/07/06","23:21:55.94","eq","l",2.87,"l",35.69867,-117.52183,4.3,"A",37425252,18,3200,2019-07-06 23:21:55.94
"2019/07/06","23:22:58.32","eq","l",2.78,"l",35.87583,-117.70467,5,"A",38469095,72,615,2019-07-06 23:22:58.32
"2019/07/06","23:26:22.29","eq","l",3.29,"l",35.7775,-117.5915,3.9,"A",38469119,93,950,2019-07-06 23:26:22.29
"2019/07/06","23:32:33.22","eq","l",2.92,"l",35.8875,-117.72733,4.2,"A",38469183,62,811,2019-07-06 23:32:33.22
"2019/07/06","23:34:09.82","eq","l",3.45,"l",35.87383,-117.66567,6.4,"A",38469215,108,1299,2019-07-06 23:34:09.82
"2019/07/06","23:38:05.90","eq","l",2.53,"l",35.8745,-117.702,8.2,"A",38469255,31,612,2019-07-06 23:38:05.9
"2019/07/06","23:38:32.86","eq","l",3.31,"l",36.02833,-117.84733,2.7,"A",38469271,35,1038,2019-07-06 23:38:32.86
"2019/07/06","23:45:24.31","eq","l",2.54,"l",36.032,-117.7845,1.6,"A",38469311,45,527,2019-07-06 23:45:24.31
"2019/07/06","23:48:53.63","eq","l",2.53,"l",35.61533,-117.42033,5.5,"A",38469359,53,1167,2019-07-06 23:48:53.63
"2019/07/06","23:50:41.99","eq","l",4.5,"w",35.8235,-117.663,6.5,"A",38469375,210,2460,2019-07-06 23:50:41.99
"2019/07/06","23:52:43.16","eq","l",2.55,"l",35.67733,-117.51867,11,"A",38469391,31,1083,2019-07-06 23:52:43.16
"2019/07/06","23:56:34.56","eq","l",3.48,"lr",35.82233,-117.661,6.3,"A",38469415,97,1842,2019-07-06 23:56:34.56
"2019/07/07","00:08:56.71","eq","l",2.96,"l",35.68233,-117.526,8.9,"A",38469511,81,1570,2019-07-07 00:08:56.71
"2019/07/07","00:19:02.30","eq","l",2.56,"l",35.79067,-117.615,6.2,"A",38469599,50,920,2019-07-07 00:19:02.3
"2019/07/07","00:21:48.52","eq","l",2.56,"l",35.718,-117.56833,7.8,"A",38469623,45,1029,2019-07-07 00:21:48.52
"2019/07/07","00:33:30.44","eq","l",2.55,"l",35.892,-117.68483,8,"A",38469687,37,2960,2019-07-07 00:33:30.44
"2019/07/07","00:33:32.82","eq","l",2.72,"l",35.89233,-117.695,7.8,"A",37485205,21,3089,2019-07-07 00:33:32.82
"2019/07/07","00:38:00.31","eq","l",2.72,"l",35.66183,-117.50733,8.7,"A",38469743,61,1131,2019-07-07 00:38:00.31
"2019/07/07","00:41:52.12","eq","l",3.47,"w",35.82833,-117.66867,5,"A",38469775,118,1839,2019-07-07 00:41:52.12
"2019/07/07","00:43:36.66","eq","l",2.6,"l",35.915,-117.72967,2.5,"A",38469799,41,784,2019-07-07 00:43:36.66
"2019/07/07","00:45:59.55","eq","l",2.56,"l",35.84,-117.6715,4.4,"A",38469831,47,863,2019-07-07 00:45:59.55
"2019/07/07","00:52:49.63","eq","l",2.73,"l",35.77367,-117.61533,2.9,"A",38469895,42,1433,2019-07-07 00:52:49.63
"2019/07/07","00:53:51.21","eq","l",3.08,"l",35.6505,-117.45133,10.8,"A",38469903,105,1621,2019-07-07 00:53:51.21
"2019/07/07","01:00:55.26","eq","l",2.61,"l",35.57267,-117.3385,2,"A",37509045,62,3215,2019-07-07 01:00:55.26
"2019/07/07","01:01:11.44","eq","l",2.5,"l",35.6565,-117.45517,3,"A",37509037,38,2993,2019-07-07 01:01:11.44
"2019/07/07","01:05:07.13","eq","l",3.55,"l",35.6695,-117.516,5,"A",38469967,119,2003,2019-07-07 01:05:07.13
"2019/07/07","01:19:18.41","eq","l",2.84,"l",35.89133,-117.72117,4.2,"A",38470087,60,1275,2019-07-07 01:19:18.41
"2019/07/07","01:22:34.97","eq","l",2.7,"l",35.64717,-117.45583,3.1,"A",38470103,43,1621,2019-07-07 01:22:34.97
"2019/07/07","01:23:55.59","eq","l",3.27,"l",35.91283,-117.73433,2.9,"A",38470119,104,1726,2019-07-07 01:23:55.59
"2019/07/07","01:25:10.11","eq","l",2.53,"l",35.653,-117.49667,2.5,"A",37485269,16,3071,2019-07-07 01:25:10.11
"2019/07/07","01:30:52.47","eq","l",3.29,"l",35.689,-117.536,6.9,"A",38470159,98,1985,2019-07-07 01:30:52.47
"2019/07/07","01:32:23.10","eq","l",2.94,"l",35.95,-117.71067,2.9,"A",38470167,92,1152,2019-07-07 01:32:23.1
"2019/07/07","01:48:36.09","eq","l",2.78,"l",35.72467,-117.56533,9.5,"A",38470279,46,1545,2019-07-07 01:48:36.09
"2019/07/07","02:06:04.70","eq","l",3.6,"w",35.76017,-117.56217,10.8,"A",38470415,75,1426,2019-07-07 02:06:04.7
"2019/07/07","02:10:48.82","eq","l",3.48,"l",35.59933,-117.40433,7.3,"A",38470439,104,1201,2019-07-07 02:10:48.82
"2019/07/07","02:11:47.83","eq","l",2.62,"l",35.912,-117.71783,2.4,"A",38470447,43,588,2019-07-07 02:11:47.83
"2019/07/07","02:17:01.71","eq","l",3.64,"w",35.6035,-117.46683,2.8,"A",38470471,95,1693,2019-07-07 02:17:01.71
"2019/07/07","02:17:21.27","eq","l",2.69,"l",35.67683,-117.45783,10.2,"A",38470479,18,1504,2019-07-07 02:17:21.27
"2019/07/07","02:29:28.40","eq","l",2.86,"l",35.97817,-117.28767,3.4,"A",38470575,65,682,2019-07-07 02:29:28.4
"2019/07/07","02:42:17.19","eq","l",2.81,"l",35.654,-117.48317,2.3,"A",38470735,64,1140,2019-07-07 02:42:17.19
"2019/07/07","02:51:47.85","eq","l",2.73,"l",35.6695,-117.50633,2.4,"A",38470847,70,1605,2019-07-07 02:51:47.85
"2019/07/07","02:57:50.73","eq","l",2.6,"l",35.91483,-117.732,4,"A",38470879,50,784,2019-07-07 02:57:50.73
"2019/07/07","02:59:17.55","eq","l",3.37,"l",35.80567,-117.6345,6.1,"A",38470887,112,1864,2019-07-07 02:59:17.55
"2019/07/07","03:09:02.60","eq","l",2.63,"l",35.59267,-117.38567,7.2,"A",37462380,41,1719,2019-07-07 03:09:02.6
"2019/07/07","03:13:12.46","eq","l",3.62,"w",35.749,-117.59567,10.1,"A",38470999,117,2228,2019-07-07 03:13:12.46
"2019/07/07","03:20:46.60","eq","l",2.83,"l",35.888,-117.69267,3.2,"A",38471079,79,1272,2019-07-07 03:20:46.6
"2019/07/07","03:23:26.66","eq","l",3.3,"l",35.87233,-117.7165,7.7,"A",38471103,113,1765,2019-07-07 03:23:26.66
"2019/07/07","03:50:55.98","eq","l",3.12,"l",35.84883,-117.6975,7.3,"A",37264612,67,3205,2019-07-07 03:50:55.98
"2019/07/07","04:26:57.56","eq","l",3.32,"l",35.58167,-117.61517,10.8,"A",38471687,115,2059,2019-07-07 04:26:57.56
"2019/07/07","04:48:17.36","eq","l",2.9,"l",35.784,-117.61,7.8,"A",38471847,76,3146,2019-07-07 04:48:17.36
"2019/07/07","04:56:31.29","eq","l",3.05,"l",35.69417,-117.52717,7.5,"A",38471927,126,3194,2019-07-07 04:56:31.29
"2019/07/07","05:10:48.56","eq","l",2.84,"l",35.91517,-117.73183,3.2,"A",38472039,84,3077,2019-07-07 05:10:48.56
"2019/07/07","05:38:15.48","eq","l",4.53,"w",35.76833,-117.57817,10.4,"A",38472279,211,3272,2019-07-07 05:38:15.48
"2019/07/07","05:41:51.84","eq","l",2.67,"l",36.0485,-117.83983,2.5,"A",38472287,73,697,2019-07-07 05:41:51.84
"2019/07/07","05:42:27.64","eq","l",2.6,"l",36.11333,-117.879,6.7,"A",37485429,12,2930,2019-07-07 05:42:27.64
"2019/07/07","05:42:27.81","eq","l",2.64,"l",35.86817,-117.706,10.4,"A",38472295,33,812,2019-07-07 05:42:27.81
"2019/07/07","05:42:36.86","eq","l",2.75,"l",35.872,-117.70583,11,"A",37485445,37,3086,2019-07-07 05:42:36.86
"2019/07/07","06:07:06.46","eq","l",3.5,"lr",35.66617,-117.524,9,"A",38472463,126,1612,2019-07-07 06:07:06.46
"2019/07/07","06:09:36.79","eq","l",2.64,"l",35.81717,-117.64767,3.9,"A",38472471,65,643,2019-07-07 06:09:36.79
"2019/07/07","06:10:14.66","eq","l",2.66,"l",36.113,-117.91767,5.6,"A",38472479,53,506,2019-07-07 06:10:14.66
"2019/07/07","06:15:08.23","eq","l",2.79,"l",35.69933,-117.5435,4.8,"A",38472543,76,1036,2019-07-07 06:15:08.23
"2019/07/07","06:16:32.78","eq","l",2.94,"l",35.7565,-117.57633,8.4,"A",38472559,60,1014,2019-07-07 06:16:32.78
"2019/07/07","06:20:36.77","eq","l",2.53,"l",35.72367,-117.55667,8.2,"A",38472583,52,676,2019-07-07 06:20:36.77
"2019/07/07","06:23:35.07","eq","l",2.7,"l",36.02383,-117.846,2.9,"A",37485637,21,3017,2019-07-07 06:23:35.07
"2019/07/07","06:23:41.76","eq","l",2.51,"l",35.77983,-117.60333,6,"A",38472607,36,661,2019-07-07 06:23:41.76
"2019/07/07","06:24:27.56","eq","l",2.58,"l",35.63067,-117.42433,3.7,"A",38472623,53,739,2019-07-07 06:24:27.56
"2019/07/07","06:41:13.41","eq","l",2.7,"l",35.819,-117.65883,8.8,"A",38472759,76,889,2019-07-07 06:41:13.41
"2019/07/07","06:44:44.80","eq","l",2.79,"l",35.9145,-117.73333,2.7,"A",38472799,75,1226,2019-07-07 06:44:44.8
"2019/07/07","06:46:24.53","eq","l",2.5,"l",35.95067,-117.69517,2.4,"A",38472815,51,749,2019-07-07 06:46:24.53
"2019/07/07","06:57:27.88","eq","l",3.43,"l",35.645,-117.45467,3,"A",38472895,115,1144,2019-07-07 06:57:27.88
"2019/07/07","06:58:41.74","eq","l",2.67,"l",35.607,-117.413,5,"A",37485693,40,3149,2019-07-07 06:58:41.74
"2019/07/07","07:09:38.84","eq","l",3.6,"lr",35.6165,-117.4385,3.3,"A",38473039,106,2021,2019-07-07 07:09:38.84
"2019/07/07","07:13:02.66","eq","l",3.17,"l",35.91217,-117.706,2.5,"A",38473063,105,1265,2019-07-07 07:13:02.66
"2019/07/07","07:19:14.38","eq","l",3.37,"w",35.78067,-117.64383,9.5,"A",38473119,117,1904,2019-07-07 07:19:14.38
"2019/07/07","07:20:26.12","eq","l",3.45,"l",35.6915,-117.53933,9.6,"A",38473135,106,1977,2019-07-07 07:20:26.12
"2019/07/07","07:22:21.79","eq","l",2.66,"l",35.75517,-117.58583,3.5,"A",38473151,81,1471,2019-07-07 07:22:21.79
"2019/07/07","07:23:49.10","eq","l",2.53,"l",36.00783,-117.67,3.7,"A",38473167,15,630,2019-07-07 07:23:49.1
"2019/07/07","07:25:34.91","eq","l",2.74,"l",35.90867,-117.70183,2.5,"A",38473191,78,1247,2019-07-07 07:25:34.91
"2019/07/07","07:25:49.95","eq","l",2.71,"l",35.91683,-117.73367,3.2,"A",37485237,42,3041,2019-07-07 07:25:49.95
"2019/07/07","07:31:06.53","eq","l",3.11,"l",35.82417,-117.64367,9.2,"A",38473223,69,1355,2019-07-07 07:31:06.53
"2019/07/07","07:37:51.62","eq","l",2.76,"l",36.16817,-117.876,2.4,"A",38473279,73,873,2019-07-07 07:37:51.62
"2019/07/07","07:43:51.54","eq","l",2.59,"l",35.6045,-117.47117,11.4,"A",38473335,57,1208,2019-07-07 07:43:51.54
"2019/07/07","08:02:17.18","eq","l",2.59,"l",35.8585,-117.66767,6.7,"A",38473503,78,829,2019-07-07 08:02:17.18
"2019/07/07","08:03:25.61","eq","l",3.68,"w",36.086,-117.85083,1.2,"A",38473511,105,1474,2019-07-07 08:03:25.61
"2019/07/07","08:13:36.56","eq","l",2.55,"l",35.871,-117.65733,7.1,"A",38473599,72,820,2019-07-07 08:13:36.56
"2019/07/07","08:15:49.04","eq","l",2.65,"l",35.89183,-117.7135,2.6,"A",38473631,70,798,2019-07-07 08:15:49.04
"2019/07/07","08:18:02.27","eq","l",2.74,"l",35.59733,-117.34717,4.7,"A",38473663,70,1667,2019-07-07 08:18:02.27
"2019/07/07","08:28:43.74","eq","l",2.58,"l",35.67183,-117.48233,2,"A",38473743,68,1110,2019-07-07 08:28:43.74
"2019/07/07","08:30:05.35","eq","l",2.51,"l",35.91933,-117.71917,4,"A",38473759,65,784,2019-07-07 08:30:05.35
"2019/07/07","08:38:27.50","eq","l",3.33,"l",35.555,-117.38433,1,"A",38473831,45,1741,2019-07-07 08:38:27.5
"2019/07/07","08:39:05.65","eq","l",2.98,"l",35.67683,-117.5455,1.8,"A",38473839,72,1596,2019-07-07 08:39:05.65
"2019/07/07","08:54:18.63","eq","l",3.1,"l",35.91883,-117.722,3,"A",38473967,100,1244,2019-07-07 08:54:18.63
"2019/07/07","08:56:40.13","eq","l",3.38,"l",35.6805,-117.49317,1.3,"A",38473983,95,1572,2019-07-07 08:56:40.13
"2019/07/07","09:00:01.85","eq","l",2.5,"l",35.98083,-117.73083,1.9,"A",38474007,73,745,2019-07-07 09:00:01.85
"2019/07/07","09:02:11.49","eq","l",2.63,"l",35.6955,-117.54817,10.2,"A",38474023,77,1058,2019-07-07 09:02:11.49
"2019/07/07","09:05:58.27","eq","l",2.88,"l",36.169,-117.87717,1.2,"A",37485461,43,3056,2019-07-07 09:05:58.27
"2019/07/07","09:06:10.96","eq","l",2.7,"l",35.87,-117.697,4.9,"A",38474079,51,825,2019-07-07 09:06:10.96
"2019/07/07","09:09:25.03","eq","l",3.11,"l",35.67183,-117.52217,9.4,"A",38474119,70,1601,2019-07-07 09:09:25.03
"2019/07/07","09:10:01.71","eq","l",3.5,"w",35.93117,-117.70333,2.6,"A",38474127,69,1701,2019-07-07 09:10:01.71
"2019/07/07","09:10:22.29","eq","l",2.72,"l",35.76633,-117.57817,7.2,"A",38474143,25,1462,2019-07-07 09:10:22.29
"2019/07/07","09:11:35.96","eq","l",2.93,"l",35.9345,-117.705,2.9,"A",38474151,74,1172,2019-07-07 09:11:35.96
"2019/07/07","09:41:23.00","eq","l",3.45,"w",35.74933,-117.55,11.1,"A",38474415,146,1915,2019-07-07 09:41:23
"2019/07/07","09:46:49.80","eq","l",2.99,"l",35.671,-117.515,4.3,"A",38474463,114,1596,2019-07-07 09:46:49.8
"2019/07/07","09:52:52.89","eq","l",2.81,"l",35.91383,-117.73533,3.2,"A",38474535,73,1229,2019-07-07 09:52:52.89
"2019/07/07","10:02:27.59","eq","l",3.32,"l",35.71933,-117.49617,3.7,"A",38474639,58,1589,2019-07-07 10:02:27.59
"2019/07/07","10:06:12.98","eq","l",3.47,"w",35.91417,-117.73667,2.2,"A",38474687,129,1736,2019-07-07 10:06:12.98
"2019/07/07","10:11:31.09","eq","l",2.52,"l",35.85383,-117.68867,4.9,"A",38474751,52,845,2019-07-07 10:11:31.09
"2019/07/07","10:21:27.22","eq","l",3.48,"lr",35.658,-117.46783,7.6,"A",38474855,155,1988,2019-07-07 10:21:27.22
"2019/07/07","10:24:36.53","eq","l",2.82,"l",35.80617,-117.55883,6,"A",38474887,79,1353,2019-07-07 10:24:36.53
"2019/07/07","10:32:54.64","eq","l",3.22,"w",35.79517,-117.622,6.6,"A",38474959,117,1865,2019-07-07 10:32:54.64
"2019/07/07","10:37:45.72","eq","l",3.24,"l",35.75783,-117.59433,3.6,"A",38475007,113,1462,2019-07-07 10:37:45.72
"2019/07/07","10:43:44.14","eq","l",2.55,"l",35.636,-117.60917,9.2,"A",38475071,81,1194,2019-07-07 10:43:44.14
"2019/07/07","10:55:00.02","eq","l",2.52,"l",35.898,-117.7185,5.2,"A",38475223,82,788,2019-07-07 10:55:00.02
"2019/07/07","11:01:57.25","eq","l",2.78,"l",35.60383,-117.39617,4.6,"A",38475295,74,3182,2019-07-07 11:01:57.25
"2019/07/07","11:04:04.78","eq","l",2.77,"l",35.5395,-117.37783,4,"A",37421189,63,4069,2019-07-07 11:04:04.78
"2019/07/07","11:16:11.53","eq","l",2.55,"l",35.98317,-117.93033,4,"A",38475375,85,740,2019-07-07 11:16:11.53
"2019/07/07","11:17:30.23","eq","l",2.65,"l",35.67933,-117.51667,8.6,"A",38475391,82,1589,2019-07-07 11:17:30.23
"2019/07/07","11:22:16.24","eq","l",4.16,"w",35.80567,-117.594,10.1,"A",38475431,97,3263,2019-07-07 11:22:16.24
"2019/07/07","11:29:31.15","eq","l",2.74,"l",35.915,-117.73217,2.9,"A",38475463,75,784,2019-07-07 11:29:31.15
"2019/07/07","11:33:50.22","eq","l",3.49,"w",35.56683,-117.35133,3.1,"A",38475511,125,2047,2019-07-07 11:33:50.22
"2019/07/07","11:41:04.19","eq","l",3.2,"l",35.91667,-117.71083,2,"A",38475551,107,1226,2019-07-07 11:41:04.19
"2019/07/07","11:56:26.26","eq","l",2.73,"l",35.9045,-117.6865,2.2,"A",38475663,64,779,2019-07-07 11:56:26.26
"2019/07/07","12:21:38.41","eq","l",2.6,"l",35.67967,-117.49233,1.3,"A",38475839,71,1074,2019-07-07 12:21:38.41
"2019/07/07","12:35:41.20","eq","l",2.66,"l",35.7,-117.52133,10.7,"A",38475927,81,1036,2019-07-07 12:35:41.2
"2019/07/07","12:39:48.53","eq","l",3.44,"l",35.64483,-117.4835,3.6,"A",38475967,117,2013,2019-07-07 12:39:48.53
"2019/07/07","12:40:10.69","eq","l",2.59,"l",35.64317,-117.4895,3.6,"A",38475975,19,297,2019-07-07 12:40:10.69
"2019/07/07","12:48:03.16","eq","l",2.77,"l",36.17417,-117.978,2.5,"A",38476007,75,885,2019-07-07 12:48:03.16
"2019/07/07","12:57:14.37","eq","l",2.58,"l",35.8345,-117.677,9.3,"A",38476071,58,872,2019-07-07 12:57:14.37
"2019/07/07","13:05:15.68","eq","l",2.56,"l",35.8825,-117.68117,4.1,"A",38476151,52,781,2019-07-07 13:05:15.68
"2019/07/07","13:13:14.07","eq","l",2.73,"l",35.87683,-117.696,4.9,"A",38476199,74,803,2019-07-07 13:13:14.07
"2019/07/07","13:23:52.31","eq","l",3.19,"l",35.895,-117.69267,7,"A",38476279,110,1739,2019-07-07 13:23:52.31
"2019/07/07","13:25:46.31","eq","l",2.73,"l",35.63317,-117.45867,6.4,"A",38476287,75,1640,2019-07-07 13:25:46.31
"2019/07/07","14:14:16.27","eq","l",2.67,"l",35.69267,-117.548,9.9,"A",38476607,65,3129,2019-07-07 14:14:16.27
"2019/07/07","14:21:34.99","eq","l",3.33,"l",35.64567,-117.42117,4.7,"A",38476671,108,2006,2019-07-07 14:21:34.99
"2019/07/07","14:28:18.78","eq","l",3.04,"l",35.65833,-117.58467,9.8,"A",38476711,101,1632,2019-07-07 14:28:18.78
"2019/07/07","14:32:03.30","eq","l",2.71,"l",35.6745,-117.52283,9.4,"A",38476735,76,1586,2019-07-07 14:32:03.3
"2019/07/07","14:32:53.12","eq","l",2.76,"l",35.65783,-117.58233,9.6,"A",37485709,53,3165,2019-07-07 14:32:53.12
"2019/07/07","14:33:33.53","eq","l",2.65,"l",35.8735,-117.72767,7.5,"A",38476751,78,812,2019-07-07 14:33:33.53
"2019/07/07","14:33:46.61","eq","l",2.57,"l",35.88217,-117.6965,3.9,"A",37485685,39,2985,2019-07-07 14:33:46.61
"2019/07/07","14:46:40.57","eq","l",3.6,"w",35.91367,-117.71083,2.4,"A",38476855,100,1726,2019-07-07 14:46:40.57
"2019/07/07","14:54:53.61","eq","l",2.93,"l",35.8955,-117.69383,6.2,"A",38476927,74,1266,2019-07-07 14:54:53.61
"2019/07/07","15:05:04.97","eq","l",2.96,"l",35.5745,-117.41533,7.7,"A",38477007,67,1713,2019-07-07 15:05:04.97
"2019/07/07","15:12:01.61","eq","l",2.59,"l",35.91333,-117.70767,2.6,"A",38477063,50,775,2019-07-07 15:12:01.61
"2019/07/07","15:27:37.87","eq","l",2.52,"l",35.98217,-117.73217,2,"A",38477167,39,736,2019-07-07 15:27:37.87
"2019/07/07","15:30:52.52","eq","l",2.64,"l",35.84,-117.67117,4.5,"A",38477191,51,863,2019-07-07 15:30:52.52
"2019/07/07","15:31:28.69","eq","l",2.5,"l",35.79233,-117.62717,10.9,"A",38477199,42,933,2019-07-07 15:31:28.69
"2019/07/07","15:34:49.79","eq","l",2.62,"l",35.75333,-117.58067,5.2,"A",38477223,75,1008,2019-07-07 15:34:49.79
"2019/07/07","15:48:11.73","eq","l",3.56,"l",35.8225,-117.65833,6.7,"A",38477303,123,1848,2019-07-07 15:48:11.73
"2019/07/07","15:49:15.08","eq","l",3.15,"l",35.87,-117.70217,4.2,"A",38477319,90,1799,2019-07-07 15:49:15.08
"2019/07/07","15:50:49.84","eq","l",2.9,"l",35.68033,-117.51633,9.2,"A",38477335,72,1592,2019-07-07 15:50:49.84
"2019/07/07","16:08:00.63","eq","l",3.05,"l",35.66983,-117.52567,4.8,"A",38477415,104,1599,2019-07-07 16:08:00.63
"2019/07/07","16:31:44.26","eq","l",2.5,"l",35.63467,-117.43117,4.9,"A",38477575,56,1151,2019-07-07 16:31:44.26
"2019/07/07","16:40:41.59","eq","l",3.06,"l",35.8945,-117.69717,6.8,"A",37485653,41,3213,2019-07-07 16:40:41.59
"2019/07/07","17:00:45.94","eq","l",2.64,"l",35.766,-117.57367,10.9,"A",38477751,61,945,2019-07-07 17:00:45.94
"2019/07/07","17:33:04.47","eq","l",2.5,"l",35.85517,-117.69017,6.9,"A",38478039,43,2985,2019-07-07 17:33:04.47
"2019/07/07","17:33:22.87","eq","l",2.83,"l",35.853,-117.69317,6,"A",38478047,44,3123,2019-07-07 17:33:22.87
"2019/07/07","17:44:09.37","eq","l",2.9,"l",35.6415,-117.46867,6,"A",38478143,77,3833,2019-07-07 17:44:09.37
"2019/07/07","17:47:25.09","eq","l",2.86,"l",35.89183,-117.6815,8.6,"A",38478183,81,3141,2019-07-07 17:47:25.09
"2019/07/07","18:05:57.76","eq","l",3.07,"l",35.92917,-117.71583,2.1,"A",38478335,101,3214,2019-07-07 18:05:57.76
"2019/07/07","18:07:36.30","eq","l",2.65,"l",35.8755,-117.6835,3.8,"A",38478343,56,3064,2019-07-07 18:07:36.3
"2019/07/07","18:19:19.94","eq","l",3.1,"l",35.88833,-117.7325,5.2,"A",38478423,121,3232,2019-07-07 18:19:19.94
"2019/07/07","18:27:58.78","eq","l",2.52,"l",35.91517,-117.70833,5,"A",38478503,62,2974,2019-07-07 18:27:58.78
"2019/07/07","18:40:35.88","eq","l",2.75,"l",36.08367,-117.84217,3.7,"A",38478647,52,3040,2019-07-07 18:40:35.88
"2019/07/07","18:50:02.29","eq","l",3.59,"w",35.59767,-117.42833,6.1,"A",38478703,124,3287,2019-07-07 18:50:02.29
"2019/07/07","19:00:51.30","eq","l",3.35,"l",35.65467,-117.47217,3.2,"A",38478823,115,3274,2019-07-07 19:00:51.3
"2019/07/07","19:12:35.66","eq","l",2.54,"l",35.8165,-117.63183,3.1,"A",38478911,63,3024,2019-07-07 19:12:35.66
"2019/07/07","19:24:20.52","eq","l",2.67,"l",35.9185,-117.72833,5.9,"A",38478999,59,3057,2019-07-07 19:24:20.52
"2019/07/07","19:24:54.55","eq","l",2.68,"l",35.87917,-117.70983,5,"A",38479007,62,3069,2019-07-07 19:24:54.55
"2019/07/07","19:28:09.92","eq","l",2.68,"l",35.8335,-117.658,6,"A",38479031,51,3079,2019-07-07 19:28:09.92
"2019/07/07","19:37:10.17","eq","l",3.14,"l",35.656,-117.52433,10.9,"A",38479143,109,3262,2019-07-07 19:37:10.17
"2019/07/07","19:48:36.83","eq","l",3.03,"l",35.93867,-117.6995,2.4,"A",38479239,68,3214,2019-07-07 19:48:36.83
"2019/07/07","19:48:43.03","eq","l",2.89,"l",35.93783,-117.70267,1.8,"A",37366852,17,3169,2019-07-07 19:48:43.03
"2019/07/07","19:51:30.61","eq","l",2.8,"l",35.66683,-117.498,10.2,"A",38479263,70,3193,2019-07-07 19:51:30.61
"2019/07/07","20:09:08.13","eq","l",2.54,"l",35.79583,-117.62717,4,"A",38479439,56,3040,2019-07-07 20:09:08.13
"2019/07/07","20:14:01.24","eq","l",2.52,"l",35.9035,-117.701,2.1,"A",38479511,50,2996,2019-07-07 20:14:01.24
"2019/07/07","20:14:04.24","eq","l",2.52,"l",35.91633,-117.72967,2.5,"A",37485701,12,2990,2019-07-07 20:14:04.24
"2019/07/07","20:30:36.09","eq","l",2.67,"l",35.63733,-117.47117,4.2,"A",38479655,68,3163,2019-07-07 20:30:36.09
"2019/07/07","20:46:41.09","eq","l",3.13,"l",35.81367,-117.59467,9.7,"A",38479783,104,3262,2019-07-07 20:46:41.09
"2019/07/07","20:54:00.98","eq","l",2.5,"l",35.87083,-117.648,10.1,"A",38479855,44,2965,2019-07-07 20:54:00.98
"2019/07/07","21:02:51.73","eq","l",3.47,"l",35.777,-117.60467,9.1,"A",38479903,117,3296,2019-07-07 21:02:51.73
"2019/07/07","21:05:16.71","eq","l",2.77,"l",35.05117,-118.9365,8.5,"A",38479911,73,3146,2019-07-07 21:05:16.71
"2019/07/07","21:15:29.66","eq","l",3.79,"w",35.94583,-117.68983,2.4,"A",38479967,104,3309,2019-07-07 21:15:29.66
"2019/07/07","21:20:51.45","eq","l",2.74,"l",35.93917,-117.68967,2.7,"A",38479991,61,3098,2019-07-07 21:20:51.45
"2019/07/07","21:41:11.28","eq","l",2.59,"l",35.94817,-117.72483,2.5,"A",38480119,53,3008,2019-07-07 21:41:11.28
"2019/07/07","21:41:24.63","eq","l",2.73,"l",35.85683,-117.68117,10.3,"A",38480127,47,3110,2019-07-07 21:41:24.63
"2019/07/07","22:00:51.07","eq","l",2.91,"l",35.9395,-117.69033,2.5,"A",38480255,75,3170,2019-07-07 22:00:51.07
"2019/07/07","22:07:48.56","eq","l",2.81,"l",35.64867,-117.44967,3.2,"A",38480287,79,3203,2019-07-07 22:07:48.56
"2019/07/07","22:23:08.51","eq","l",2.67,"l",35.57317,-117.518,10.1,"A",38480391,79,3191,2019-07-07 22:23:08.51
"2019/07/07","22:23:27.60","eq","l",2.51,"l",35.88533,-117.734,7.7,"A",37347644,42,3002,2019-07-07 22:23:27.6
"2019/07/07","22:27:34.48","eq","l",2.84,"l",35.92517,-117.67617,1.9,"A",38480415,75,3142,2019-07-07 22:27:34.48
"2019/07/07","22:33:21.39","eq","l",3.52,"l",35.683,-117.529,1.5,"A",38480447,113,3293,2019-07-07 22:33:21.39
"2019/07/07","22:35:23.44","eq","l",2.9,"l",35.82117,-117.65267,8.1,"A",38480463,90,3218,2019-07-07 22:35:23.44
"2019/07/07","22:42:47.49","eq","l",2.55,"l",35.60833,-117.459,6,"A",38480519,57,3089,2019-07-07 22:42:47.49
"2019/07/07","22:52:52.84","eq","l",3.38,"l",35.6405,-117.55367,7.1,"A",38480559,126,3284,2019-07-07 22:52:52.84
"2019/07/07","23:02:24.49","eq","l",3.13,"l",35.54567,-117.414,4.9,"A",38480631,96,3260,2019-07-07 23:02:24.49
"2019/07/07","23:21:35.61","eq","l",2.75,"l",35.86717,-117.708,7.5,"A",38480775,65,3116,2019-07-07 23:21:35.61
"2019/07/07","23:33:28.31","eq","l",2.58,"l",35.68667,-117.53983,10.6,"A",38480855,68,3101,2019-07-07 23:33:28.31
"2019/07/07","23:36:56.94","eq","l",3.93,"w",35.83033,-117.6685,5,"A",38480919,148,3299,2019-07-07 23:36:56.94
"2019/07/07","23:44:57.55","eq","l",3.45,"lr",35.559,-117.38533,9.9,"A",38480967,127,3284,2019-07-07 23:44:57.55
"2019/07/07","23:45:25.55","eq","l",3.4,"l",35.67617,-117.48883,3,"A",38480975,64,3284,2019-07-07 23:45:25.55
"2019/07/08","00:13:25.81","eq","l",3.12,"l",35.83,-117.66433,5.8,"A",38481167,121,3249,2019-07-08 00:13:25.81
"2019/07/08","00:29:31.82","eq","l",2.77,"l",35.57417,-117.36417,4,"A",38481279,83,3203,2019-07-08 00:29:31.82
"2019/07/08","01:36:58.30","eq","l",3.76,"w",36.1135,-117.88133,5,"A",38481735,109,3296,2019-07-08 01:36:58.3
"2019/07/08","01:37:07.91","eq","l",3.5,"l",35.9045,-117.69783,9.1,"A",37264764,38,3282,2019-07-08 01:37:07.91
"2019/07/08","01:38:21.06","eq","l",2.8,"l",36.10967,-117.87633,5.6,"A",38481743,51,3065,2019-07-08 01:38:21.06
"2019/07/08","01:57:20.34","eq","l",2.66,"l",35.88867,-117.72967,2.8,"A",38481863,83,3077,2019-07-08 01:57:20.34
"2019/07/08","02:24:15.71","eq","l",2.78,"l",35.732,-117.54717,6.9,"A",38482047,98,3227,2019-07-08 02:24:15.71
"2019/07/08","02:24:23.77","eq","l",2.76,"l",35.64267,-117.44983,5.8,"A",37485741,33,3218,2019-07-08 02:24:23.77
"2019/07/08","02:42:28.85","eq","l",2.69,"l",35.6655,-117.482,9.9,"A",38482167,87,3167,2019-07-08 02:42:28.85
"2019/07/08","02:46:22.32","eq","l",2.68,"l",35.88833,-117.73017,4,"A",38482207,84,3098,2019-07-08 02:46:22.32
"2019/07/08","03:12:26.59","eq","l",3.07,"l",35.6655,-117.50433,8.3,"A",38482375,112,3266,2019-07-08 03:12:26.59
"2019/07/08","03:15:15.04","eq","l",2.7,"l",35.3745,-117.84183,3.6,"A",38482383,109,3197,2019-07-08 03:15:15.04
"2019/07/08","03:37:06.56","eq","l",2.62,"l",35.68883,-117.549,10.4,"A",37369252,71,3110,2019-07-08 03:37:06.56
"2019/07/08","03:45:33.64","eq","l",2.54,"l",35.86767,-117.70017,6.6,"A",38482615,93,3005,2019-07-08 03:45:33.64
"2019/07/08","03:51:36.31","eq","l",2.62,"l",35.90267,-117.69767,3.8,"A",38482663,82,3059,2019-07-08 03:51:36.31
"2019/07/08","03:52:01.78","eq","l",2.52,"l",35.65833,-117.522,1.8,"A",38482671,70,3089,2019-07-08 03:52:01.78
"2019/07/08","03:54:14.43","eq","l",2.72,"l",36.11333,-117.8755,5.4,"A",38482695,87,3026,2019-07-08 03:54:14.43
"2019/07/08","04:03:07.84","eq","l",3.15,"l",35.611,-117.38767,3.3,"A",38482775,111,3272,2019-07-08 04:03:07.84
"2019/07/08","04:29:09.62","eq","l",2.79,"l",36.11783,-117.88133,5.7,"A",38482983,84,3026,2019-07-08 04:29:09.62
"2019/07/08","04:39:49.36","eq","l",2.84,"l",36.1225,-117.85667,4.1,"A",38483063,75,3077,2019-07-08 04:39:49.36
"2019/07/08","04:43:16.11","eq","l",2.59,"l",36.02283,-117.846,1.9,"A",38483087,75,2984,2019-07-08 04:43:16.11
"2019/07/08","04:49:48.12","eq","l",2.83,"l",35.6445,-117.42183,4.2,"A",38483119,96,3218,2019-07-08 04:49:48.12
"2019/07/08","04:53:58.89","eq","l",2.51,"l",36.1135,-117.88333,5.4,"A",38483151,94,2933,2019-07-08 04:53:58.89
"2019/07/08","04:59:54.44","eq","l",2.83,"l",35.96033,-117.28083,5.1,"A",38483199,93,3161,2019-07-08 04:59:54.44
"2019/07/08","05:02:10.41","eq","l",3.02,"l",35.87383,-117.72,8.1,"A",38483215,111,3212,2019-07-08 05:02:10.41
"2019/07/08","05:12:46.62","eq","l",2.55,"l",36.11333,-117.8795,6.1,"A",38483295,58,2933,2019-07-08 05:12:46.62
"2019/07/08","05:13:38.22","eq","l",2.57,"l",35.89217,-117.73083,2.1,"A",38483303,81,3008,2019-07-08 05:13:38.22
"2019/07/08","05:13:56.52","eq","l",2.5,"l",35.61683,-117.58683,6.9,"A",37368180,49,3074,2019-07-08 05:13:56.52
"2019/07/08","05:15:02.73","eq","l",3.22,"l",35.677,-117.54417,5,"A",38483327,118,3266,2019-07-08 05:15:02.73
"2019/07/08","05:18:54.50","eq","l",2.8,"l",35.91867,-117.73967,4.2,"A",38483343,84,3110,2019-07-08 05:18:54.5
"2019/07/08","05:24:16.81","eq","l",3.3,"l",35.94767,-117.722,2.8,"A",38483383,106,3251,2019-07-08 05:24:16.81
"2019/07/08","05:43:11.16","eq","l",2.81,"l",35.87067,-117.71017,4.4,"A",38483527,95,3140,2019-07-08 05:43:11.16
"2019/07/08","05:54:05.09","eq","l",3.49,"l",35.87517,-117.7095,8.5,"A",38483591,122,3272,2019-07-08 05:54:05.09
"2019/07/08","06:10:21.01","eq","l",2.51,"l",36.16583,-117.87483,2.3,"A",38483671,67,2887,2019-07-08 06:10:21.01
"2019/07/08","06:18:08.55","eq","l",3.15,"l",35.95967,-117.278,3.4,"A",38483743,121,3248,2019-07-08 06:18:08.55
"2019/07/08","06:45:16.58","eq","l",3.1,"l",35.73,-117.56717,7.4,"A",38483983,111,3248,2019-07-08 06:45:16.58
"2019/07/08","06:47:20.58","eq","l",2.68,"l",35.89333,-117.726,2.7,"A",38483999,95,3086,2019-07-08 06:47:20.58
"2019/07/08","07:18:34.58","eq","l",3.56,"l",35.54983,-117.377,2.6,"A",38484231,124,3296,2019-07-08 07:18:34.58
"2019/07/08","07:28:32.25","eq","l",2.54,"l",35.66167,-117.49233,8.3,"A",38484295,63,3167,2019-07-08 07:28:32.25
"2019/07/08","07:28:34.81","eq","l",2.62,"l",35.831,-117.64767,7.1,"A",37366860,31,3092,2019-07-08 07:28:34.81
"2019/07/08","07:31:58.40","eq","l",3.55,"l",36.15667,-117.87383,2.6,"A",38484311,122,3272,2019-07-08 07:31:58.4
"2019/07/08","07:35:49.24","eq","l",2.59,"l",35.8885,-117.6985,4.1,"A",38484327,78,3023,2019-07-08 07:35:49.24
"2019/07/08","07:42:20.89","eq","l",2.55,"l",35.63883,-117.44317,6.1,"A",38484367,81,3122,2019-07-08 07:42:20.89
"2019/07/08","07:52:28.08","eq","l",2.88,"l",36.05467,-117.8545,1.8,"A",38484479,82,3098,2019-07-08 07:52:28.08
"2019/07/08","08:12:33.28","eq","l",2.51,"l",35.569,-117.4035,3.5,"A",38484599,86,3119,2019-07-08 08:12:33.28
"2019/07/08","08:18:08.64","eq","l",2.57,"l",36.12333,-117.854,4.1,"A",38484615,92,2972,2019-07-08 08:18:08.64
"2019/07/08","08:20:02.41","eq","l",3.9,"w",36.12083,-117.8575,3.7,"A",38484631,131,3293,2019-07-08 08:20:02.41
"2019/07/08","09:00:20.93","eq","l",2.69,"l",35.53267,-117.3545,4.6,"A",38484919,93,3218,2019-07-08 09:00:20.93
"2019/07/08","09:17:28.07","eq","l",2.72,"l",35.7645,-117.56967,6.9,"A",38485087,93,3146,2019-07-08 09:17:28.07
"2019/07/08","09:37:07.34","eq","l",2.66,"l",35.68383,-117.47883,3,"A",38485271,81,3173,2019-07-08 09:37:07.34
"2019/07/08","09:57:10.97","eq","l",3.5,"w",35.65417,-117.46183,9.7,"A",38485391,147,3296,2019-07-08 09:57:10.97
"2019/07/08","10:11:22.89","eq","l",2.75,"l",36.11917,-117.856,4.8,"A",38485487,72,3032,2019-07-08 10:11:22.89
"2019/07/08","10:44:12.70","eq","l",2.8,"l",35.9015,-117.72967,5.6,"A",38485711,115,3116,2019-07-08 10:44:12.7
"2019/07/08","11:23:22.59","eq","l",3.16,"l",35.90733,-117.7075,5,"A",38486063,110,3245,2019-07-08 11:23:22.59
"2019/07/08","11:25:48.19","eq","l",2.9,"l",36.03067,-117.84667,2.3,"A",38486087,79,3122,2019-07-08 11:25:48.19
"2019/07/08","11:34:56.18","eq","l",2.98,"l",35.94783,-117.72417,3.4,"A",38486199,95,3206,2019-07-08 11:34:56.18
"2019/07/08","11:45:02.81","eq","l",2.75,"l",35.89733,-117.73467,2.5,"A",38486295,87,3125,2019-07-08 11:45:02.81
"2019/07/08","12:07:38.75","eq","l",2.6,"l",35.62317,-117.43383,7.8,"A",38486535,86,3119,2019-07-08 12:07:38.75
"2019/07/08","12:14:57.89","eq","l",3.47,"lr",35.626,-117.43733,10,"A",38486591,138,3287,2019-07-08 12:14:57.89
"2019/07/08","12:21:28.51","eq","l",3.18,"l",35.66917,-117.525,8.6,"A",38486639,120,3251,2019-07-08 12:21:28.51
"2019/07/08","12:38:36.41","eq","l",2.64,"l",36.05633,-117.858,1.6,"A",38486807,87,2996,2019-07-08 12:38:36.41
"2019/07/08","12:42:38.17","eq","l",3.1,"l",35.71517,-117.57,6.5,"A",38486831,128,3243,2019-07-08 12:42:38.17
"2019/07/08","12:59:28.61","eq","l",2.6,"l",36.03117,-117.8465,2.4,"A",38486959,101,2976,2019-07-08 12:59:28.61
"2019/07/08","13:03:48.91","eq","l",2.64,"l",35.92633,-117.68467,3,"A",38487015,87,3039,2019-07-08 13:03:48.91
"2019/07/08","13:29:06.72","eq","l",2.7,"l",36.03517,-117.35267,6.9,"A",38487231,48,3045,2019-07-08 13:29:06.72
"2019/07/08","13:39:06.98","eq","l",2.6,"l",35.5505,-117.38033,3.6,"A",38487351,65,3171,2019-07-08 13:39:06.98
"2019/07/08","13:58:19.18","eq","l",3.15,"l",35.55933,-117.39167,2.4,"A",38487519,89,3249,2019-07-08 13:58:19.18
"2019/07/08","14:09:19.66","eq","l",2.82,"l",35.58383,-117.379,3.4,"A",38487615,85,3222,2019-07-08 14:09:19.66
"2019/07/08","14:27:20.17","eq","l",2.61,"l",35.77333,-117.60183,8.7,"A",38487807,83,3085,2019-07-08 14:27:20.17
"2019/07/08","14:31:01.38","eq","l",3.26,"l",35.65883,-117.48683,5.1,"A",38487839,127,3271,2019-07-08 14:31:01.38
"2019/07/08","14:52:54.72","eq","l",2.58,"l",36.03383,-117.35217,5,"A",38488095,80,3021,2019-07-08 14:52:54.72
"2019/07/08","15:35:47.97","eq","l",2.61,"l",35.91117,-117.73267,2.7,"A",38488519,95,3042,2019-07-08 15:35:47.97
"2019/07/08","16:04:28.28","eq","l",3.83,"w",35.678,-117.51033,4.3,"A",38488719,149,3324,2019-07-08 16:04:28.28
"2019/07/08","16:09:15.38","eq","l",2.51,"l",35.85633,-117.69383,6.6,"A",37369300,48,3006,2019-07-08 16:09:15.38
"2019/07/08","16:09:57.58","eq","l",3.48,"l",35.62317,-117.43117,2.8,"A",38488767,135,3309,2019-07-08 16:09:57.58
"2019/07/08","16:11:32.45","eq","l",2.71,"l",35.87517,-117.68183,9.6,"A",38488783,75,3099,2019-07-08 16:11:32.45
"2019/07/08","16:15:12.08","eq","l",2.56,"l",35.93417,-117.69767,2.7,"A",38488815,96,3009,2019-07-08 16:15:12.08
"2019/07/08","16:22:36.65","eq","l",2.88,"l",35.89017,-117.72667,3.5,"A",38488879,77,3198,2019-07-08 16:22:36.65
"2019/07/08","16:22:53.15","eq","l",2.94,"l",35.89167,-117.72467,4.3,"A",38488887,57,3212,2019-07-08 16:22:53.15
"2019/07/08","16:31:08.67","eq","l",3.03,"l",35.74183,-117.56417,9.3,"A",38488975,102,3264,2019-07-08 16:31:08.67
"2019/07/08","16:45:26.13","eq","l",2.78,"l",35.86817,-117.67883,3.4,"A",38489103,86,3147,2019-07-08 16:45:26.13
"2019/07/08","16:55:10.35","eq","l",2.57,"l",35.6685,-117.5015,2.9,"A",38489183,86,3090,2019-07-08 16:55:10.35
"2019/07/08","17:02:34.09","eq","l",2.55,"l",35.6985,-117.54167,6,"A",38489271,65,3069,2019-07-08 17:02:34.09
"2019/07/08","17:05:03.38","eq","l",2.56,"l",35.6575,-117.46,3,"A",38489311,68,3105,2019-07-08 17:05:03.38
"2019/07/08","17:29:55.45","eq","l",2.53,"l",36.11467,-117.83667,3.4,"A",37486301,16,2950,2019-07-08 17:29:55.45
"2019/07/08","17:30:03.45","eq","l",2.55,"l",35.89683,-117.73167,2.8,"A",38489543,48,3006,2019-07-08 17:30:03.45
"2019/07/08","17:48:02.60","eq","l",2.78,"l",36.125,-117.85483,4.7,"A",38489711,64,3066,2019-07-08 17:48:02.6
"2019/07/08","17:50:01.47","eq","l",3.52,"w",35.66717,-117.50033,2.4,"A",38489727,124,3308,2019-07-08 17:50:01.47
"2019/07/08","17:50:48.54","eq","l",2.88,"l",36.05533,-117.85533,1.7,"A",38489735,56,3122,2019-07-08 17:50:48.54
"2019/07/08","17:53:47.17","eq","l",3.81,"w",35.555,-117.31233,7.7,"A",38489751,179,3306,2019-07-08 17:53:47.17
"2019/07/08","18:03:54.63","eq","l",3.02,"l",35.73983,-117.56417,3.8,"A",38489847,122,3251,2019-07-08 18:03:54.63
"2019/07/08","18:10:19.71","eq","l",3.23,"l",35.6715,-117.494,2.6,"A",38489903,116,3284,2019-07-08 18:10:19.71
"2019/07/08","18:20:57.73","eq","l",2.96,"l",35.91567,-117.68683,2.8,"A",38490007,75,3203,2019-07-08 18:20:57.73
"2019/07/08","18:21:27.18","eq","l",2.91,"l",35.91933,-117.6835,2.5,"A",38490015,66,3191,2019-07-08 18:21:27.18
"2019/07/08","19:45:21.87","eq","l",2.96,"l",35.93467,-117.73183,8.8,"A",38490727,103,3206,2019-07-08 19:45:21.87
"2019/07/08","19:47:56.56","eq","l",2.77,"l",36.054,-117.85333,2,"A",38490759,42,3086,2019-07-08 19:47:56.56
"2019/07/08","20:29:54.77","eq","l",2.72,"l",35.77,-117.589,4.2,"A",38491215,62,3157,2019-07-08 20:29:54.77
"2019/07/08","20:42:15.63","eq","l",2.63,"l",35.91183,-117.73483,2.9,"A",38491343,55,3065,2019-07-08 20:42:15.63
"2019/07/08","20:49:34.39","eq","l",2.81,"l",35.59917,-117.39817,4.5,"A",38491423,69,3242,2019-07-08 20:49:34.39
"2019/07/08","21:05:58.71","eq","l",2.66,"l",35.91133,-117.69633,2.8,"A",38491655,59,3085,2019-07-08 21:05:58.71
"2019/07/08","21:33:36.98","eq","l",2.63,"l",35.81383,-117.63783,7,"A",38491879,71,3100,2019-07-08 21:33:36.98
"2019/07/08","21:48:53.40","eq","l",2.89,"l",35.64533,-117.45283,3.1,"A",38492015,73,3242,2019-07-08 21:48:53.4
"2019/07/08","22:18:49.26","eq","l",3.15,"l",35.92667,-117.312,6.8,"A",38492271,110,3267,2019-07-08 22:18:49.26
"2019/07/08","22:25:39.65","eq","l",2.61,"l",35.63083,-117.43283,4.6,"A",38492343,55,3213,2019-07-08 22:25:39.65
"2019/07/08","22:25:49.02","eq","l",2.9,"l",35.6325,-117.43217,3.7,"A",37367164,33,3258,2019-07-08 22:25:49.02
"2019/07/08","22:36:23.72","eq","l",2.67,"l",35.8905,-117.69233,4.3,"A",38492423,65,3092,2019-07-08 22:36:23.72
"2019/07/08","22:57:40.96","eq","l",3.37,"lr",36.04883,-117.84617,1.9,"A",38492599,117,3290,2019-07-08 22:57:40.96
"2019/07/08","23:23:41.57","eq","l",3.31,"l",35.62767,-117.42933,4.3,"A",38492831,117,3303,2019-07-08 23:23:41.57
"2019/07/08","23:50:58.89","eq","l",2.67,"l",35.85533,-117.69217,7.9,"A",38493071,73,3090,2019-07-08 23:50:58.89
"2019/07/09","00:00:01.00","eq","l",3.22,"l",35.67933,-117.51117,5,"A",38493191,115,3291,2019-07-09 00:00:01
"2019/07/09","00:00:07.06","eq","l",3.01,"l",36.13283,-117.84467,5.1,"A",37265084,19,3156,2019-07-09 00:00:07.06
"2019/07/09","00:20:18.83","eq","l",2.77,"l",35.662,-117.47333,4.3,"A",38493407,95,3222,2019-07-09 00:20:18.83
"2019/07/09","00:57:30.69","eq","l",3.06,"l",35.8635,-117.693,8.5,"A",38493743,120,3264,2019-07-09 00:57:30.69
"2019/07/09","01:21:10.51","eq","l",2.53,"l",35.53233,-117.36383,8.2,"A",38494055,98,3159,2019-07-09 01:21:10.51
"2019/07/09","01:28:26.32","eq","l",2.73,"l",36.11317,-117.83283,2.8,"A",38494127,71,3024,2019-07-09 01:28:26.32
"2019/07/09","01:41:58.15","eq","l",2.58,"l",35.64283,-117.44633,6.2,"A",38494263,88,3123,2019-07-09 01:41:58.15
"2019/07/09","04:02:54.02","eq","l",3.56,"w",35.9235,-117.45517,7,"A",38495767,131,3299,2019-07-09 04:02:54.02
"2019/07/09","04:32:11.32","eq","l",2.94,"l",35.71217,-117.55,4.5,"A",38496079,71,3251,2019-07-09 04:32:11.32
"2019/07/09","05:17:45.79","eq","l",2.58,"l",35.77217,-117.60133,9.5,"A",38496551,90,3080,2019-07-09 05:17:45.79
"2019/07/09","05:25:13.85","eq","l",2.74,"l",35.89967,-117.72717,4.3,"A",38496647,82,3092,2019-07-09 05:25:13.85
"2019/07/09","05:28:15.76","eq","l",2.98,"l",35.684,-117.534,10.4,"A",38496663,107,3251,2019-07-09 05:28:15.76
"2019/07/09","05:45:15.75","eq","l",2.84,"l",35.9285,-117.69367,3.4,"A",38496855,89,3134,2019-07-09 05:45:15.75
"2019/07/09","05:54:04.49","eq","l",2.79,"l",36.11383,-117.83483,2.4,"A",38496935,82,3086,2019-07-09 05:54:04.49
"2019/07/09","06:05:48.70","eq","l",2.52,"l",35.65133,-117.51167,3.4,"A",38497063,94,3099,2019-07-09 06:05:48.7
"2019/07/09","06:24:10.89","eq","l",3.06,"l",35.89517,-117.6845,3,"A",38497239,109,3230,2019-07-09 06:24:10.89
"2019/07/09","06:36:26.64","eq","l",2.67,"l",35.7115,-117.5035,3,"A",38497375,90,3167,2019-07-09 06:36:26.64
"2019/07/09","06:40:27.60","eq","l",2.54,"l",35.85533,-117.694,5.2,"A",38497431,91,3050,2019-07-09 06:40:27.6
"2019/07/09","07:01:00.43","eq","l",2.6,"l",35.87367,-117.6965,2.4,"A",38497687,91,3014,2019-07-09 07:01:00.43
"2019/07/09","07:04:16.27","eq","l",3.1,"l",35.89883,-117.67233,8.4,"A",38497719,122,3251,2019-07-09 07:04:16.27
"2019/07/09","07:54:06.30","eq","l",2.79,"l",35.73717,-117.57033,3.4,"A",38498375,98,3203,2019-07-09 07:54:06.3
"2019/07/09","07:54:44.37","eq","l",2.53,"l",35.8945,-117.68067,4.7,"A",38498383,73,3014,2019-07-09 07:54:44.37
"2019/07/09","08:17:31.57","eq","l",3.58,"w",35.782,-117.61433,9.2,"A",38498615,141,3301,2019-07-09 08:17:31.57
"2019/07/09","08:18:08.35","eq","l",2.93,"l",35.84917,-117.67317,4.6,"A",38498623,64,3214,2019-07-09 08:18:08.35
"2019/07/09","08:19:06.76","eq","l",2.5,"l",35.84083,-117.66067,5.5,"A",38498631,66,2989,2019-07-09 08:19:06.76
"2019/07/09","08:23:46.92","eq","l",3.21,"l",36.0245,-117.86817,1.7,"A",38498647,114,3248,2019-07-09 08:23:46.92
"2019/07/09","08:49:58.46","eq","l",2.84,"l",35.6725,-117.522,9.4,"A",38498903,94,3230,2019-07-09 08:49:58.46
"2019/07/09","09:11:15.40","eq","l",3.21,"l",35.66267,-117.54183,8.7,"A",38499159,141,3287,2019-07-09 09:11:15.4
"2019/07/09","09:22:32.00","eq","l",3.14,"l",35.88,-117.6865,3.8,"A",38499303,120,3263,2019-07-09 09:22:32
"2019/07/09","09:23:16.14","eq","l",2.58,"l",35.685,-117.553,8.6,"A",38499319,82,3110,2019-07-09 09:23:16.14
"2019/07/09","09:31:02.10","eq","l",2.63,"l",35.66867,-117.503,4.5,"A",38499415,89,3158,2019-07-09 09:31:02.1
"2019/07/09","10:20:41.51","eq","l",2.7,"l",35.7185,-117.4965,3.2,"A",38500127,78,3158,2019-07-09 10:20:41.51
"2019/07/09","10:21:52.37","eq","l",3.54,"w",35.95433,-117.67683,2,"A",38500135,125,3278,2019-07-09 10:21:52.37
"2019/07/09","10:41:31.88","eq","l",3.11,"l",35.68383,-117.54283,5,"A",38500391,126,3263,2019-07-09 10:41:31.88
"2019/07/09","10:50:46.78","eq","l",2.62,"l",35.75483,-117.56417,9.1,"A",38500511,94,3131,2019-07-09 10:50:46.78
"2019/07/09","10:54:33.85","eq","l",2.54,"l",35.95783,-117.678,2,"A",38500551,80,2997,2019-07-09 10:54:33.85
"2019/07/09","11:39:27.99","eq","l",2.51,"l",35.93117,-117.69533,3.9,"A",37486501,48,2987,2019-07-09 11:39:27.99
"2019/07/09","11:56:42.02","eq","l",2.76,"l",35.81983,-117.64583,4.7,"A",38501199,93,3137,2019-07-09 11:56:42.02
"2019/07/09","12:17:36.92","eq","l",2.6,"l",35.86517,-117.6955,5.1,"A",38501455,86,3074,2019-07-09 12:17:36.92
"2019/07/09","12:25:12.00","eq","l",2.51,"l",35.84967,-117.679,7.3,"A",38501535,93,3020,2019-07-09 12:25:12
"2019/07/09","12:58:21.68","eq","l",3.47,"w",35.675,-117.48417,2.3,"A",38501895,127,3305,2019-07-09 12:58:21.68
"2019/07/09","12:58:31.93","eq","l",3.03,"l",35.67967,-117.487,2.6,"A",37265404,26,3269,2019-07-09 12:58:31.93
"2019/07/09","13:28:48.06","eq","l",3.42,"l",35.54767,-117.38183,3.1,"A",38502215,123,3296,2019-07-09 13:28:48.06
"2019/07/09","14:18:33.29","eq","l",2.82,"l",35.6945,-117.52417,7.9,"A",38502727,91,3191,2019-07-09 14:18:33.29
"2019/07/09","14:20:57.20","eq","l",2.62,"l",35.949,-117.70233,3.4,"A",38502751,95,3014,2019-07-09 14:20:57.2
"2019/07/09","15:09:27.05","eq","l",2.7,"l",35.6595,-117.53783,8.7,"A",38503303,91,3183,2019-07-09 15:09:27.05
"2019/07/09","15:10:59.05","eq","l",2.92,"l",35.91833,-117.73067,7.7,"A",38503311,84,3204,2019-07-09 15:10:59.05
"2019/07/09","15:23:20.97","eq","l",2.72,"l",35.9535,-117.68767,3.6,"A",38503423,89,3099,2019-07-09 15:23:20.97
"2019/07/09","15:40:45.55","eq","l",3.49,"w",35.57483,-117.36333,3.7,"A",38503631,161,3315,2019-07-09 15:40:45.55
"2019/07/09","16:47:03.12","eq","l",3.33,"lr",35.89167,-117.70767,7.4,"A",38504415,130,3778,2019-07-09 16:47:03.12
"2019/07/09","17:11:28.66","eq","l",3.55,"w",35.70217,-117.49417,10.6,"A",38504647,147,3312,2019-07-09 17:11:28.66
"2019/07/09","17:44:07.05","eq","l",2.57,"l",35.65617,-117.479,2.4,"A",38505087,72,3116,2019-07-09 17:44:07.05
"2019/07/09","18:37:37.34","eq","l",3.43,"l",35.72783,-117.54217,10.4,"A",38505679,127,3303,2019-07-09 18:37:37.34
"2019/07/09","18:41:16.04","eq","l",2.88,"l",35.92017,-117.68933,7.1,"A",38505687,110,3186,2019-07-09 18:41:16.04
"2019/07/09","19:44:26.84","eq","l",2.52,"l",35.68133,-117.49433,6,"A",38506303,72,3094,2019-07-09 19:44:26.84
"2019/07/09","19:49:50.55","eq","l",3.11,"l",35.90183,-117.71917,2.7,"A",38506343,115,3268,2019-07-09 19:49:50.55
"2019/07/09","19:51:22.78","eq","l",2.56,"l",36.08333,-117.84283,1.9,"A",38506351,54,2988,2019-07-09 19:51:22.78
"2019/07/09","19:56:51.01","eq","l",2.62,"l",35.6745,-117.55067,7.2,"A",38506391,73,3136,2019-07-09 19:56:51.01
"2019/07/09","20:04:08.20","eq","l",2.69,"l",35.96033,-117.67717,2.1,"A",38506479,63,3096,2019-07-09 20:04:08.2
"2019/07/09","20:59:19.31","eq","l",2.51,"l",35.66333,-117.54317,5.4,"A",38507055,64,3101,2019-07-09 20:59:19.31
"2019/07/09","21:35:07.57","eq","l",2.87,"l",35.81567,-117.637,2,"A",38507415,63,3236,2019-07-09 21:35:07.57
"2019/07/09","21:47:46.14","eq","l",2.78,"l",36.20983,-117.86483,2.2,"A",38507583,66,3048,2019-07-09 21:47:46.14
"2019/07/09","21:52:49.31","eq","l",3.28,"l",35.8885,-117.70183,5.2,"A",38507623,120,3302,2019-07-09 21:52:49.31
"2019/07/09","22:44:59.63","eq","l",2.52,"l",35.92467,-117.733,2.7,"A",38508303,69,2999,2019-07-09 22:44:59.63
"2019/07/09","22:54:02.88","eq","l",2.68,"l",35.86383,-117.70183,5.3,"A",38508415,71,3108,2019-07-09 22:54:02.88
"2019/07/09","23:04:57.71","eq","l",2.88,"l",35.887,-117.65333,3.2,"A",38508519,94,3195,2019-07-09 23:04:57.71
"2019/07/09","23:12:06.14","eq","l",2.54,"l",35.88983,-117.71483,6.2,"A",38508599,69,3027,2019-07-09 23:12:06.14
"2019/07/09","23:16:01.95","eq","l",2.75,"l",35.89,-117.722,4.6,"A",38508655,66,3132,2019-07-09 23:16:01.95
"2019/07/09","23:22:16.73","eq","l",2.7,"l",35.91117,-117.71667,2.6,"A",38508743,75,3120,2019-07-09 23:22:16.73
"2019/07/09","23:44:07.22","eq","l",2.61,"l",36.059,-117.84967,2.1,"A",38508975,58,3024,2019-07-09 23:44:07.22
"2019/07/09","23:52:13.31","eq","l",2.71,"l",35.721,-117.57317,9.5,"A",38509071,72,3195,2019-07-09 23:52:13.31
"2019/07/10","00:21:22.45","eq","l",2.66,"l",35.87617,-117.67717,2.8,"A",38509359,103,3114,2019-07-10 00:21:22.45
"2019/07/10","00:37:51.37","eq","l",2.52,"l",35.683,-117.52067,9.2,"A",38509543,76,3090,2019-07-10 00:37:51.37
"2019/07/10","00:48:17.58","eq","l",4.07,"w",36.05717,-117.84717,1.7,"A",38509663,107,3351,2019-07-10 00:48:17.58
"2019/07/10","00:53:25.75","eq","l",2.71,"l",36.0545,-117.85583,1.9,"A",38509695,81,3069,2019-07-10 00:53:25.75
"2019/07/10","00:58:38.32","eq","l",2.88,"l",36.05917,-117.84683,2,"A",38509775,83,3135,2019-07-10 00:58:38.32
"2019/07/10","01:43:02.63","eq","l",3.96,"w",35.9015,-117.69017,2.4,"A",38510319,124,3342,2019-07-10 01:43:02.63
"2019/07/10","01:44:54.89","eq","l",2.56,"l",35.9065,-117.687,2.8,"A",38510335,54,3048,2019-07-10 01:44:54.89
"2019/07/10","01:47:18.76","eq","l",2.93,"l",35.90717,-117.68933,2.5,"A",38510375,123,3207,2019-07-10 01:47:18.76
"2019/07/10","01:58:59.18","eq","l",2.88,"l",35.34683,-117.93233,2,"A",38510495,92,3266,2019-07-10 01:58:59.18
"2019/07/10","02:33:43.79","eq","l",2.59,"l",35.687,-117.52467,9.3,"A",38510943,85,3185,2019-07-10 02:33:43.79
"2019/07/10","03:42:54.90","eq","l",3.61,"lr",35.64267,-117.44933,10.6,"A",38511719,151,3302,2019-07-10 03:42:54.9
"2019/07/10","04:14:11.76","eq","l",3.06,"l",35.94333,-117.68183,3.6,"A",38512103,118,3221,2019-07-10 04:14:11.76
"2019/07/10","06:20:05.78","eq","l",2.85,"l",36.1185,-117.88167,5.2,"A",38513463,76,3098,2019-07-10 06:20:05.78
"2019/07/10","06:21:45.58","eq","l",2.56,"l",35.90817,-117.70817,2,"A",38513471,95,2999,2019-07-10 06:21:45.58
"2019/07/10","06:24:16.01","eq","l",2.98,"l",36.05083,-117.85717,1.8,"A",38513511,101,3149,2019-07-10 06:24:16.01
"2019/07/10","07:05:26.26","eq","l",3.69,"w",36.05617,-117.849,1.9,"A",38513943,125,3293,2019-07-10 07:05:26.26
"2019/07/10","07:22:42.98","eq","l",3.08,"l",35.9405,-117.72083,2.8,"A",38514151,112,3230,2019-07-10 07:22:42.98
"2019/07/10","07:23:28.62","eq","l",2.53,"l",35.82717,-117.6265,3.1,"A",38514159,78,3045,2019-07-10 07:23:28.62
"2019/07/10","08:21:32.68","eq","l",2.89,"l",36.05867,-117.84583,2.1,"A",38514767,72,3116,2019-07-10 08:21:32.68
"2019/07/10","08:51:33.57","eq","l",2.73,"l",35.6425,-117.5525,7.1,"A",38515111,95,3210,2019-07-10 08:51:33.57
"2019/07/10","09:08:37.39","eq","l",2.73,"l",35.76633,-117.589,6.7,"A",38515279,105,3180,2019-07-10 09:08:37.39
"2019/07/10","09:09:51.95","eq","l",2.55,"l",35.61633,-117.45767,8.1,"A",38515287,115,3135,2019-07-10 09:09:51.95
"2019/07/10","09:13:35.44","eq","l",2.63,"l",35.72333,-117.547,8.5,"A",38515303,97,3135,2019-07-10 09:13:35.44
"2019/07/10","09:21:18.02","eq","l",2.79,"l",35.78817,-117.6095,7.8,"A",38515407,122,3186,2019-07-10 09:21:18.02
"2019/07/10","09:32:08.29","eq","l",3.25,"l",35.66267,-117.49733,4.4,"A",38515519,136,3278,2019-07-10 09:32:08.29
"2019/07/10","09:45:52.74","eq","l",2.68,"l",35.8825,-117.70667,7.6,"A",38515663,89,3080,2019-07-10 09:45:52.74
"2019/07/10","10:04:20.84","eq","l",3.16,"l",36.03067,-117.76133,3.6,"A",38515863,115,3225,2019-07-10 10:04:20.84
"2019/07/10","10:13:09.65","eq","l",2.63,"l",35.62383,-117.57,5.9,"A",38515935,100,3083,2019-07-10 10:13:09.65
"2019/07/10","10:18:29.00","eq","l",2.54,"l",35.77417,-117.5945,6.8,"A",38516007,97,3022,2019-07-10 10:18:29
"2019/07/10","10:58:04.97","eq","l",3.45,"l",35.865,-117.6865,3,"A",38516463,130,3281,2019-07-10 10:58:04.97
"2019/07/10","11:35:57.45","eq","l",2.67,"l",35.88967,-117.727,4,"A",38516879,95,1670,2019-07-10 11:35:57.45
"2019/07/10","12:00:05.09","eq","l",3.81,"w",35.87583,-117.70767,5,"A",38517119,155,3312,2019-07-10 12:00:05.09
"2019/07/10","12:00:34.65","eq","l",2.78,"l",35.877,-117.707,5.9,"A",38517127,57,3117,2019-07-10 12:00:34.65
"2019/07/10","12:28:56.96","eq","l",4.18,"w",36.0495,-117.85667,1.9,"A",38517471,144,3314,2019-07-10 12:28:56.96
"2019/07/10","12:49:26.81","eq","l",3.05,"l",36.05367,-117.84967,2,"A",38517703,112,3191,2019-07-10 12:49:26.81
"2019/07/10","13:02:18.69","eq","l",3.2,"l",35.7235,-117.53233,9.3,"A",38517847,126,3275,2019-07-10 13:02:18.69
"2019/07/10","13:10:02.40","eq","l",2.73,"l",35.89167,-117.70217,8.4,"A",38517919,100,3099,2019-07-10 13:10:02.4
"2019/07/10","13:23:09.19","eq","l",3.43,"l",35.643,-117.48683,3.9,"A",38518087,119,3293,2019-07-10 13:23:09.19
"2019/07/10","13:38:57.36","eq","l",3.26,"l",35.76683,-117.55733,9.9,"A",38518287,170,3275,2019-07-10 13:38:57.36
"2019/07/10","14:03:18.34","eq","l",2.52,"l",35.8285,-117.678,8.4,"A",38518527,74,3024,2019-07-10 14:03:18.34
"2019/07/10","14:53:06.08","eq","l",3.52,"w",36.046,-117.85983,1.8,"A",38519135,130,3297,2019-07-10 14:53:06.08
"2019/07/10","14:54:00.38","eq","l",2.96,"l",36.049,-117.86583,1.9,"A",38519143,77,3159,2019-07-10 14:54:00.38
"2019/07/10","15:01:56.14","eq","l",3.33,"l",35.87967,-117.68067,5,"A",38519223,73,3297,2019-07-10 15:01:56.14
"2019/07/10","15:02:04.29","eq","l",3.56,"w",35.877,-117.68167,4.9,"A",38519231,77,3324,2019-07-10 15:02:04.29
"2019/07/10","15:02:16.48","eq","l",2.71,"l",36.0455,-117.85983,0.8,"A",37486837,11,3063,2019-07-10 15:02:16.48
"2019/07/10","15:09:24.60","eq","l",3.21,"l",35.66983,-117.513,8.8,"A",38519287,128,3318,2019-07-10 15:09:24.6
"2019/07/10","15:52:32.25","eq","l",2.82,"l",35.563,-117.3605,9,"A",38519839,98,3282,2019-07-10 15:52:32.25
"2019/07/10","16:01:38.21","eq","l",3.49,"l",35.8265,-117.65167,3.4,"A",38519951,124,3330,2019-07-10 16:01:38.21
"2019/07/10","16:52:00.66","eq","l",2.8,"l",35.67717,-117.557,7.1,"A",38520447,107,3231,2019-07-10 16:52:00.66
"2019/07/10","16:55:15.75","eq","l",2.81,"l",36.05117,-117.84883,2.3,"A",38520495,102,3114,2019-07-10 16:55:15.75
"2019/07/10","16:56:55.18","eq","l",2.59,"l",36.04867,-117.84783,2.6,"A",38520503,91,3036,2019-07-10 16:56:55.18
"2019/07/10","17:43:21.71","eq","l",2.92,"l",35.97883,-117.77867,5.4,"A",38521039,90,3174,2019-07-10 17:43:21.71
"2019/07/10","17:46:15.81","eq","l",2.76,"l",35.6385,-117.4425,8.1,"A",38521087,103,3240,2019-07-10 17:46:15.81
"2019/07/10","18:47:58.06","eq","l",2.53,"l",36.2165,-117.8625,1.5,"A",38521791,52,2948,2019-07-10 18:47:58.06
"2019/07/10","18:49:01.42","eq","l",4.09,"w",36.16617,-117.8825,1.1,"A",38521799,132,3344,2019-07-10 18:49:01.42
"2019/07/10","18:51:35.25","eq","l",3.7,"w",36.1695,-117.875,2.3,"A",38521815,118,3313,2019-07-10 18:51:35.25
"2019/07/10","18:51:43.83","eq","l",3.51,"l",36.05533,-117.85417,7.8,"A",37265572,12,3304,2019-07-10 18:51:43.83
"2019/07/10","18:53:24.76","eq","l",2.61,"l",36.1535,-117.87467,2.9,"A",38521823,54,2982,2019-07-10 18:53:24.76
"2019/07/10","19:15:02.53","eq","l",3.25,"l",36.12133,-117.82867,2.6,"A",38522055,75,3249,2019-07-10 19:15:02.53
"2019/07/10","19:15:14.92","eq","l",3.18,"l",35.34667,-117.9205,4.6,"A",37248948,50,3297,2019-07-10 19:15:14.92
"2019/07/10","19:44:11.25","eq","l",2.67,"l",36.11817,-117.82683,2.5,"A",38522383,63,3032,2019-07-10 19:44:11.25
"2019/07/10","20:09:51.95","eq","l",4.17,"w",35.66467,-117.52483,9.2,"A",38522647,167,3344,2019-07-10 20:09:51.95
"2019/07/10","20:10:41.83","eq","l",2.68,"l",35.64783,-117.50483,3.5,"A",37421061,29,3185,2019-07-10 20:10:41.83
"2019/07/10","20:39:45.48","eq","l",2.88,"l",35.61467,-117.46617,2.3,"A",38523023,84,3263,2019-07-10 20:39:45.48
"2019/07/10","21:01:36.74","eq","l",2.79,"l",35.86467,-117.6915,5.7,"A",38523175,107,3164,2019-07-10 21:01:36.74
"2019/07/10","21:40:58.42","eq","l",3.09,"l",35.57317,-117.52117,10.1,"A",38523567,122,3314,2019-07-10 21:40:58.42
"2019/07/10","21:52:25.45","eq","l",2.94,"l",35.9115,-117.7075,2.7,"A",38523695,114,3233,2019-07-10 21:52:25.45
"2019/07/10","22:15:48.26","eq","l",3.87,"w",36.17317,-117.8835,1,"A",38523943,119,3335,2019-07-10 22:15:48.26
"2019/07/10","22:15:53.25","eq","l",3.66,"lr",36.17133,-117.88567,2,"A",37265580,28,3323,2019-07-10 22:15:53.25
"2019/07/10","22:20:56.59","eq","l",2.8,"l",36.17517,-117.87383,2.9,"A",37486557,31,3065,2019-07-10 22:20:56.59
"2019/07/10","22:21:56.12","eq","l",2.59,"l",35.669,-117.416,8.9,"A",38523999,79,3149,2019-07-10 22:21:56.12
"2019/07/10","23:16:39.46","eq","l",2.66,"l",35.72067,-117.53817,8.3,"A",38524615,62,3171,2019-07-10 23:16:39.46
"2019/07/10","23:30:55.04","eq","l",2.51,"l",36.07717,-117.83967,2,"A",38524775,75,2991,2019-07-10 23:30:55.04
"2019/07/10","23:33:43.63","eq","l",2.94,"l",35.35833,-117.90017,1.8,"A",38524815,62,3302,2019-07-10 23:33:43.63
"2019/07/10","23:34:13.69","eq","l",2.61,"l",35.67383,-117.51967,9.4,"A",38524823,59,3037,2019-07-10 23:34:13.69
"2019/07/10","23:35:43.53","eq","l",3.01,"l",35.95617,-117.281,4.8,"A",38524831,108,3275,2019-07-10 23:35:43.53
"2019/07/10","23:48:43.27","eq","l",3.29,"l",35.61817,-117.43983,6.8,"A",38524935,157,3329,2019-07-10 23:48:43.27
"2019/07/10","23:58:59.20","eq","l",3.62,"w",35.67233,-117.48917,4.4,"A",38525047,169,3344,2019-07-10 23:58:59.2
"2019/07/11","00:08:54.49","eq","l",3.05,"l",36.175,-117.88117,1.7,"A",38525143,121,3185,2019-07-11 00:08:54.49
"2019/07/11","00:10:54.85","eq","l",2.54,"l",35.57367,-117.51917,10,"A",38525167,105,3174,2019-07-11 00:10:54.85
"2019/07/11","00:11:41.62","eq","l",2.68,"l",36.15667,-117.86883,2.6,"A",38525175,90,3045,2019-07-11 00:11:41.62
"2019/07/11","00:14:37.32","eq","l",4.52,"w",36.17667,-117.884,0.9,"A",38525207,168,3351,2019-07-11 00:14:37.32
"2019/07/11","00:15:39.22","eq","l",4.37,"w",36.15367,-117.87633,2.1,"A",38525215,140,3357,2019-07-11 00:15:39.22
"2019/07/11","00:20:19.93","eq","l",3.45,"l",36.179,-117.88517,0.8,"A",38525247,118,3285,2019-07-11 00:20:19.93
"2019/07/11","00:35:44.32","eq","l",3.01,"l",35.88517,-117.71733,3.6,"A",38525407,120,3261,2019-07-11 00:35:44.32
"2019/07/11","00:42:53.27","eq","l",3.07,"l",36.17817,-117.87767,2.3,"A",38525479,104,3171,2019-07-11 00:42:53.27
"2019/07/11","00:46:09.53","eq","l",3.21,"l",36.04567,-117.72433,1.4,"A",38525495,126,3279,2019-07-11 00:46:09.53
"2019/07/11","01:14:09.99","eq","l",2.75,"l",35.87017,-117.71117,3.5,"A",38525815,92,3162,2019-07-11 01:14:09.99
"2019/07/11","01:21:50.78","eq","l",3.16,"l",36.03317,-117.85483,2.2,"A",38525895,119,3263,2019-07-11 01:21:50.78
"2019/07/11","01:25:32.92","eq","l",2.53,"l",35.89383,-117.68317,4.2,"A",38525927,79,3030,2019-07-11 01:25:32.92
"2019/07/11","02:35:22.45","eq","l",3.51,"w",35.94117,-117.721,2.4,"A",38526799,160,3322,2019-07-11 02:35:22.45
"2019/07/11","02:57:36.49","eq","l",2.77,"l",35.87167,-117.67333,8.7,"A",38527079,63,368,2019-07-11 02:57:36.49
"2019/07/11","03:19:24.59","eq","l",2.6,"l",36.1605,-117.871,2.6,"A",38527327,88,2982,2019-07-11 03:19:24.59
"2019/07/11","03:45:53.45","eq","l",2.75,"l",36.05233,-117.8475,2.5,"A",38527655,98,3068,2019-07-11 03:45:53.45
"2019/07/11","04:10:01.37","eq","l",4.3,"w",36.05633,-117.84883,2.1,"A",38527863,248,3344,2019-07-11 04:10:01.37
"2019/07/11","04:15:35.51","eq","l",2.53,"l",35.93917,-117.7235,2.9,"A",38527919,71,3005,2019-07-11 04:15:35.51
"2019/07/11","04:18:49.39","eq","l",3.45,"w",36.0595,-117.84833,2,"A",38527943,128,3296,2019-07-11 04:18:49.39
"2019/07/11","04:29:54.39","eq","l",2.93,"l",36.18,-117.8795,2.2,"A",38528039,94,3119,2019-07-11 04:29:54.39
"2019/07/11","04:32:13.23","eq","l",2.51,"l",35.67717,-117.55433,7.7,"A",38528047,82,3086,2019-07-11 04:32:13.23
"2019/07/11","04:45:31.01","eq","l",3.57,"w",35.95583,-117.27883,4.7,"A",38528167,139,3314,2019-07-11 04:45:31.01
"2019/07/11","04:46:25.21","eq","l",2.72,"l",35.955,-117.28133,5.2,"A",38528183,65,3191,2019-07-11 04:46:25.21
"2019/07/11","04:46:44.52","eq","l",2.6,"l",35.96417,-117.27733,7.8,"A",38528191,65,3145,2019-07-11 04:46:44.52
"2019/07/11","05:03:46.14","eq","l",3.55,"w",35.95383,-117.28033,4.9,"A",38528383,127,3299,2019-07-11 05:03:46.14
"2019/07/11","05:42:37.50","eq","l",2.69,"l",35.64317,-117.4865,8.7,"A",38528791,101,3191,2019-07-11 05:42:37.5
"2019/07/11","05:43:36.19","eq","l",2.8,"l",36.03383,-117.34967,3.1,"A",38528807,108,3134,2019-07-11 05:43:36.19
"2019/07/11","05:52:32.87","eq","l",2.78,"l",35.88983,-117.696,3.4,"A",38528871,100,3134,2019-07-11 05:52:32.87
"2019/07/11","07:04:05.96","eq","l",4.02,"w",36.17933,-117.883,1.5,"A",38529591,151,3323,2019-07-11 07:04:05.96
"2019/07/11","07:19:49.98","eq","l",3.53,"w",36.1795,-117.88433,2,"A",38529711,141,3281,2019-07-11 07:19:49.98
"2019/07/11","07:28:07.38","eq","l",2.87,"l",35.6095,-117.46467,9.4,"A",38529815,80,3248,2019-07-11 07:28:07.38
"2019/07/11","07:32:22.40","eq","l",2.58,"l",35.66917,-117.51,6,"A",38529847,109,3122,2019-07-11 07:32:22.4
"2019/07/11","07:55:56.46","eq","l",3.37,"l",35.66033,-117.46667,5.6,"A",38530047,147,3299,2019-07-11 07:55:56.46
"2019/07/11","08:48:02.34","eq","l",3.44,"l",35.895,-117.70517,8.5,"A",38530495,131,3290,2019-07-11 08:48:02.34
"2019/07/11","10:26:29.87","eq","l",3.48,"w",36.0465,-117.71883,1.1,"A",38531487,136,3293,2019-07-11 10:26:29.87
"2019/07/11","10:27:24.39","eq","l",3.13,"l",36.04717,-117.71717,1.4,"A",38531503,108,3236,2019-07-11 10:27:24.39
"2019/07/11","10:43:35.39","eq","l",3.55,"w",36.04417,-117.72317,1.5,"A",38531663,129,3317,2019-07-11 10:43:35.39
"2019/07/11","10:51:59.67","eq","l",2.63,"l",35.82617,-117.626,2.3,"A",38531703,99,3080,2019-07-11 10:51:59.67
"2019/07/11","10:59:45.82","eq","l",3.67,"w",35.94233,-117.37733,1.7,"A",38531775,149,3314,2019-07-11 10:59:45.82
"2019/07/11","11:16:43.24","eq","l",2.77,"l",35.71017,-117.4965,4.9,"A",38531895,115,3215,2019-07-11 11:16:43.24
"2019/07/11","11:17:27.63","eq","l",3.17,"l",36.15533,-117.8805,1.4,"A",38531903,91,3236,2019-07-11 11:17:27.63
"2019/07/11","11:36:16.60","eq","l",3.53,"w",35.618,-117.42067,4.8,"A",38532079,121,3329,2019-07-11 11:36:16.6
"2019/07/11","11:37:33.84","eq","l",2.84,"l",35.62033,-117.42317,4.4,"A",38532095,78,3257,2019-07-11 11:37:33.84
"2019/07/11","11:39:37.95","eq","l",2.71,"l",36.187,-117.89067,0.5,"A",38532119,87,3008,2019-07-11 11:39:37.95
"2019/07/11","12:07:56.16","eq","l",2.59,"l",35.54283,-117.3835,5.2,"A",38532399,100,3170,2019-07-11 12:07:56.16
"2019/07/11","12:20:04.63","eq","l",3,"l",36.08333,-117.87833,1.5,"A",38532479,98,3161,2019-07-11 12:20:04.63
"2019/07/11","12:20:42.28","eq","l",3.52,"w",35.94033,-117.38033,2.2,"A",38532487,136,3299,2019-07-11 12:20:42.28
"2019/07/11","12:21:53.18","eq","l",2.73,"l",35.93933,-117.38267,2,"A",38532503,90,3134,2019-07-11 12:21:53.18
"2019/07/11","12:54:11.37","eq","l",2.72,"l",36.17883,-117.87967,3,"A",38532823,58,3002,2019-07-11 12:54:11.37
"2019/07/11","13:13:13.51","eq","l",3.11,"l",35.81633,-117.64367,6.3,"A",38532975,139,3269,2019-07-11 13:13:13.51
"2019/07/11","14:05:51.98","eq","l",2.56,"l",35.944,-117.3725,3.3,"A",38533423,61,3026,2019-07-11 14:05:51.98
"2019/07/11","14:24:19.13","eq","l",2.52,"l",35.94083,-117.37717,2.8,"A",38533551,55,3014,2019-07-11 14:24:19.13
"2019/07/11","14:47:59.43","eq","l",2.52,"l",35.58583,-117.35583,4.8,"A",38533759,85,3156,2019-07-11 14:47:59.43
"2019/07/11","15:16:12.66","eq","l",2.75,"l",35.932,-117.6785,3.6,"A",38534095,94,3126,2019-07-11 15:16:12.66
"2019/07/11","15:22:51.54","eq","l",2.66,"l",36.153,-117.8745,2.5,"A",38534167,102,3060,2019-07-11 15:22:51.54
"2019/07/11","15:32:52.26","eq","l",3.87,"w",36.1565,-117.87683,2.3,"A",38534255,149,3330,2019-07-11 15:32:52.26
"2019/07/11","15:51:06.40","eq","l",3.31,"l",36.18283,-117.88133,1.6,"A",38534415,122,3285,2019-07-11 15:51:06.4
"2019/07/11","16:19:08.76","eq","l",3.72,"w",36.18233,-117.88417,1,"A",38534591,133,3315,2019-07-11 16:19:08.76
"2019/07/11","16:41:08.50","eq","l",3.53,"w",35.70333,-117.50617,2.5,"A",38534735,164,3336,2019-07-11 16:41:08.5
"2019/07/11","17:23:24.92","eq","l",2.62,"l",35.93683,-117.6895,2.8,"A",38535135,61,3093,2019-07-11 17:23:24.92
"2019/07/11","17:31:04.06","eq","l",3.1,"l",35.95883,-117.48017,1.9,"A",38535183,113,3285,2019-07-11 17:31:04.06
"2019/07/11","17:47:53.48","eq","l",2.6,"l",35.86567,-117.741,8.9,"A",38535359,86,3090,2019-07-11 17:47:53.48
"2019/07/11","18:12:25.80","eq","l",2.53,"l",35.95817,-117.47417,1.5,"A",38535535,76,3017,2019-07-11 18:12:25.8
"2019/07/11","19:07:33.85","eq","l",2.58,"l",36.18733,-117.879,2,"A",38536071,102,3021,2019-07-11 19:07:33.85
"2019/07/11","19:13:33.21","eq","l",2.64,"l",36.04533,-117.71683,1.7,"A",38536159,56,3051,2019-07-11 19:13:33.21
"2019/07/11","19:14:57.41","eq","l",2.7,"l",35.94533,-117.373,3,"A",38536167,83,3141,2019-07-11 19:14:57.41
"2019/07/11","19:50:54.04","eq","l",2.77,"l",35.85267,-117.67217,8.7,"A",38536527,88,3183,2019-07-11 19:50:54.04
"2019/07/11","21:36:39.48","eq","l",2.67,"l",35.72817,-117.54717,8.1,"A",38537591,73,3187,2019-07-11 21:36:39.48
"2019/07/11","21:42:43.38","eq","l",2.54,"l",36.19117,-117.891,1.6,"A",38537679,62,2964,2019-07-11 21:42:43.38
"2019/07/11","22:37:57.21","eq","l",2.65,"l",36.18617,-117.88833,1.4,"A",38538263,59,3021,2019-07-11 22:37:57.21
"2019/07/11","22:50:28.25","eq","l",2.51,"l",35.87467,-117.6985,5.2,"A",38538375,80,1300,2019-07-11 22:50:28.25
"2019/07/11","23:21:12.66","eq","l",2.57,"l",36.18283,-117.89083,1,"A",38538751,59,3004,2019-07-11 23:21:12.66
"2019/07/11","23:37:27.31","eq","l",2.96,"l",35.93533,-117.74467,2.1,"A",38538911,118,3277,2019-07-11 23:37:27.31
"2019/07/11","23:45:18.67","eq","l",4.14,"w",35.95,-117.703,4.3,"A",38538991,164,3405,2019-07-11 23:45:18.67
"2019/07/11","23:47:01.44","eq","l",2.57,"l",35.55267,-117.32833,6.1,"A",38538999,72,3228,2019-07-11 23:47:01.44
"2019/07/11","23:51:08.98","eq","l",3.46,"l",35.53967,-117.38633,5,"A",38539031,147,3372,2019-07-11 23:51:08.98
"2019/07/11","23:52:32.22","eq","l",3.64,"w",35.94633,-117.6985,4.8,"A",38539039,144,3372,2019-07-11 23:52:32.22
"2019/07/12","00:08:06.69","eq","l",3.21,"l",35.94483,-117.37267,2.7,"A",38539215,136,3333,2019-07-12 00:08:06.69
"2019/07/12","01:24:08.76","eq","l",2.89,"l",36.03167,-117.348,3.9,"A",38540023,106,3239,2019-07-12 01:24:08.76
"2019/07/12","02:18:30.09","eq","l",3.65,"w",36.1815,-117.88433,1.5,"A",38540647,137,3342,2019-07-12 02:18:30.09
"2019/07/12","02:24:38.62","eq","l",2.51,"l",35.68533,-117.5475,5.2,"A",38540687,78,3116,2019-07-12 02:24:38.62
"2019/07/12","02:45:22.63","eq","l",2.61,"l",36.189,-117.88133,1.9,"A",38540879,71,3026,2019-07-12 02:45:22.63
"2019/07/12","03:26:23.51","eq","l",3.05,"l",35.86817,-117.70433,5.6,"A",38541351,110,3290,2019-07-12 03:26:23.51
"2019/07/12","03:27:53.69","eq","l",3.94,"w",35.9395,-117.37883,1.9,"A",38541359,154,3359,2019-07-12 03:27:53.69
"2019/07/12","03:32:17.42","eq","l",3.21,"l",35.88817,-117.724,4.9,"A",38541391,146,3308,2019-07-12 03:32:17.42
"2019/07/12","04:11:59.86","eq","l",3.24,"l",36.183,-117.8855,1.9,"A",38541743,134,3275,2019-07-12 04:11:59.86
"2019/07/12","04:30:14.53","eq","l",2.94,"l",35.69617,-117.5245,8.2,"A",38541847,132,3302,2019-07-12 04:30:14.53
"2019/07/12","04:46:24.17","eq","l",2.64,"l",35.94167,-117.3745,1.9,"A",38542039,94,3101,2019-07-12 04:46:24.17
"2019/07/12","05:59:00.43","eq","l",2.54,"l",36.07517,-117.84283,1.8,"A",38542959,70,3009,2019-07-12 05:59:00.43
"2019/07/12","06:49:05.39","eq","l",2.76,"l",35.61883,-117.419,6.5,"A",38543543,81,3269,2019-07-12 06:49:05.39
"2019/07/12","07:37:19.12","eq","l",2.52,"l",35.67583,-117.528,9.5,"A",37344940,89,3125,2019-07-12 07:37:19.12
"2019/07/12","07:55:00.18","eq","l",2.69,"l",36.20383,-117.8965,1.9,"A",38544303,53,3047,2019-07-12 07:55:00.18
"2019/07/12","07:56:02.97","eq","l",3.03,"l",35.5485,-117.3745,4.8,"A",38544311,137,3332,2019-07-12 07:56:02.97
"2019/07/12","07:56:25.62","eq","l",2.74,"l",35.7085,-117.52683,10.4,"A",38544319,65,3263,2019-07-12 07:56:25.62
"2019/07/12","09:27:56.98","eq","l",2.77,"l",35.6635,-117.46667,10.3,"A",38545455,97,3257,2019-07-12 09:27:56.98
"2019/07/12","11:00:52.82","eq","l",2.51,"l",35.8575,-117.699,6,"A",38546639,89,3017,2019-07-12 11:00:52.82
"2019/07/12","11:02:09.01","eq","l",2.91,"l",35.70367,-117.54633,4.5,"A",38546663,91,3275,2019-07-12 11:02:09.01
"2019/07/12","12:24:33.72","eq","l",2.53,"l",36.19983,-117.89,1.8,"A",38547759,66,2957,2019-07-12 12:24:33.72
"2019/07/12","13:00:15.53","eq","l",2.57,"l",35.941,-117.69967,3.7,"A",38548143,68,3028,2019-07-12 13:00:15.53
"2019/07/12","13:11:37.99","eq","l",4.9,"w",35.63683,-117.58617,9.5,"A",38548295,217,3367,2019-07-12 13:11:37.99
"2019/07/12","13:12:11.93","eq","l",3.49,"lr",35.629,-117.597,9.4,"A",37266364,38,3346,2019-07-12 13:12:11.93
"2019/07/12","13:12:22.02","eq","l",3.22,"l",35.63917,-117.5825,9.8,"A",37266372,30,3319,2019-07-12 13:12:22.02
"2019/07/12","13:12:44.26","eq","l",2.96,"l",35.63033,-117.58617,9.3,"A",37266380,33,3304,2019-07-12 13:12:44.26
"2019/07/12","13:13:19.22","eq","l",2.86,"l",35.63833,-117.5845,10.4,"A",38548311,69,3277,2019-07-12 13:13:19.22
"2019/07/12","13:13:33.96","eq","l",2.69,"l",35.62983,-117.5965,9.3,"A",38548319,28,3271,2019-07-12 13:13:33.96
"2019/07/12","16:17:22.85","eq","l",2.75,"l",35.52783,-117.4875,7.1,"A",38550119,80,3288,2019-07-12 16:17:22.85
"2019/07/12","16:42:41.65","eq","l",2.71,"l",35.71617,-117.55967,6.6,"A",38550319,83,3225,2019-07-12 16:42:41.65
"2019/07/12","18:02:01.97","eq","l",2.6,"l",35.57283,-117.35633,3.3,"A",38551111,93,3227,2019-07-12 18:02:01.97
"2019/07/12","19:15:30.56","eq","l",2.81,"l",35.927,-117.70717,3.8,"A",38551727,91,3207,2019-07-12 19:15:30.56
"2019/07/12","19:57:59.66","eq","l",2.85,"l",35.95783,-117.74567,1.8,"A",38552039,77,3194,2019-07-12 19:57:59.66
"2019/07/12","20:33:26.05","eq","l",2.53,"l",35.82317,-117.64517,2.1,"A",38552239,84,3092,2019-07-12 20:33:26.05
"2019/07/12","20:47:32.06","eq","l",2.65,"l",36.10367,-117.82317,2.2,"A",38552295,90,3062,2019-07-12 20:47:32.06
"2019/07/12","23:23:38.83","eq","l",3.18,"l",35.6855,-117.52183,8,"A",38553255,146,3341,2019-07-12 23:23:38.83
"2019/07/12","23:33:09.45","eq","l",2.5,"l",35.63283,-117.54833,6,"A",38553303,92,3136,2019-07-12 23:33:09.45
"2019/07/13","00:36:16.70","eq","l",2.66,"l",35.76033,-117.58867,4.2,"A",37471037,76,3180,2019-07-13 00:36:16.7
"2019/07/13","01:10:11.80","eq","l",2.59,"l",35.9145,-117.72067,8.7,"A",38553895,77,3106,2019-07-13 01:10:11.8
"2019/07/13","01:16:52.48","eq","l",3.28,"l",35.75183,-117.56733,8.8,"A",38553919,159,3351,2019-07-13 01:16:52.48
"2019/07/13","02:06:22.66","eq","l",2.52,"l",35.72183,-117.56017,10.7,"A",38554295,93,3119,2019-07-13 02:06:22.66
"2019/07/13","02:47:44.24","eq","l",2.8,"l",35.66267,-117.54,9.2,"A",38554623,91,3269,2019-07-13 02:47:44.24
"2019/07/13","03:39:41.17","eq","l",2.52,"l",35.93183,-117.70317,4.2,"A",38554943,74,3021,2019-07-13 03:39:41.17
"2019/07/13","04:03:09.60","eq","l",2.72,"l",35.6925,-117.53083,9.7,"A",38555079,97,3228,2019-07-13 04:03:09.6
"2019/07/13","06:12:17.34","eq","l",2.94,"l",35.668,-117.4785,8.3,"A",38555951,138,3309,2019-07-13 06:12:17.34
"2019/07/13","06:24:44.71","eq","l",2.9,"l",35.7835,-117.56967,10.8,"A",38556047,92,3276,2019-07-13 06:24:44.71
"2019/07/13","07:10:30.51","eq","l",2.55,"l",35.86717,-117.68383,8.2,"A",38556391,92,3063,2019-07-13 07:10:30.51
"2019/07/13","07:40:04.07","eq","l",2.55,"l",35.65317,-117.54433,7.4,"A",38556607,93,3171,2019-07-13 07:40:04.07
"2019/07/13","08:19:31.01","eq","l",2.65,"l",35.86067,-117.68683,9.7,"A",38556887,92,3126,2019-07-13 08:19:31.01
"2019/07/13","10:25:19.03","eq","l",3.83,"w",35.94217,-117.37367,3.1,"A",38557895,150,3357,2019-07-13 10:25:19.03
"2019/07/13","10:26:12.97","eq","l",2.6,"l",35.59983,-117.40833,8.6,"A",38557903,72,3273,2019-07-13 10:26:12.97
"2019/07/13","11:15:22.68","eq","l",2.92,"l",35.87383,-117.67867,5.6,"A",38558135,111,3264,2019-07-13 11:15:22.68
"2019/07/13","11:22:38.59","eq","l",2.92,"l",35.86367,-117.6865,8.6,"A",38558175,109,3252,2019-07-13 11:22:38.59
"2019/07/13","11:42:27.49","eq","l",2.57,"l",36.08483,-117.82167,2.9,"A",38558271,89,2988,2019-07-13 11:42:27.49
"2019/07/13","11:45:20.98","eq","l",3.16,"l",35.63483,-117.429,4.7,"A",38558295,148,3333,2019-07-13 11:45:20.98
"2019/07/13","12:44:25.81","eq","l",3.08,"l",35.9275,-117.694,4.5,"A",38558607,121,3279,2019-07-13 12:44:25.81
"2019/07/13","14:21:54.35","eq","l",2.53,"l",35.66383,-117.47483,2.9,"A",38559191,88,3123,2019-07-13 14:21:54.35
"2019/07/13","14:34:41.54","eq","l",3.17,"l",35.917,-117.6705,3.5,"A",38559263,116,3319,2019-07-13 14:34:41.54
"2019/07/13","14:54:30.43","eq","l",3.2,"l",35.60833,-117.41667,8.7,"A",38559367,141,3358,2019-07-13 14:54:30.43
"2019/07/13","15:35:32.18","eq","l",2.83,"l",35.5985,-117.43167,7.6,"A",38559615,98,3304,2019-07-13 15:35:32.18
"2019/07/13","18:14:34.49","eq","l",2.74,"l",36.20567,-117.8815,0.9,"A",38560551,69,3060,2019-07-13 18:14:34.49
"2019/07/13","18:24:47.68","eq","l",2.55,"l",36.11217,-117.83967,2.6,"A",38560631,50,2995,2019-07-13 18:24:47.68
"2019/07/13","18:25:08.41","eq","l",2.79,"l",35.7095,-117.59117,7.5,"A",38560639,89,3249,2019-07-13 18:25:08.41
"2019/07/13","19:06:15.51","eq","l",3.34,"l",35.69417,-117.535,9.2,"A",38560831,175,3373,2019-07-13 19:06:15.51
"2019/07/13","20:41:00.26","eq","l",2.55,"l",35.67333,-117.56467,7.2,"A",38561247,87,3156,2019-07-13 20:41:00.26
"2019/07/13","22:05:12.40","eq","l",3.08,"l",35.52433,-117.38,8.4,"A",38561631,133,3348,2019-07-13 22:05:12.4
"2019/07/13","22:58:40.48","eq","l",3.49,"lr",35.6865,-117.5435,5.4,"A",38561839,155,3372,2019-07-13 22:58:40.48
"2019/07/13","23:03:35.85","eq","l",3.24,"l",35.93633,-117.69633,3.5,"A",38561855,142,3339,2019-07-13 23:03:35.85
"2019/07/13","23:11:51.28","eq","l",2.79,"l",35.5855,-117.358,4.7,"A",38561879,103,3306,2019-07-13 23:11:51.28
"2019/07/14","00:43:06.12","eq","l",2.55,"l",36.18733,-117.88983,2.4,"A",38562239,61,3003,2019-07-14 00:43:06.12
"2019/07/14","02:28:17.65","eq","l",2.68,"l",35.7885,-117.61383,5.2,"A",38562719,85,3185,2019-07-14 02:28:17.65
"2019/07/14","03:40:35.70","eq","l",2.5,"l",35.8785,-117.6885,8.8,"A",38563167,79,3027,2019-07-14 03:40:35.7
"2019/07/14","03:48:50.42","eq","l",2.73,"l",35.6005,-117.432,2.6,"A",38563263,84,3243,2019-07-14 03:48:50.42
"2019/07/14","05:26:24.30","eq","l",3.09,"l",35.97517,-117.669,3,"A",38563839,127,3285,2019-07-14 05:26:24.3
"2019/07/14","05:35:33.14","eq","l",2.7,"l",35.62567,-117.43467,3.9,"A",38563879,80,3249,2019-07-14 05:35:33.14
"2019/07/14","05:35:40.06","eq","l",2.63,"l",35.62817,-117.434,3.5,"A",37479469,31,3216,2019-07-14 05:35:40.06
"2019/07/14","06:03:17.28","eq","l",3.4,"l",35.97817,-117.668,3,"A",38564023,154,3323,2019-07-14 06:03:17.28
"2019/07/14","06:06:39.28","eq","l",3.36,"l",35.8865,-117.72033,4.6,"A",38564031,141,3314,2019-07-14 06:06:39.28
"2019/07/14","06:34:15.37","eq","l",2.62,"l",35.90717,-117.6555,3.2,"A",38564143,70,3084,2019-07-14 06:34:15.37
"2019/07/14","07:07:52.68","eq","l",2.69,"l",35.9135,-117.66433,9.4,"A",38564247,85,3114,2019-07-14 07:07:52.68
"2019/07/14","07:46:23.46","eq","l",2.52,"l",35.97667,-117.67117,2.9,"A",38564423,71,3039,2019-07-14 07:46:23.46
"2019/07/14","08:13:58.96","eq","l",2.69,"l",35.68317,-117.51367,9.1,"A",38564551,88,3219,2019-07-14 08:13:58.96
"2019/07/14","11:00:08.69","eq","l",3.26,"l",36.19517,-117.89367,1.4,"A",38565431,134,3261,2019-07-14 11:00:08.69
"2019/07/14","11:13:23.91","eq","l",2.56,"l",35.65367,-117.49317,8.5,"A",38565471,90,3153,2019-07-14 11:13:23.91
"2019/07/14","11:46:10.93","eq","l",2.78,"l",35.78233,-117.61767,6.8,"A",38565567,95,3225,2019-07-14 11:46:10.93
"2019/07/14","12:27:03.88","eq","l",3.1,"l",35.66033,-117.49033,2.7,"A",38565791,133,3321,2019-07-14 12:27:03.88
"2019/07/14","12:29:33.71","eq","l",3.1,"l",35.33633,-117.91333,6.9,"A",38565815,147,3318,2019-07-14 12:29:33.71
"2019/07/14","12:54:26.41","eq","l",2.86,"l",35.92717,-117.667,3.1,"A",38565935,96,3210,2019-07-14 12:54:26.41
"2019/07/14","14:00:17.24","eq","l",3.05,"l",35.5935,-117.3865,6.6,"A",38566311,148,3315,2019-07-14 14:00:17.24
"2019/07/14","16:51:13.68","eq","l",2.58,"l",36.18333,-117.88633,1.9,"A",38567391,66,3001,2019-07-14 16:51:13.68
"2019/07/14","19:01:51.44","eq","l",2.51,"l",36.165,-117.86667,1.2,"A",37421669,66,2944,2019-07-14 19:01:51.44
"2019/07/14","20:37:06.64","eq","l",3.14,"l",35.76417,-117.579,6.3,"A",38568471,119,3318,2019-07-14 20:37:06.64
"2019/07/14","20:40:15.74","eq","l",3.36,"l",36.10467,-117.881,1,"A",38568511,123,3297,2019-07-14 20:40:15.74
"2019/07/14","22:01:46.13","eq","l",2.55,"l",35.621,-117.438,7.3,"C",38568903,67,3162,2019-07-14 22:01:46.13
"2019/07/14","22:01:49.00","eq","l",2.59,"l",35.62433,-117.43333,2.1,"A",37479421,25,3201,2019-07-14 22:01:49
"2019/07/14","22:22:28.83","eq","l",2.93,"l",35.6145,-117.46467,2.9,"A",38568991,94,3306,2019-07-14 22:22:28.83
"2019/07/14","22:38:05.78","eq","l",3.4,"l",35.59417,-117.38117,6.1,"A",38569055,105,3345,2019-07-14 22:38:05.78
"2019/07/14","23:15:55.07","eq","l",2.96,"l",36.0915,-117.86183,5.3,"A",38569191,128,3180,2019-07-14 23:15:55.07
"2019/07/15","00:16:18.06","eq","l",2.55,"l",35.69283,-117.55017,4,"A",38569463,86,3123,2019-07-15 00:16:18.06
"2019/07/15","00:35:36.92","eq","l",2.67,"l",36.07883,-117.87883,2.5,"A",38569583,73,3045,2019-07-15 00:35:36.92
"2019/07/15","02:54:39.63","eq","l",3.64,"w",35.66433,-117.5035,9.2,"A",38570271,144,3351,2019-07-15 02:54:39.63
"2019/07/15","03:12:42.28","eq","l",2.5,"l",35.6305,-117.434,4.4,"A",38570351,76,3119,2019-07-15 03:12:42.28
"2019/07/15","04:14:38.89","eq","l",2.66,"l",35.7245,-117.528,10,"A",38570711,83,3167,2019-07-15 04:14:38.89
"2019/07/15","04:55:56.37","eq","l",3.07,"l",35.61767,-117.60017,8.8,"A",38570919,136,3293,2019-07-15 04:55:56.37
"2019/07/15","06:39:55.78","eq","l",3.33,"l",35.371,-117.84217,4,"A",38571423,156,3312,2019-07-15 06:39:55.78
"2019/07/15","07:14:01.24","eq","l",2.93,"l",35.91517,-117.68017,2.7,"A",38571639,97,3225,2019-07-15 07:14:01.24
"2019/07/15","08:10:58.51","eq","l",2.67,"l",35.67167,-117.50783,9.9,"A",38571887,98,3201,2019-07-15 08:10:58.51
"2019/07/15","08:38:45.24","eq","l",4.21,"w",36.056,-117.85067,2.3,"A",38572055,169,3362,2019-07-15 08:38:45.24
"2019/07/15","08:42:10.02","eq","l",2.74,"l",36.054,-117.85467,2.1,"A",38572063,90,3077,2019-07-15 08:42:10.02
"2019/07/15","10:18:36.61","eq","l",2.88,"l",35.926,-117.71917,2.7,"A",38572695,91,3204,2019-07-15 10:18:36.61
"2019/07/15","10:29:10.39","eq","l",2.87,"l",35.68483,-117.47983,8.2,"A",38572735,96,3255,2019-07-15 10:29:10.39
"2019/07/15","10:39:32.77","eq","l",2.62,"l",35.92917,-117.71283,2.7,"A",38572791,85,3068,2019-07-15 10:39:32.77
"2019/07/15","11:58:14.33","eq","l",2.66,"l",36.06733,-117.84717,2.4,"A",38573175,78,3038,2019-07-15 11:58:14.33
"2019/07/15","12:25:45.00","eq","l",2.88,"l",36.10483,-117.90633,3.2,"A",38573335,114,3120,2019-07-15 12:25:45
"2019/07/15","12:38:14.23","eq","l",2.58,"l",35.92933,-117.702,3.6,"A",38573423,86,3021,2019-07-15 12:38:14.23
"2019/07/15","13:29:35.27","eq","l",2.78,"l",36.06483,-117.8455,2.3,"A",38573671,89,3093,2019-07-15 13:29:35.27
"2019/07/15","14:13:57.24","eq","l",2.68,"l",36.108,-117.84517,4.6,"A",38573879,81,3021,2019-07-15 14:13:57.24
"2019/07/15","14:54:20.01","eq","l",2.65,"l",36.08,-117.8865,1.2,"A",38574143,67,3031,2019-07-15 14:54:20.01
"2019/07/15","15:43:36.55","eq","l",3.61,"w",35.67017,-117.41417,8.4,"A",38574407,148,3361,2019-07-15 15:43:36.55
"2019/07/15","16:06:10.41","eq","l",2.88,"l",35.7425,-117.50917,3.6,"A",38574551,88,3283,2019-07-15 16:06:10.41
"2019/07/15","18:34:00.06","eq","l",2.71,"l",36.05917,-117.84783,2.8,"A",38575431,57,3066,2019-07-15 18:34:00.06
"2019/07/15","18:34:49.13","eq","l",3.05,"l",35.90567,-117.692,2.8,"A",38575455,120,3291,2019-07-15 18:34:49.13
"2019/07/15","18:35:18.09","eq","l",2.62,"l",36.10717,-117.84633,5.2,"A",38575447,34,3066,2019-07-15 18:35:18.09
"2019/07/15","19:14:51.56","eq","l",2.56,"l",35.95,-117.4845,2.2,"A",38575655,85,3064,2019-07-15 19:14:51.56
"2019/07/15","20:21:19.25","eq","l",2.73,"l",36.06217,-117.85517,1.8,"A",38575967,82,3093,2019-07-15 20:21:19.25
"2019/07/15","20:30:45.88","eq","l",2.62,"l",36.12667,-117.82917,2.6,"A",38576015,70,3034,2019-07-15 20:30:45.88
"2019/07/15","21:13:55.75","eq","l",3.22,"l",35.67233,-117.52333,8.2,"A",38576223,140,3345,2019-07-15 21:13:55.75
"2019/07/15","21:29:53.01","eq","l",3.69,"w",35.6785,-117.506,9.2,"A",38576311,158,3387,2019-07-15 21:29:53.01
"2019/07/15","21:50:40.93","eq","l",2.72,"l",35.96367,-117.28033,3.2,"A",38576447,86,3156,2019-07-15 21:50:40.93
"2019/07/16","00:26:09.51","eq","l",2.86,"l",36.023,-117.32383,1.9,"A",38577167,96,3210,2019-07-16 00:26:09.51
"2019/07/16","00:50:22.04","eq","l",3.12,"l",35.94467,-117.70067,3,"A",38577303,130,3301,2019-07-16 00:50:22.04
"2019/07/16","01:05:07.53","eq","l",2.68,"l",35.94683,-117.70367,2.6,"A",38577391,84,3111,2019-07-16 01:05:07.53
"2019/07/16","02:35:52.60","eq","l",3.05,"l",35.86833,-117.70067,7.7,"A",38577799,129,3282,2019-07-16 02:35:52.6
"2019/07/16","02:47:05.04","eq","l",3.8,"w",35.63233,-117.432,5,"A",38577831,156,3378,2019-07-16 02:47:05.04
"2019/07/16","02:56:07.08","eq","l",2.5,"l",36.09083,-117.83517,1.8,"A",38577871,63,2983,2019-07-16 02:56:07.08
"2019/07/16","03:12:09.98","eq","l",2.86,"l",36.199,-117.895,1.4,"A",38577951,81,3116,2019-07-16 03:12:09.98
"2019/07/16","03:32:11.62","eq","l",3.21,"l",35.8515,-117.6755,8.1,"A",38578055,122,3321,2019-07-16 03:32:11.62
"2019/07/16","03:35:48.79","eq","l",2.8,"l",35.66267,-117.45167,10.3,"A",38578079,96,3276,2019-07-16 03:35:48.79
"2019/07/16","04:15:45.15","eq","l",2.51,"l",35.80233,-117.62333,6,"A",38578255,98,3066,2019-07-16 04:15:45.15
"2019/07/16","04:27:34.82","eq","l",2.59,"l",35.94633,-117.70067,3.8,"A",38578311,88,3027,2019-07-16 04:27:34.82
"2019/07/16","04:52:28.24","eq","l",2.96,"l",35.87517,-117.6795,4.7,"A",38578439,113,3258,2019-07-16 04:52:28.24
"2019/07/16","05:26:52.66","eq","l",3.55,"l",35.79233,-117.6235,3,"A",38578567,135,3357,2019-07-16 05:26:52.66
"2019/07/16","07:51:09.78","eq","l",2.89,"l",35.67683,-117.537,9.8,"A",38579271,113,3272,2019-07-16 07:51:09.78
"2019/07/16","08:39:46.97","eq","l",2.62,"l",35.58583,-117.6145,7.9,"A",38579511,90,3186,2019-07-16 08:39:46.97
"2019/07/16","08:42:27.97","eq","l",2.66,"l",35.54633,-117.38367,5.1,"A",38579535,93,3213,2019-07-16 08:42:27.97
"2019/07/16","09:42:12.78","eq","l",2.53,"l",35.94417,-117.67383,3.3,"A",38579807,81,3027,2019-07-16 09:42:12.78
"2019/07/16","09:42:34.54","eq","l",2.76,"l",35.79217,-117.6225,3.1,"A",38579815,94,3204,2019-07-16 09:42:34.54
"2019/07/16","10:52:32.65","eq","l",3.48,"lr",35.599,-117.37183,5.5,"A",38580111,133,3354,2019-07-16 10:52:32.65
"2019/07/16","10:57:49.91","eq","l",2.6,"l",35.57283,-117.44283,4.1,"A",38580143,88,3192,2019-07-16 10:57:49.91
"2019/07/16","13:16:17.40","eq","l",2.61,"l",35.63433,-117.42933,4.4,"A",38580903,82,3198,2019-07-16 13:16:17.4
"2019/07/16","13:16:50.20","eq","l",3.2,"l",35.65867,-117.47317,4.6,"A",38580911,125,3336,2019-07-16 13:16:50.2
"2019/07/16","14:02:10.75","eq","l",2.64,"l",36.12183,-117.828,3.5,"A",38581239,85,3022,2019-07-16 14:02:10.75
"2019/07/16","14:38:46.05","eq","l",3.46,"l",35.98583,-117.412,1.3,"A",38581455,126,3355,2019-07-16 14:38:46.05
"2019/07/16","15:57:04.41","eq","l",2.96,"l",36.10183,-117.824,2.3,"A",38581959,108,3199,2019-07-16 15:57:04.41
"2019/07/16","15:59:52.02","eq","l",2.94,"l",35.8055,-117.6255,5.6,"A",38581967,115,3301,2019-07-16 15:59:52.02
"2019/07/16","17:05:44.95","eq","l",2.9,"l",36.20217,-117.89817,0.3,"A",38582311,86,3157,2019-07-16 17:05:44.95
"2019/07/16","18:36:26.71","eq","l",2.71,"l",35.73833,-117.55867,8.7,"A",38582815,97,3240,2019-07-16 18:36:26.71
"2019/07/16","19:01:00.81","eq","l",2.51,"l",35.68017,-117.53917,5.7,"A",38582951,88,3123,2019-07-16 19:01:00.81
"2019/07/16","19:11:48.97","eq","l",2.54,"l",36.02333,-117.8695,2.3,"A",38583015,86,3023,2019-07-16 19:11:48.97
"2019/07/16","19:23:50.12","eq","l",2.72,"l",36.18933,-117.89133,1.6,"A",38583095,86,3045,2019-07-16 19:23:50.12
"2019/07/16","20:15:36.78","eq","l",4.47,"w",35.78367,-117.61433,3.6,"A",38583335,188,3411,2019-07-16 20:15:36.78
"2019/07/16","20:15:59.02","eq","l",3.54,"lr",35.67767,-117.5155,7.6,"A",37421757,59,3375,2019-07-16 20:15:59.02
"2019/07/16","20:17:51.59","eq","l",2.57,"l",35.5505,-117.429,3.1,"A",37421765,66,3294,2019-07-16 20:17:51.59
"2019/07/16","21:06:21.42","eq","l",3.05,"l",35.87783,-117.69067,7.5,"A",38583551,114,3307,2019-07-16 21:06:21.42
"2019/07/16","22:38:43.16","eq","l",2.66,"l",35.77467,-117.58617,3.3,"A",38583991,103,3192,2019-07-16 22:38:43.16
"2019/07/16","22:50:40.77","eq","l",2.6,"l",36.0655,-117.837,1.9,"A",38584079,75,3045,2019-07-16 22:50:40.77
"2019/07/17","00:53:16.16","eq","l",3.32,"l",35.621,-117.435,7.6,"A",38584607,128,3365,2019-07-17 00:53:16.16
"2019/07/17","01:06:11.61","eq","l",2.62,"l",35.86167,-117.68833,6.6,"A",38584663,95,3114,2019-07-17 01:06:11.61
"2019/07/17","01:47:24.79","eq","l",3.11,"l",35.62383,-117.47533,8.2,"A",38584855,107,3346,2019-07-17 01:47:24.79
"2019/07/17","02:29:07.38","eq","l",4.37,"w",36.116,-117.884,5.3,"A",38585023,173,3393,2019-07-17 02:29:07.38
"2019/07/17","02:29:32.47","eq","l",3.3,"l",36.11717,-117.89183,7,"A",37267164,18,3306,2019-07-17 02:29:32.47
"2019/07/17","02:30:50.65","eq","l",2.73,"l",36.1155,-117.88633,5.8,"A",38585039,40,3098,2019-07-17 02:30:50.65
"2019/07/17","02:35:27.43","eq","l",3.07,"l",36.11933,-117.887,4.7,"A",38585055,109,3212,2019-07-17 02:35:27.43
"2019/07/17","02:36:29.91","eq","l",3.22,"l",36.1145,-117.88467,4.8,"A",38585063,112,3275,2019-07-17 02:36:29.91
"2019/07/17","03:08:29.01","eq","l",2.66,"l",35.68483,-117.53317,8.8,"A",38585215,94,3222,2019-07-17 03:08:29.01
"2019/07/17","03:22:49.53","eq","l",3.1,"l",36.118,-117.88483,4.9,"A",38585303,117,3249,2019-07-17 03:22:49.53
"2019/07/17","03:23:27.93","eq","l",3.48,"lr",36.11867,-117.89,4.2,"A",38585311,138,3336,2019-07-17 03:23:27.93
"2019/07/17","03:45:58.85","eq","l",2.91,"l",36.12083,-117.8865,5.3,"A",38585423,116,3159,2019-07-17 03:45:58.85
"2019/07/17","05:16:02.39","eq","l",2.74,"l",35.61667,-117.41933,3.9,"A",37349724,35,3264,2019-07-17 05:16:02.39
"2019/07/17","05:49:52.20","eq","l",3.11,"l",35.85583,-117.684,4.1,"A",38586063,139,3293,2019-07-17 05:49:52.2
"2019/07/17","09:46:06.54","eq","l",2.57,"l",35.64783,-117.45467,2.6,"A",38587239,92,3162,2019-07-17 09:46:06.54
"2019/07/17","12:11:09.95","eq","l",2.67,"l",35.67067,-117.41517,8.5,"A",38588111,94,3230,2019-07-17 12:11:09.95
"2019/07/17","12:57:33.45","eq","l",3.03,"l",35.9235,-117.68167,2.5,"A",38588455,99,3266,2019-07-17 12:57:33.45
"2019/07/17","13:24:40.75","eq","l",2.69,"l",35.923,-117.68383,2.6,"A",38588591,88,3123,2019-07-17 13:24:40.75
"2019/07/17","14:48:46.94","eq","l",3.08,"l",35.6825,-117.4725,5.9,"A",38589175,113,3348,2019-07-17 14:48:46.94
"2019/07/17","15:07:20.92","eq","l",3,"l",35.89483,-117.71667,8.2,"A",38589287,113,3288,2019-07-17 15:07:20.92
"2019/07/17","15:07:26.20","eq","l",2.65,"l",35.72283,-117.48883,4,"A",37267324,27,3183,2019-07-17 15:07:26.2
"2019/07/17","15:11:50.88","eq","l",3.31,"l",35.894,-117.72,7.8,"A",38589319,129,3345,2019-07-17 15:11:50.88
"2019/07/17","15:12:00.08","eq","l",3.07,"l",35.8975,-117.71867,7.8,"A",37421821,68,3306,2019-07-17 15:12:00.08
"2019/07/17","16:46:39.53","eq","l",2.82,"l",35.875,-117.6795,5.4,"A",38589903,90,3217,2019-07-17 16:46:39.53
"2019/07/17","19:02:03.81","eq","l",2.63,"l",35.58733,-117.4175,6.1,"A",38590679,85,3213,2019-07-17 19:02:03.81
"2019/07/17","19:42:15.13","eq","l",3.61,"w",35.64983,-117.461,2.7,"A",38590903,141,3368,2019-07-17 19:42:15.13
"2019/07/17","19:42:31.60","eq","l",2.74,"l",35.6525,-117.46083,3,"A",37421845,37,3249,2019-07-17 19:42:31.6
"2019/07/17","19:54:03.75","eq","l",3.36,"l",35.9025,-117.694,2.5,"A",38590983,122,3338,2019-07-17 19:54:03.75
"2019/07/17","21:49:19.15","eq","l",3.87,"w",36.11567,-117.8385,2.4,"A",38591583,148,3370,2019-07-17 21:49:19.15
"2019/07/17","22:01:35.67","eq","l",3.35,"l",35.64583,-117.44767,5,"A",38591663,120,3372,2019-07-17 22:01:35.67
"2019/07/17","22:29:15.72","eq","l",2.58,"l",36.1145,-117.836,2.7,"A",38591847,81,3018,2019-07-17 22:29:15.72
"2019/07/17","22:41:15.31","eq","l",3.24,"l",35.37183,-117.8415,2.9,"A",38591911,147,3348,2019-07-17 22:41:15.31
"2019/07/17","23:18:51.84","eq","l",2.52,"l",35.64183,-117.47217,6.4,"A",38592095,94,3144,2019-07-17 23:18:51.84
"2019/07/18","00:46:45.98","eq","l",2.66,"l",35.8055,-117.639,1.9,"A",38592551,54,3060,2019-07-18 00:46:45.98
"2019/07/18","02:33:43.57","eq","l",3.34,"l",35.75267,-117.5775,6.8,"A",38593087,128,3336,2019-07-18 02:33:43.57
"2019/07/18","02:34:59.10","eq","l",2.59,"l",35.61983,-117.4255,4.5,"A",38593095,80,3192,2019-07-18 02:34:59.1
"2019/07/18","02:36:31.35","eq","l",2.81,"l",35.63417,-117.433,6.7,"A",38593111,95,3267,2019-07-18 02:36:31.35
"2019/07/18","03:02:37.86","eq","l",3.24,"l",35.61617,-117.45633,10.3,"A",38593247,125,3327,2019-07-18 03:02:37.86
"2019/07/18","03:05:39.34","eq","l",2.69,"l",35.63017,-117.4305,4.9,"A",38593255,91,3222,2019-07-18 03:05:39.34
"2019/07/18","03:59:14.72","eq","l",4.64,"w",36.113,-117.8875,1.6,"A",38593535,180,3372,2019-07-18 03:59:14.72
"2019/07/18","04:00:50.99","eq","l",2.85,"l",36.1175,-117.881,5.7,"A",38593551,31,3132,2019-07-18 04:00:50.99
"2019/07/18","04:01:32.26","eq","l",3.42,"l",36.11367,-117.88483,2.7,"A",38593559,101,3417,2019-07-18 04:01:32.26
"2019/07/18","04:02:08.23","eq","l",3.26,"l",36.10917,-117.883,5.1,"A",38593567,106,3285,2019-07-18 04:02:08.23
"2019/07/18","04:06:28.90","eq","l",2.69,"l",36.1115,-117.88483,7,"A",37481685,23,3036,2019-07-18 04:06:28.9
"2019/07/18","04:06:30.12","eq","l",2.72,"l",36.111,-117.87267,5.8,"A",38593583,56,3036,2019-07-18 04:06:30.12
"2019/07/18","04:15:37.92","eq","l",2.85,"l",36.10683,-117.89083,4.9,"A",38593655,84,3120,2019-07-18 04:15:37.92
"2019/07/18","05:18:11.56","eq","l",3.36,"l",36.114,-117.88183,5.4,"A",38594055,120,3279,2019-07-18 05:18:11.56
"2019/07/18","05:26:41.62","eq","l",2.54,"l",36.11433,-117.88067,5.8,"A",38594095,85,2988,2019-07-18 05:26:41.62
"2019/07/18","06:14:29.40","eq","l",3.31,"l",36.11483,-117.88933,3.9,"A",38594383,104,3282,2019-07-18 06:14:29.4
"2019/07/18","07:44:58.41","eq","l",2.8,"l",36.07967,-117.87033,4.6,"A",38594839,78,3086,2019-07-18 07:44:58.41
"2019/07/18","08:22:02.61","eq","l",3.05,"l",36.10633,-117.8925,4.1,"A",38595071,107,3206,2019-07-18 08:22:02.61
"2019/07/18","08:48:28.06","eq","l",2.68,"l",35.8935,-117.722,2.6,"A",38595231,84,3117,2019-07-18 08:48:28.06
"2019/07/18","09:57:16.76","eq","l",2.59,"l",35.56117,-117.39167,2.8,"A",38595599,92,3201,2019-07-18 09:57:16.76
"2019/07/18","11:17:47.90","eq","l",2.7,"l",35.987,-117.32667,4.8,"A",38596007,89,3101,2019-07-18 11:17:47.9
"2019/07/18","14:20:58.67","eq","l",2.73,"l",35.66217,-117.48217,5.1,"A",38597047,90,3243,2019-07-18 14:20:58.67
"2019/07/18","15:49:04.48","eq","l",2.64,"l",35.70533,-117.521,9.7,"A",38597535,91,3199,2019-07-18 15:49:04.48
"2019/07/18","16:43:37.04","eq","l",2.6,"l",35.92567,-117.68417,2.9,"A",38597815,77,3074,2019-07-18 16:43:37.04
"2019/07/18","19:27:48.77","eq","l",2.65,"l",35.80767,-117.63733,2,"A",38598623,68,3067,2019-07-18 19:27:48.77
"2019/07/18","20:16:54.96","eq","l",2.82,"l",36.10883,-117.88417,4.3,"A",38598855,46,3142,2019-07-18 20:16:54.96
"2019/07/18","21:46:37.63","eq","l",3.65,"lr",35.78417,-117.62433,5.8,"A",38599327,130,3382,2019-07-18 21:46:37.63
"2019/07/18","23:54:32.44","eq","l",2.73,"l",36.11283,-117.83583,2.4,"A",38599911,73,3082,2019-07-18 23:54:32.44
"2019/07/19","00:01:10.33","eq","l",3.16,"l",35.64967,-117.466,2.2,"A",38599935,144,3346,2019-07-19 00:01:10.33
"2019/07/19","00:19:25.09","eq","l",3.12,"l",35.91233,-117.43733,1,"A",38600023,108,3323,2019-07-19 00:19:25.09
"2019/07/19","00:22:34.65","eq","l",2.67,"l",35.83633,-117.66433,3.3,"A",37481605,107,3149,2019-07-19 00:22:34.65
"2019/07/19","02:05:12.48","eq","l",2.56,"l",35.77967,-117.625,9.1,"A",38600551,56,3058,2019-07-19 02:05:12.48
"2019/07/19","02:36:47.97","eq","l",2.61,"l",35.87367,-117.69633,7.5,"A",38600727,96,3097,2019-07-19 02:36:47.97
"2019/07/19","02:52:13.52","eq","l",3.34,"l",36.12233,-117.826,2.5,"A",38600815,105,3304,2019-07-19 02:52:13.52
"2019/07/19","04:11:06.92","eq","l",2.53,"l",35.89517,-117.684,3.1,"A",38601175,58,3028,2019-07-19 04:11:06.92
"2019/07/19","06:58:36.20","eq","l",2.61,"l",36.11867,-117.8245,2.6,"A",38602007,92,2965,2019-07-19 06:58:36.2
"2019/07/19","07:48:49.03","eq","l",2.51,"l",35.92533,-117.6835,2.5,"A",38602271,94,3019,2019-07-19 07:48:49.03
"2019/07/19","08:50:25.00","eq","l",2.68,"l",35.64533,-117.46167,3.2,"A",38602647,112,3217,2019-07-19 08:50:25
"2019/07/19","09:26:43.88","eq","l",3.06,"l",36.07417,-117.8485,2.2,"A",38602799,104,3229,2019-07-19 09:26:43.88
"2019/07/19","09:28:26.76","eq","l",2.59,"l",36.0745,-117.8465,1.7,"A",38602807,86,3022,2019-07-19 09:28:26.76
"2019/07/19","09:43:44.63","eq","l",2.53,"l",36.0745,-117.847,1.9,"A",38602911,85,2964,2019-07-19 09:43:44.63
"2019/07/19","10:20:04.39","eq","l",2.74,"l",36.19367,-117.89017,1.5,"A",38603063,73,3031,2019-07-19 10:20:04.39
"2019/07/19","10:47:05.41","eq","l",3.65,"w",35.585,-117.35767,4.6,"A",38603223,153,3361,2019-07-19 10:47:05.41
"2019/07/19","12:03:18.79","eq","l",2.6,"l",35.65617,-117.44983,7,"A",38603639,128,3202,2019-07-19 12:03:18.79
"2019/07/19","12:58:58.27","eq","l",3.23,"l",35.62367,-117.57483,7.9,"A",38603871,127,3334,2019-07-19 12:58:58.27
"2019/07/19","13:06:36.50","eq","l",2.51,"l",35.8355,-117.633,8.5,"A",38603943,108,3001,2019-07-19 13:06:36.5
"2019/07/19","13:14:26.65","eq","l",3.47,"w",35.89367,-117.68633,2.6,"A",38603967,124,3334,2019-07-19 13:14:26.65
"2019/07/19","13:52:22.02","eq","l",3.43,"w",36.10917,-117.84183,2.6,"A",38604199,98,3307,2019-07-19 13:52:22.02
"2019/07/19","16:16:58.42","eq","l",3.51,"lr",35.71517,-117.49483,4.6,"A",38605023,147,3368,2019-07-19 16:16:58.42
"2019/07/19","16:50:51.15","eq","l",2.82,"l",36.19433,-117.89317,1.1,"A",38605175,85,3085,2019-07-19 16:50:51.15
"2019/07/19","17:11:33.56","eq","l",2.57,"l",35.37833,-117.82683,3.6,"A",38605263,128,3214,2019-07-19 17:11:33.56
"2019/07/19","17:47:11.12","eq","l",2.69,"l",36.06817,-117.84567,2,"A",38605423,89,3011,2019-07-19 17:47:11.12
"2019/07/19","17:55:18.30","eq","l",2.61,"l",35.83017,-117.66133,5.1,"A",38605447,116,3112,2019-07-19 17:55:18.3
"2019/07/19","19:01:16.29","eq","l",2.54,"l",36.11183,-117.8875,3.7,"A",38605751,85,2978,2019-07-19 19:01:16.29
"2019/07/19","19:54:49.92","eq","l",2.55,"l",35.83033,-117.65767,5.7,"A",38606015,97,3088,2019-07-19 19:54:49.92
"2019/07/19","23:24:11.47","eq","l",2.96,"l",35.54267,-117.4275,3,"A",37481597,106,3340,2019-07-19 23:24:11.47
"2019/07/19","23:33:45.39","eq","l",3.47,"l",35.65117,-117.491,8.8,"A",38606951,120,3394,2019-07-19 23:33:45.39
"2019/07/20","01:21:02.88","eq","l",2.5,"l",35.836,-117.67,6.4,"A",38607375,107,3024,2019-07-20 01:21:02.88
"2019/07/20","02:35:59.99","eq","l",2.53,"l",35.909,-117.71917,7.4,"A",38607663,105,3015,2019-07-20 02:35:59.99
"2019/07/20","02:36:15.44","eq","l",2.93,"l",35.9115,-117.7225,7.5,"A",38607671,89,3234,2019-07-20 02:36:15.44
"2019/07/20","02:38:43.36","eq","l",3.67,"w",35.88283,-117.68433,5.2,"A",38607695,140,3351,2019-07-20 02:38:43.36
"2019/07/20","02:43:17.13","eq","l",2.72,"l",35.78417,-117.6205,6.7,"A",38607719,109,3192,2019-07-20 02:43:17.13
"2019/07/20","08:03:12.68","eq","l",2.84,"l",35.68717,-117.52817,7.5,"A",38609239,108,3274,2019-07-20 08:03:12.68
"2019/07/20","10:48:19.81","eq","l",2.53,"l",35.67117,-117.484,1.7,"A",38610031,91,3130,2019-07-20 10:48:19.81
"2019/07/20","13:43:46.15","eq","l",2.66,"l",35.67517,-117.46483,9.3,"A",38610879,108,3214,2019-07-20 13:43:46.15
"2019/07/20","15:35:35.56","eq","l",2.9,"l",36.08283,-117.824,4,"A",38611367,101,3187,2019-07-20 15:35:35.56
"2019/07/20","17:54:18.20","eq","l",3.38,"l",35.95017,-117.70233,4.2,"A",38612055,121,3373,2019-07-20 17:54:18.2
"2019/07/20","18:18:06.69","eq","l",2.54,"l",35.88983,-117.73183,4.7,"A",38612151,108,3073,2019-07-20 18:18:06.69
"2019/07/20","18:49:58.45","eq","l",3.54,"lr",35.874,-117.70717,9.2,"A",38612295,144,3391,2019-07-20 18:49:58.45
"2019/07/20","18:50:09.10","eq","l",2.96,"l",35.8735,-117.70617,11.1,"A",37482197,21,3301,2019-07-20 18:50:09.1
"2019/07/20","20:54:41.48","eq","l",2.72,"l",35.88433,-117.7295,7.9,"A",38612967,117,3187,2019-07-20 20:54:41.48
"2019/07/20","21:12:16.53","eq","l",3.08,"l",35.60267,-117.40667,7.4,"A",38613055,155,3379,2019-07-20 21:12:16.53
"2019/07/20","21:44:40.89","eq","l",3.31,"l",35.766,-117.58767,5.7,"A",38613175,124,3378,2019-07-20 21:44:40.89
"2019/07/20","22:26:51.41","eq","l",2.72,"l",35.68133,-117.55017,8.2,"A",38613343,111,3277,2019-07-20 22:26:51.41
"2019/07/21","00:08:38.00","eq","l",2.53,"l",35.67333,-117.544,8,"A",38613871,116,3169,2019-07-21 00:08:38
"2019/07/21","00:52:53.63","eq","l",2.53,"l",35.96367,-117.66567,3,"A",38614039,98,3073,2019-07-21 00:52:53.63
"2019/07/21","02:08:56.21","eq","l",2.55,"l",35.85683,-117.68683,7.5,"A",38614359,114,3041,2019-07-21 02:08:56.21
"2019/07/21","02:23:33.73","eq","l",3.36,"l",35.91417,-117.7345,4.2,"A",38614407,127,3351,2019-07-21 02:23:33.73
"2019/07/21","02:24:04.95","eq","l",2.67,"l",35.86083,-117.68633,8.2,"A",37422229,86,3189,2019-07-21 02:24:04.95
"2019/07/21","02:41:17.32","eq","l",3.1,"l",35.67233,-117.46517,8.8,"A",38614479,123,3360,2019-07-21 02:41:17.32
"2019/07/21","03:16:34.63","eq","l",2.57,"l",35.91533,-117.736,3.7,"A",38614599,100,3037,2019-07-21 03:16:34.63
"2019/07/21","03:34:59.29","eq","l",2.54,"l",35.917,-117.73733,3.9,"A",38614671,102,3037,2019-07-21 03:34:59.29
"2019/07/21","05:30:38.60","eq","l",3.35,"l",35.6445,-117.50317,5,"A",38615255,123,3374,2019-07-21 05:30:38.6
"2019/07/21","07:36:57.72","eq","l",2.99,"l",35.7805,-117.614,9.7,"A",38615791,96,3319,2019-07-21 07:36:57.72
"2019/07/21","10:33:47.69","eq","l",2.85,"l",35.67633,-117.50733,5,"A",38616575,104,3301,2019-07-21 10:33:47.69
"2019/07/21","10:41:37.85","eq","l",3.19,"l",35.60717,-117.47533,8.4,"A",38616607,120,3364,2019-07-21 10:41:37.85
"2019/07/21","11:56:11.49","eq","l",3.14,"l",35.6555,-117.51283,10.2,"A",38616919,137,3355,2019-07-21 11:56:11.49
"2019/07/21","14:53:23.84","eq","l",2.57,"l",35.81283,-117.63633,7.1,"A",38617775,132,3157,2019-07-21 14:53:23.84
"2019/07/21","15:50:55.94","eq","l",2.55,"l",35.60917,-117.355,3.2,"A",38618095,126,3241,2019-07-21 15:50:55.94
"2019/07/21","16:33:36.13","eq","l",2.59,"l",35.3425,-117.919,6.7,"A",38618271,135,3268,2019-07-21 16:33:36.13
"2019/07/21","17:09:22.37","eq","l",3.03,"l",35.69733,-117.542,10.3,"A",38618447,136,3358,2019-07-21 17:09:22.37
"2019/07/21","17:32:24.28","eq","l",2.51,"l",35.65,-117.50133,5,"A",38618543,119,3178,2019-07-21 17:32:24.28
"2019/07/22","00:19:35.53","eq","l",2.65,"l",35.7395,-117.519,5,"A",38620287,114,3247,2019-07-22 00:19:35.53
"2019/07/22","00:39:47.72","eq","l",2.97,"l",35.87633,-117.712,5.6,"A",38620383,125,3304,2019-07-22 00:39:47.72
"2019/07/22","09:45:10.01","eq","l",3.14,"l",35.9575,-117.713,3.9,"A",38622679,122,3297,2019-07-22 09:45:10.01
"2019/07/22","10:13:44.80","eq","l",2.76,"l",35.80983,-117.6355,6.1,"A",38622775,125,3189,2019-07-22 10:13:44.8
"2019/07/22","12:42:48.45","eq","l",2.5,"l",36.11033,-117.883,4,"A",38623439,86,2920,2019-07-22 12:42:48.45
"2019/07/22","13:29:20.87","eq","l",2.87,"l",36.08117,-117.85183,2.2,"A",38623663,120,3147,2019-07-22 13:29:20.87
"2019/07/22","16:31:06.87","eq","l",2.72,"l",35.5335,-117.358,9.1,"A",38624647,104,3310,2019-07-22 16:31:06.87
"2019/07/22","18:31:20.94","eq","l",3,"l",35.8515,-117.66067,5.7,"A",38625223,163,3337,2019-07-22 18:31:20.94
"2019/07/22","20:12:27.51","eq","l",2.96,"l",35.64183,-117.44283,3.7,"A",38625775,151,3362,2019-07-22 20:12:27.51
"2019/07/23","01:36:17.36","eq","l",3.28,"l",35.74417,-117.55683,5.6,"A",37480781,54,3391,2019-07-23 01:36:17.36
"2019/07/23","01:36:18.45","eq","l",3.88,"w",35.7455,-117.5565,6.1,"A",38627095,132,3418,2019-07-23 01:36:18.45
"2019/07/23","07:45:02.53","eq","l",4.15,"w",35.625,-117.42667,5.5,"A",38628799,241,3406,2019-07-23 07:45:02.53
"2019/07/23","10:56:19.65","eq","l",2.67,"l",35.7805,-117.6045,7.5,"A",38629599,123,3214,2019-07-23 10:56:19.65
"2019/07/23","12:03:42.78","eq","l",2.82,"l",35.38133,-117.24267,2.5,"A",38629847,82,3313,2019-07-23 12:03:42.78
"2019/07/23","12:08:22.51","eq","l",2.58,"l",35.68017,-117.52633,9.9,"A",38629871,116,3154,2019-07-23 12:08:22.51
"2019/07/23","13:01:00.57","eq","l",2.7,"l",35.66433,-117.4935,2.2,"A",38630103,111,3247,2019-07-23 13:01:00.57
"2019/07/23","16:15:00.89","eq","l",2.51,"l",35.916,-117.71383,7.2,"A",38630863,108,3055,2019-07-23 16:15:00.89
"2019/07/23","17:27:18.52","eq","l",2.61,"l",35.79833,-117.62633,10.9,"A",38631239,122,3139,2019-07-23 17:27:18.52
"2019/07/23","22:31:50.68","eq","l",2.57,"l",36.18567,-117.88883,0.9,"A",38632479,108,3013,2019-07-23 22:31:50.68
"2019/07/23","23:45:48.16","eq","l",3.65,"w",35.88933,-117.71267,9.1,"A",38632759,164,3391,2019-07-23 23:45:48.16
"2019/07/24","04:14:27.61","eq","l",2.53,"l",35.8685,-117.66883,7.4,"A",38633943,113,3048,2019-07-24 04:14:27.61
"2019/07/24","06:39:25.82","eq","l",2.54,"l",35.64233,-117.44717,3.1,"A",38634599,109,3180,2019-07-24 06:39:25.82
"2019/07/24","08:16:35.79","eq","l",3.02,"l",34.991,-116.461,1.8,"A",38634911,123,3308,2019-07-24 08:16:35.79
"2019/07/24","08:29:22.32","eq","l",2.69,"l",35.91717,-117.71417,4.6,"A",38634959,114,3158,2019-07-24 08:29:22.32
"2019/07/24","09:06:04.62","eq","l",2.79,"l",35.8235,-117.668,6.5,"A",38635151,136,3180,2019-07-24 09:06:04.62
"2019/07/24","09:37:56.84","eq","l",2.73,"l",35.66217,-117.45583,10.5,"A",38635255,121,3181,2019-07-24 09:37:56.84
"2019/07/24","14:35:18.55","eq","l",3.75,"w",35.607,-117.6045,3.1,"A",38636511,154,3337,2019-07-24 14:35:18.55
"2019/07/24","14:38:41.24","eq","l",2.77,"l",35.943,-117.6625,3.2,"A",38636535,115,2905,2019-07-24 14:38:41.24
"2019/07/24","20:25:23.53","eq","l",2.74,"l",35.66317,-117.52133,9.6,"A",38638023,119,3326,2019-07-24 20:25:23.53
"2019/07/24","20:45:14.32","eq","l",2.65,"l",35.772,-117.58033,2.6,"A",38638095,124,3221,2019-07-24 20:45:14.32
"2019/07/24","21:44:43.52","eq","l",2.58,"l",35.5195,-117.41017,8.5,"A",38638335,119,3278,2019-07-24 21:44:43.52
"2019/07/24","22:24:18.22","eq","l",3.47,"l",36.19483,-117.88767,1.2,"A",38638455,119,3353,2019-07-24 22:24:18.22
"2019/07/24","23:19:47.27","eq","l",2.52,"l",35.64183,-117.583,8.2,"A",38638647,116,3164,2019-07-24 23:19:47.27
"2019/07/25","06:03:59.07","eq","l",3.23,"l",35.9635,-117.68883,4.5,"A",38640343,126,3324,2019-07-25 06:03:59.07
"2019/07/25","08:19:38.26","eq","l",2.7,"l",35.96517,-117.68967,4.7,"A",38640887,97,3111,2019-07-25 08:19:38.26
"2019/07/25","10:43:57.78","eq","l",2.66,"l",35.68067,-117.53583,5.8,"A",38641391,128,3222,2019-07-25 10:43:57.78
"2019/07/25","17:19:23.84","eq","l",2.62,"l",35.71367,-117.55017,6.9,"A",38643143,108,3184,2019-07-25 17:19:23.84
"2019/07/25","19:29:09.50","eq","l",2.52,"l",35.6545,-117.49683,3.3,"A",38643719,109,3137,2019-07-25 19:29:09.5
"2019/07/25","21:54:42.37","eq","l",2.94,"l",35.95833,-117.70083,7.1,"A",38644343,93,3125,2019-07-25 21:54:42.37
"2019/07/25","22:40:17.21","eq","l",2.66,"l",35.60217,-117.431,5.6,"A",38644551,100,3178,2019-07-25 22:40:17.21
"2019/07/26","00:42:47.77","eq","l",4.74,"w",35.92583,-117.70667,3.8,"A",38644943,185,3398,2019-07-26 00:42:47.77
"2019/07/26","00:44:24.85","eq","l",2.75,"l",35.92533,-117.70683,3.6,"A",38644975,74,3175,2019-07-26 00:44:24.85
"2019/07/26","00:45:34.04","eq","l",3.52,"l",35.93517,-117.6955,2.8,"A",38644983,118,3353,2019-07-26 00:45:34.04
"2019/07/26","00:45:54.95","eq","l",2.99,"l",35.93867,-117.69483,4,"A",38644991,67,3271,2019-07-26 00:45:54.95
"2019/07/26","00:47:08.67","eq","l",2.73,"l",35.938,-117.70067,3.6,"A",38645007,65,3110,2019-07-26 00:47:08.67
"2019/07/26","00:51:36.86","eq","l",2.65,"l",35.93367,-117.69733,2.7,"A",38645039,112,3110,2019-07-26 00:51:36.86
"2019/07/26","00:57:40.12","eq","l",3.23,"l",35.91983,-117.7085,2.1,"A",38645087,103,3241,2019-07-26 00:57:40.12
"2019/07/26","01:18:03.34","eq","l",2.63,"l",35.54817,-117.37883,4.7,"A",38645287,99,3147,2019-07-26 01:18:03.34
"2019/07/26","01:20:16.53","eq","l",2.78,"l",35.64867,-117.44067,10.2,"A",38645295,106,3201,2019-07-26 01:20:16.53
"2019/07/26","01:42:09.17","eq","l",3.06,"l",35.6455,-117.45267,10,"A",38645471,116,3328,2019-07-26 01:42:09.17
"2019/07/26","02:08:05.41","eq","l",2.68,"l",35.91333,-117.71467,2.2,"A",38645591,97,3066,2019-07-26 02:08:05.41
"2019/07/26","05:03:59.06","eq","l",3.18,"l",35.92083,-117.70567,2,"A",38646639,104,3289,2019-07-26 05:03:59.06
"2019/07/26","08:28:55.96","eq","l",3.21,"l",35.93483,-117.6995,2.5,"A",38647543,111,3233,2019-07-26 08:28:55.96
"2019/07/26","10:51:11.30","eq","l",2.66,"l",35.56433,-117.40083,3.9,"A",38648223,107,3175,2019-07-26 10:51:11.3
"2019/07/26","11:32:03.79","eq","l",2.8,"l",36.0805,-117.8445,1.7,"A",38648423,98,3064,2019-07-26 11:32:03.79
"2019/07/26","12:13:20.09","eq","l",2.97,"l",35.605,-117.60067,5,"A",38648599,162,3235,2019-07-26 12:13:20.09
"2019/07/26","14:57:55.66","eq","l",2.72,"l",36.11867,-117.86367,1.8,"A",38649311,89,3016,2019-07-26 14:57:55.66
"2019/07/26","15:38:15.75","eq","l",2.96,"l",35.80767,-117.63183,8.1,"A",38649551,107,3310,2019-07-26 15:38:15.75
"2019/07/26","21:11:48.58","eq","l",2.55,"l",35.637,-117.50133,9.9,"A",38651039,98,3210,2019-07-26 21:11:48.58
"2019/07/27","01:35:37.53","eq","l",3.56,"l",35.53383,-117.36667,9.1,"A",38652167,135,3294,2019-07-27 01:35:37.53
"2019/07/27","05:35:09.47","eq","l",2.59,"l",35.93567,-117.6965,3.7,"A",38652991,96,2988,2019-07-27 05:35:09.47
"2019/07/27","05:49:48.38","eq","l",2.66,"l",36.094,-117.85667,2,"A",38653055,91,3041,2019-07-27 05:49:48.38
"2019/07/27","10:30:54.41","eq","l",3.91,"w",35.637,-117.474,1.9,"A",38653975,138,3483,2019-07-27 10:30:54.41
"2019/07/27","13:08:16.97","eq","l",2.53,"l",36.10417,-117.90967,3.9,"A",38654527,99,2994,2019-07-27 13:08:16.97
"2019/07/27","14:14:59.45","eq","l",2.96,"l",35.93983,-117.69817,3.9,"A",38654743,123,3239,2019-07-27 14:14:59.45
"2019/07/27","19:15:18.88","eq","l",2.6,"l",35.67433,-117.52317,8.3,"A",38656095,112,3212,2019-07-27 19:15:18.88
"2019/07/27","21:41:40.71","eq","l",3.27,"l",36.21317,-118.07883,2.7,"A",38656719,112,3281,2019-07-27 21:41:40.71
"2019/07/27","22:22:23.61","eq","l",2.59,"l",36.1175,-117.86783,1.7,"A",38656911,88,3022,2019-07-27 22:22:23.61
"2019/07/27","23:40:13.23","eq","l",2.52,"l",35.69333,-117.53033,8.3,"A",38657311,102,3127,2019-07-27 23:40:13.23
"2019/07/28","03:37:30.79","eq","l",2.71,"l",36.101,-117.90867,4,"A",38658351,87,2985,2019-07-28 03:37:30.79
"2019/07/28","07:54:06.38","eq","l",2.72,"l",35.33717,-117.9155,6.3,"A",38659495,118,3217,2019-07-28 07:54:06.38
"2019/07/28","08:23:00.04","eq","l",2.93,"l",35.68417,-117.5245,9.3,"A",38659655,150,3295,2019-07-28 08:23:00.04
"2019/07/28","09:59:43.25","eq","l",2.5,"l",36.11517,-117.8425,2.5,"A",38660063,89,2963,2019-07-28 09:59:43.25
"2019/07/28","15:02:20.27","eq","l",3.47,"l",35.99567,-117.408,-0.2,"A",38661399,112,3343,2019-07-28 15:02:20.27
"2019/07/28","15:51:10.99","eq","l",2.53,"l",36.10133,-117.907,4.1,"A",38661623,85,2994,2019-07-28 15:51:10.99
"2019/07/28","21:18:27.44","eq","l",2.6,"l",35.7565,-117.57183,3.6,"A",38662935,92,3124,2019-07-28 21:18:27.44
"2019/07/28","22:25:04.15","eq","l",2.75,"l",35.67283,-117.52733,7.9,"A",38663143,96,3261,2019-07-28 22:25:04.15
"2019/07/29","02:09:58.35","eq","l",2.93,"l",35.76617,-117.5795,6.8,"A",38663807,109,3267,2019-07-29 02:09:58.35
"2019/07/29","02:40:04.40","eq","l",2.84,"l",35.86767,-117.69567,7.5,"A",38663903,102,3174,2019-07-29 02:40:04.4
"2019/07/29","04:46:42.68","eq","l",2.73,"l",35.87383,-117.7185,8.1,"A",38664383,109,3139,2019-07-29 04:46:42.68
"2019/07/29","05:01:40.89","eq","l",2.67,"l",35.9345,-117.69983,3,"A",38664447,96,3082,2019-07-29 05:01:40.89
"2019/07/29","05:56:13.80","eq","l",2.63,"l",35.61917,-117.43,9.7,"A",38664575,60,3196,2019-07-29 05:56:13.8
"2019/07/29","06:46:51.14","eq","l",2.72,"l",35.90533,-117.7465,7.3,"A",38664767,99,3058,2019-07-29 06:46:51.14
"2019/07/29","06:47:35.73","eq","l",2.51,"l",35.90467,-117.74467,7.4,"A",38664775,93,2906,2019-07-29 06:47:35.73
"2019/07/29","07:02:58.30","eq","l",2.94,"l",35.736,-117.58033,9.5,"A",38664839,117,3268,2019-07-29 07:02:58.3
"2019/07/29","14:22:15.91","eq","l",2.5,"l",35.66033,-117.50667,9.8,"A",38666295,105,3115,2019-07-29 14:22:15.91
"2019/07/29","15:40:20.60","eq","l",2.79,"l",35.99617,-117.41,1.1,"A",38666647,94,3178,2019-07-29 15:40:20.6
"2019/07/29","16:51:57.23","eq","l",2.96,"l",35.68733,-117.54617,4.4,"A",38666991,159,3320,2019-07-29 16:51:57.23
"2019/07/29","17:55:29.72","eq","l",2.7,"l",35.93883,-117.6595,2.8,"A",38667279,89,3114,2019-07-29 17:55:29.72
"2019/07/29","19:33:43.60","eq","l",2.78,"l",35.6445,-117.501,4.1,"A",38667735,98,3243,2019-07-29 19:33:43.6
"2019/07/29","21:22:56.94","eq","l",2.71,"l",35.95117,-117.34267,3.1,"A",38668111,92,3184,2019-07-29 21:22:56.94
"2019/07/29","21:39:58.11","eq","l",2.59,"l",35.7025,-117.53017,8.3,"A",38668159,90,3142,2019-07-29 21:39:58.11
"2019/07/29","23:09:33.42","eq","l",3.32,"l",35.8425,-117.735,4.8,"A",38668479,131,3336,2019-07-29 23:09:33.42
"2019/07/29","23:19:14.16","eq","l",3.53,"l",35.82283,-117.63467,5.8,"A",38668511,134,3433,2019-07-29 23:19:14.16
"2019/07/30","03:10:46.88","eq","l",3.15,"l",35.9265,-117.6925,4.2,"A",38669279,114,3289,2019-07-30 03:10:46.88
"2019/07/30","04:06:48.56","eq","l",2.58,"l",35.95033,-117.34383,2.7,"A",38669487,100,3094,2019-07-30 04:06:48.56
"2019/07/30","07:47:09.12","eq","l",2.69,"l",36.074,-117.85483,2.4,"A",38670367,95,3034,2019-07-30 07:47:09.12
"2019/07/30","07:51:20.79","eq","l",2.64,"l",35.93833,-117.6615,2.6,"A",38670391,94,3082,2019-07-30 07:51:20.79
"2019/07/30","10:30:55.58","eq","l",2.58,"l",36.01433,-117.36,3.6,"A",38670903,104,3031,2019-07-30 10:30:55.58
"2019/07/30","11:38:05.89","eq","l",2.69,"l",35.6375,-117.4975,10.4,"A",38671143,110,3238,2019-07-30 11:38:05.89
"2019/07/30","16:30:56.35","eq","l",3.5,"lr",35.66667,-117.50633,10.2,"A",38672303,131,3371,2019-07-30 16:30:56.35
"2019/07/31","02:53:50.21","eq","l",2.58,"l",35.32417,-118.57283,7.8,"A",38674383,100,3047,2019-07-31 02:53:50.21
"2019/07/31","12:37:57.91","eq","l",2.7,"l",35.7335,-117.53683,1.5,"A",38676031,114,3158,2019-07-31 12:37:57.91
"2019/07/31","13:03:35.22","eq","l",2.81,"l",35.665,-117.5385,9.3,"A",38676103,87,3251,2019-07-31 13:03:35.22
"2019/07/31","17:06:28.40","eq","l",2.6,"l",35.70733,-117.53017,9.5,"A",38676663,113,3154,2019-07-31 17:06:28.4
"2019/07/31","21:52:58.15","eq","l",2.75,"l",36.15783,-117.882,1.4,"A",38677791,72,3052,2019-07-31 21:52:58.15
"2019/07/31","22:59:46.96","eq","l",3.1,"l",36.31783,-118.3455,-1.5,"A",38677967,75,3117,2019-07-31 22:59:46.96
"2019/07/31","23:30:22.74","eq","l",2.75,"l",35.66117,-117.53383,9.5,"A",38678031,109,3258,2019-07-31 23:30:22.74
"2019/08/01","00:36:25.54","eq","l",2.57,"l",35.64717,-117.46383,2.6,"A",38678223,97,3151,2019-08-01 00:36:25.54
"2019/08/01","02:49:51.39","eq","l",3.14,"l",35.03483,-116.79683,5.2,"C",38678639,107,3320,2019-08-01 02:49:51.39
"2019/08/01","10:31:24.72","eq","l",3.17,"l",35.955,-117.71183,2.7,"A",38679775,118,3276,2019-08-01 10:31:24.72
"2019/08/01","11:04:15.46","eq","l",2.78,"l",35.728,-117.47683,7.2,"A",38679847,107,4030,2019-08-01 11:04:15.46
"2019/08/01","11:27:29.77","eq","l",2.83,"l",36.08867,-117.87117,2.8,"A",38679887,91,3078,2019-08-01 11:27:29.77
"2019/08/01","13:19:34.85","eq","l",2.52,"l",35.90217,-117.66933,2.5,"A",38680271,88,3036,2019-08-01 13:19:34.85
"2019/08/01","16:48:25.89","eq","l",2.58,"l",36.09617,-117.89733,4.7,"A",38680927,82,2998,2019-08-01 16:48:25.89
"2019/08/01","17:43:03.19","eq","l",2.75,"l",35.9255,-117.69783,2.5,"A",38681151,96,3162,2019-08-01 17:43:03.19
"2019/08/01","18:30:28.81","eq","l",2.5,"l",35.71267,-117.49917,6.5,"A",38681263,97,3117,2019-08-01 18:30:28.81
"2019/08/01","21:11:37.44","eq","l",3.14,"l",36.19433,-117.89167,0.8,"A",38681687,118,3273,2019-08-01 21:11:37.44
"2019/08/01","21:59:05.40","eq","l",2.52,"l",36.08283,-117.303,1.8,"A",38681847,83,3019,2019-08-01 21:59:05.4
"2019/08/01","23:37:25.14","eq","l",2.62,"l",35.6745,-117.51983,9.2,"A",38682079,100,3203,2019-08-01 23:37:25.14
"2019/08/02","12:18:42.58","eq","l",3.47,"lr",35.78217,-117.616,7.7,"A",38683903,135,3336,2019-08-02 12:18:42.58
"2019/08/02","13:20:26.26","eq","l",2.79,"l",35.71117,-117.50733,8,"A",38684079,107,3246,2019-08-02 13:20:26.26
"2019/08/02","14:45:56.27","eq","l",2.71,"l",35.923,-117.70167,1.9,"A",38684327,86,3135,2019-08-02 14:45:56.27
"2019/08/02","15:19:16.43","eq","l",3.34,"l",35.61917,-117.44967,3.3,"A",38684415,127,3342,2019-08-02 15:19:16.43
"2019/08/02","19:54:24.61","eq","l",2.55,"l",35.71183,-117.507,4.7,"A",38685351,91,3111,2019-08-02 19:54:24.61
"2019/08/03","00:34:48.62","eq","l",2.55,"l",35.77633,-117.56717,2.4,"A",38686215,103,3102,2019-08-03 00:34:48.62
"2019/08/03","01:01:23.26","eq","l",2.66,"l",35.63467,-117.43967,3,"A",38686287,82,3187,2019-08-03 01:01:23.26
"2019/08/03","11:27:29.19","eq","l",2.83,"l",35.874,-117.69433,4.8,"A",38687623,96,3179,2019-08-03 11:27:29.19
"2019/08/03","18:47:58.57","eq","l",2.7,"l",35.661,-117.48833,4.4,"A",38688807,104,3227,2019-08-03 18:47:58.57
"2019/08/03","19:18:02.40","eq","l",2.57,"l",35.6675,-117.4965,4.2,"A",38688943,101,3158,2019-08-03 19:18:02.4
"2019/08/04","05:29:40.91","eq","l",3.15,"l",36.04933,-117.364,2.4,"A",38690607,74,3293,2019-08-04 05:29:40.91
"2019/08/04","05:45:10.24","eq","l",2.51,"l",35.5735,-117.3545,2.6,"A",38690663,106,3173,2019-08-04 05:45:10.24
"2019/08/04","08:17:38.27","eq","l",2.67,"l",35.725,-117.47817,6.4,"A",38691047,111,3185,2019-08-04 08:17:38.27
"2019/08/04","13:18:46.06","eq","l",2.62,"l",35.53383,-117.35617,8.5,"A",38691703,104,3212,2019-08-04 13:18:46.06
"2019/08/04","20:09:14.45","eq","l",3.3,"l",35.84667,-117.6745,5,"A",38692783,122,3338,2019-08-04 20:09:14.45
"2019/08/04","21:38:30.74","eq","l",2.68,"l",35.63283,-117.4335,3.2,"A",38693087,101,3224,2019-08-04 21:38:30.74
"2019/08/04","22:45:11.74","eq","l",2.6,"l",35.63217,-117.4355,3.6,"A",38693263,102,3182,2019-08-04 22:45:11.74
"2019/08/05","00:28:21.51","eq","l",2.51,"l",35.87267,-117.69417,4.6,"A",38693503,100,3074,2019-08-05 00:28:21.51
"2019/08/05","05:53:54.33","eq","l",2.67,"l",35.62817,-117.4335,3.8,"A",38694271,94,3221,2019-08-05 05:53:54.33
"2019/08/05","17:49:53.21","eq","l",2.56,"l",35.67433,-117.55233,8.1,"A",38696255,95,3145,2019-08-05 17:49:53.21
"2019/08/05","20:19:08.86","eq","l",2.58,"l",35.72517,-117.53933,2.6,"A",38696735,102,3165,2019-08-05 20:19:08.86
"2019/08/06","10:42:12.08","eq","l",2.79,"l",35.55133,-117.35367,9.4,"A",38698999,112,3041,2019-08-06 10:42:12.08
"2019/08/06","17:33:32.69","eq","l",2.77,"l",35.67667,-117.53833,8.4,"A",38700151,89,3268,2019-08-06 17:33:32.69
"2019/08/06","19:47:07.28","eq","l",2.6,"l",35.804,-117.6295,0.7,"A",38700639,66,3313,2019-08-06 19:47:07.28
"2019/08/06","21:32:22.85","eq","l",2.59,"l",35.60117,-117.4085,7.5,"A",38700919,105,3227,2019-08-06 21:32:22.85
"2019/08/07","03:10:15.55","eq","l",2.7,"l",35.89283,-117.7125,7.7,"A",38701879,98,3136,2019-08-07 03:10:15.55
"2019/08/07","04:51:39.39","eq","l",3.27,"l",35.65133,-117.49933,10.4,"A",38702143,137,3328,2019-08-07 04:51:39.39
"2019/08/07","16:39:26.19","eq","l",2.63,"l",35.83983,-117.628,2.2,"A",38703743,84,3127,2019-08-07 16:39:26.19
"2019/08/08","01:11:05.86","eq","l",2.74,"l",35.66267,-117.45417,8.2,"A",38941448,93,3263,2019-08-08 01:11:05.86
"2019/08/08","05:22:47.94","eq","l",2.89,"l",35.9525,-117.34283,2.9,"A",38942264,122,3318,2019-08-08 05:22:47.94
"2019/08/09","00:09:57.91","eq","l",2.98,"l",35.89467,-117.679,4.3,"A",38945752,117,3302,2019-08-09 00:09:57.91
"2019/08/09","01:51:24.02","eq","l",2.72,"l",36.19683,-118.16783,-0.5,"C",38946064,85,3037,2019-08-09 01:51:24.02
"2019/08/09","02:32:42.14","eq","l",2.69,"l",36.0805,-117.3035,0.9,"A",38946152,91,3214,2019-08-09 02:32:42.14
"2019/08/09","04:13:51.33","eq","l",2.57,"l",36.20133,-118.16583,2,"A",38946392,85,2969,2019-08-09 04:13:51.33
"2019/08/09","04:39:07.97","eq","l",3.16,"l",36.1995,-118.16233,2.1,"A",38946464,111,3259,2019-08-09 04:39:07.97
"2019/08/09","14:27:07.57","eq","l",2.52,"l",35.68267,-117.53967,9.9,"A",38948120,104,3118,2019-08-09 14:27:07.57
"2019/08/09","15:23:04.15","eq","l",2.84,"l",35.68233,-117.539,7.4,"A",38948320,133,3342,2019-08-09 15:23:04.15
"2019/08/09","19:07:10.85","eq","l",2.54,"l",35.59817,-117.43017,6.2,"A",38949064,97,3176,2019-08-09 19:07:10.85
"2019/08/10","19:02:35.05","eq","l",2.72,"l",36.1505,-117.9165,2.6,"A",38953000,93,3077,2019-08-10 19:02:35.05
"2019/08/11","01:21:08.26","eq","l",3.15,"l",35.6215,-117.47333,2.4,"A",38953824,102,3372,2019-08-11 01:21:08.26
"2019/08/11","14:43:37.74","eq","l",2.63,"l",35.9255,-117.71267,2.6,"A",38955872,106,3124,2019-08-11 14:43:37.74
"2019/08/11","18:01:38.40","eq","l",3.22,"l",35.64517,-117.45217,4,"A",38956352,141,3390,2019-08-11 18:01:38.4
"2019/08/12","19:20:25.93","eq","l",2.73,"l",36.09467,-117.91683,2.7,"A",38960608,101,3113,2019-08-12 19:20:25.93
"2019/08/12","23:12:05.31","eq","l",2.79,"l",35.696,-117.5955,8,"A",38961432,126,3328,2019-08-12 23:12:05.31
"2019/08/12","23:41:27.90","eq","l",2.84,"l",35.871,-117.70917,5.7,"A",38961520,122,3264,2019-08-12 23:41:27.9
"2019/08/13","22:18:12.91","eq","l",2.52,"l",35.69017,-117.46133,2.5,"A",38965056,107,3162,2019-08-13 22:18:12.91
"2019/08/13","22:53:38.57","eq","l",2.76,"l",36.102,-117.91067,4.1,"A",38965120,102,3149,2019-08-13 22:53:38.57
"2019/08/13","23:30:01.77","eq","l",2.76,"l",36.13617,-117.86083,4,"A",38965256,111,3140,2019-08-13 23:30:01.77
"2019/08/14","09:34:19.96","eq","l",3.57,"w",35.89417,-117.6755,4.5,"A",38966824,146,3433,2019-08-14 09:34:19.96
"2019/08/14","09:38:51.00","eq","l",2.66,"l",35.89783,-117.67483,4.7,"A",38966840,122,3189,2019-08-14 09:38:51
"2019/08/14","10:36:06.02","eq","l",2.55,"l",35.89667,-117.67233,3.8,"A",38967032,108,3121,2019-08-14 10:36:06.02
"2019/08/14","21:04:11.03","eq","l",3.75,"w",35.89333,-117.6755,3.9,"A",38969080,141,3417,2019-08-14 21:04:11.03
"2019/08/14","22:01:11.47","eq","l",2.57,"l",36.08067,-117.865,2.1,"A",38969224,100,3029,2019-08-14 22:01:11.47
"2019/08/14","22:41:26.17","eq","l",2.74,"l",36.081,-117.866,2.2,"A",38969320,101,3120,2019-08-14 22:41:26.17
"2019/08/14","22:52:26.65","eq","l",3.51,"l",36.0805,-117.86283,2.3,"A",38969336,142,3385,2019-08-14 22:52:26.65
"2019/08/14","23:32:45.83","eq","l",3.21,"l",35.95917,-117.39917,1.6,"A",38969456,167,3355,2019-08-14 23:32:45.83
"2019/08/15","00:12:50.03","eq","l",2.93,"l",35.76383,-117.58883,4,"A",38969584,108,3340,2019-08-15 00:12:50.03
"2019/08/15","06:26:23.75","eq","l",2.64,"l",35.63933,-117.44483,4.9,"A",38970424,120,3283,2019-08-15 06:26:23.75
"2019/08/15","11:50:24.98","eq","l",3.92,"w",36.077,-117.86067,2.4,"A",38971232,135,3404,2019-08-15 11:50:24.98
"2019/08/15","11:50:40.55","eq","l",2.82,"l",36.07833,-117.85067,4.4,"A",37423501,7,3176,2019-08-15 11:50:40.55
"2019/08/15","11:50:55.71","eq","l",2.85,"l",36.07817,-117.84783,2.4,"A",37423493,22,3191,2019-08-15 11:50:55.71
"2019/08/15","11:52:31.74","eq","l",2.97,"l",36.0825,-117.85833,2.4,"A",38971248,91,3229,2019-08-15 11:52:31.74
"2019/08/15","12:32:40.50","eq","l",2.79,"l",36.08317,-117.85783,2.5,"A",38971400,105,3146,2019-08-15 12:32:40.5
"2019/08/15","17:06:37.96","eq","l",2.61,"l",35.66833,-117.504,10.1,"A",38972328,120,3265,2019-08-15 17:06:37.96
"2019/08/15","18:26:11.62","eq","l",2.62,"l",35.1995,-118.9335,13.3,"A",38972592,95,2987,2019-08-15 18:26:11.62
"2019/08/15","18:49:24.23","eq","l",2.64,"l",35.66083,-117.484,8.3,"A",38972664,122,3262,2019-08-15 18:49:24.23
"2019/08/15","19:22:03.27","eq","l",2.64,"l",36.083,-117.855,2.5,"A",38972760,102,3096,2019-08-15 19:22:03.27
"2019/08/15","20:44:59.98","eq","l",2.95,"l",35.56833,-117.393,4.4,"A",38973064,116,3375,2019-08-15 20:44:59.98
"2019/08/16","00:47:34.88","eq","l",2.55,"l",35.9195,-117.745,7.8,"A",38973720,112,3068,2019-08-16 00:47:34.88
"2019/08/16","00:56:14.05","eq","l",3.29,"l",35.63517,-117.4295,8.1,"A",38973744,123,3390,2019-08-16 00:56:14.05
"2019/08/16","04:01:27.73","eq","l",3.12,"l",36.08383,-117.86333,2.3,"A",38974200,128,3319,2019-08-16 04:01:27.73
"2019/08/16","11:27:27.38","eq","l",2.54,"l",36.17567,-117.88383,2.6,"A",38975152,113,3015,2019-08-16 11:27:27.38
"2019/08/16","12:00:27.65","eq","l",2.64,"l",35.35183,-117.90067,7.3,"A",38975232,80,3298,2019-08-16 12:00:27.65
"2019/08/16","12:00:28.82","eq","l",2.91,"l",35.35483,-117.90133,2.6,"A",37346556,76,3331,2019-08-16 12:00:28.82
"2019/08/16","15:43:32.29","eq","l",2.54,"l",35.66433,-117.501,10.4,"A",38975800,116,3208,2019-08-16 15:43:32.29
"2019/08/16","16:35:53.82","eq","l",2.52,"l",36.08117,-117.86783,2.7,"A",38975928,95,3025,2019-08-16 16:35:53.82
"2019/08/16","18:14:25.51","eq","l",2.82,"l",35.64483,-117.4515,4,"A",38976240,109,3321,2019-08-16 18:14:25.51
"2019/08/17","02:10:23.35","eq","l",2.57,"l",36.0855,-117.85967,2.3,"A",38977304,99,3026,2019-08-17 02:10:23.35
"2019/08/17","11:55:31.15","eq","l",3.04,"l",35.92,-117.7085,4.5,"A",38978512,159,3334,2019-08-17 11:55:31.15
"2019/08/17","13:37:49.44","eq","l",2.62,"l",36.08733,-117.86567,1.9,"A",38978768,96,3066,2019-08-17 13:37:49.44
"2019/08/17","17:24:09.09","eq","l",2.61,"l",36.08567,-117.86333,2.4,"A",38979296,99,3057,2019-08-17 17:24:09.09
"2019/08/18","05:02:42.89","eq","l",2.76,"l",36.08567,-117.86833,1.6,"A",38980736,108,3069,2019-08-18 05:02:42.89
"2019/08/18","05:05:47.54","eq","l",2.57,"l",36.086,-117.86817,1.8,"A",38980744,111,3037,2019-08-18 05:05:47.54
"2019/08/18","06:45:48.40","eq","l",2.63,"l",35.68683,-117.47967,7.4,"A",38981000,121,3218,2019-08-18 06:45:48.4
"2019/08/18","07:42:25.20","eq","l",3.25,"l",36.09,-117.8635,2.1,"A",38981040,141,3300,2019-08-18 07:42:25.2
"2019/08/18","08:23:59.42","eq","l",2.64,"l",35.91367,-117.691,3,"A",38981112,118,3129,2019-08-18 08:23:59.42
"2019/08/18","16:08:34.23","eq","l",2.52,"l",36.09283,-117.86633,2,"A",38982040,100,3030,2019-08-18 16:08:34.23
"2019/08/18","16:20:49.97","eq","l",2.74,"l",36.08883,-117.8685,1.8,"A",38982056,94,3156,2019-08-18 16:20:49.97
"2019/08/18","18:27:42.08","eq","l",3.13,"l",36.07783,-117.8655,2.6,"A",38982296,136,3290,2019-08-18 18:27:42.08
"2019/08/18","18:56:43.49","eq","l",3.47,"l",35.67,-117.47367,4.3,"A",38982368,143,3404,2019-08-18 18:56:43.49
"2019/08/18","22:02:28.66","eq","l",2.62,"l",35.68083,-117.48883,10.2,"A",38982760,120,3227,2019-08-18 22:02:28.66
"2019/08/19","00:09:12.94","eq","l",3.54,"lr",35.67033,-117.46767,9.5,"A",38983016,161,3394,2019-08-19 00:09:12.94
"2019/08/19","11:45:20.68","eq","l",3.02,"l",35.603,-117.60067,4.1,"A",38984576,157,3288,2019-08-19 11:45:20.68
"2019/08/19","12:17:41.74","eq","l",2.51,"l",35.547,-117.35167,6.3,"A",38984640,112,3225,2019-08-19 12:17:41.74
"2019/08/19","18:32:19.22","eq","l",2.66,"l",36.0895,-117.86867,1.7,"A",38985592,108,3057,2019-08-19 18:32:19.22
"2019/08/20","09:26:58.01","eq","l",2.5,"l",35.67017,-117.5345,10.1,"A",38987840,101,3111,2019-08-20 09:26:58.01
"2019/08/20","13:41:46.33","eq","l",2.71,"l",36.07633,-117.87567,2.4,"A",38988480,93,3078,2019-08-20 13:41:46.33
"2019/08/20","14:24:35.76","eq","l",2.62,"l",36.221,-117.90333,-0.5,"A",38988592,84,3018,2019-08-20 14:24:35.76
"2019/08/20","23:46:56.80","eq","l",3.18,"l",35.51733,-117.41267,8.4,"A",38990112,153,3384,2019-08-20 23:46:56.8
"2019/08/20","23:48:36.16","eq","l",2.55,"l",35.51583,-117.41133,8.7,"A",38990120,117,3243,2019-08-20 23:48:36.16
"2019/08/21","00:30:10.27","eq","l",3.41,"l",35.71517,-117.575,4.9,"A",38990176,184,3395,2019-08-21 00:30:10.27
"2019/08/21","09:57:59.75","eq","l",2.83,"l",35.88783,-117.729,5.6,"A",38991400,157,3236,2019-08-21 09:57:59.75
"2019/08/21","12:43:37.14","eq","l",2.73,"l",35.6665,-117.47583,2.1,"A",38991896,104,3270,2019-08-21 12:43:37.14
"2019/08/21","14:20:22.77","eq","l",3.23,"l",35.53167,-117.36983,8.4,"A",38992192,191,3367,2019-08-21 14:20:22.77
"2019/08/21","15:02:49.27","eq","l",2.55,"l",35.89067,-117.72783,6.6,"A",38992304,110,3085,2019-08-21 15:02:49.27
"2019/08/22","02:10:09.94","eq","l",2.62,"l",35.65133,-117.463,2.8,"A",38993992,104,3248,2019-08-22 02:10:09.94
"2019/08/22","04:21:07.96","eq","l",2.76,"l",35.53117,-117.37233,8.1,"A",38994272,120,3287,2019-08-22 04:21:07.96
"2019/08/22","13:16:39.94","eq","l",2.59,"l",35.905,-117.72583,5.3,"A",38995432,102,3114,2019-08-22 13:16:39.94
"2019/08/22","14:57:41.54","eq","l",2.91,"l",35.32267,-117.927,6.4,"A",38995688,139,880,2019-08-22 14:57:41.54
"2019/08/22","16:04:28.76","eq","l",3,"l",35.68333,-117.48867,6.8,"A",38995952,97,3350,2019-08-22 16:04:28.76
"2019/08/22","20:49:50.18","eq","l",4.89,"w",35.90767,-117.709,4.9,"A",38996632,174,3417,2019-08-22 20:49:50.18
"2019/08/22","20:54:23.26","eq","l",2.62,"l",35.878,-117.69367,7.5,"A",38996664,84,3116,2019-08-22 20:54:23.26
"2019/08/22","20:58:46.88","eq","l",2.64,"l",35.88633,-117.69783,8.1,"A",38996712,105,3094,2019-08-22 20:58:46.88
"2019/08/22","21:03:25.35","eq","l",2.69,"l",35.874,-117.692,8.7,"A",38996776,101,3191,2019-08-22 21:03:25.35
"2019/08/22","21:09:17.09","eq","l",3.07,"l",35.90533,-117.70633,5.4,"A",38996816,164,3356,2019-08-22 21:09:17.09
"2019/08/22","21:11:07.53","eq","l",3.57,"l",35.88817,-117.7005,8.1,"A",38996840,142,3398,2019-08-22 21:11:07.53
"2019/08/22","21:21:40.90","eq","l",3.45,"l",35.90017,-117.70367,6.7,"A",38996976,186,3310,2019-08-22 21:21:40.9
"2019/08/22","21:22:35.75","eq","l",2.88,"l",35.88883,-117.70633,7.5,"A",38996984,96,3223,2019-08-22 21:22:35.75
"2019/08/22","22:18:55.13","eq","l",2.52,"l",35.91417,-117.70483,7.7,"A",38997448,107,3052,2019-08-22 22:18:55.13
"2019/08/23","02:43:41.57","eq","l",2.51,"l",35.8915,-117.70067,7,"A",38998680,107,3055,2019-08-23 02:43:41.57
"2019/08/23","05:34:09.74","eq","l",4.33,"w",35.90783,-117.70467,7.1,"A",38999296,209,3396,2019-08-23 05:34:09.74
"2019/08/23","05:34:57.24","eq","l",3.11,"l",35.91133,-117.70567,7.5,"A",38999312,55,3306,2019-08-23 05:34:57.24
"2019/08/23","05:37:25.77","eq","l",3.2,"l",35.9155,-117.685,8.3,"A",38999328,111,3324,2019-08-23 05:37:25.77
"2019/08/23","07:05:11.15","eq","l",2.65,"l",35.894,-117.701,7,"A",38999760,81,3112,2019-08-23 07:05:11.15
"2019/08/23","07:05:13.68","eq","l",2.7,"l",35.893,-117.711,8.8,"A",37347220,62,3151,2019-08-23 07:05:13.68
"2019/08/23","09:29:20.40","eq","l",2.53,"l",35.87783,-117.69583,8.7,"A",39000328,105,3064,2019-08-23 09:29:20.4
"2019/08/23","10:22:22.77","eq","l",3.02,"l",35.66,-117.535,9.2,"A",39000512,161,3334,2019-08-23 10:22:22.77
"2019/08/23","19:19:42.70","eq","l",3.31,"l",35.83,-117.65083,4.2,"A",39002264,190,3385,2019-08-23 19:19:42.7
"2019/08/23","20:23:32.28","eq","l",3.01,"l",35.91417,-117.257,4.6,"A",39002432,162,3359,2019-08-23 20:23:32.28
"2019/08/23","23:14:22.73","eq","l",2.55,"l",35.70167,-117.57333,3.9,"A",39002848,110,3221,2019-08-23 23:14:22.73
"2019/08/23","23:52:22.96","eq","l",2.53,"l",35.64267,-117.454,2.4,"A",39002928,99,3187,2019-08-23 23:52:22.96
"2019/08/24","11:02:20.68","eq","l",3.45,"l",35.59717,-117.42467,5.5,"A",39004464,126,3393,2019-08-24 11:02:20.68
"2019/08/24","15:18:30.94","eq","l",3.06,"l",35.872,-117.581,9,"A",39005120,92,3344,2019-08-24 15:18:30.94
"2019/08/24","21:08:16.49","eq","l",2.61,"l",35.634,-117.588,10,"A",39005840,113,3225,2019-08-24 21:08:16.49
"2019/08/25","02:05:32.77","eq","l",2.92,"l",35.714,-117.55167,4.3,"A",39006440,106,3332,2019-08-25 02:05:32.77
"2019/08/25","08:15:12.96","eq","l",3.13,"l",36.11883,-117.847,1.7,"A",39007152,202,3288,2019-08-25 08:15:12.96
"2019/08/25","10:36:27.05","eq","l",2.64,"l",35.7035,-117.5145,9.5,"A",39007504,116,3209,2019-08-25 10:36:27.05
"2019/08/26","03:53:46.36","eq","l",2.89,"l",36.139,-118.073,-0.6,"A",39009592,114,3184,2019-08-26 03:53:46.36
"2019/08/26","10:33:21.24","eq","l",2.72,"l",35.88767,-117.69867,7.9,"A",39010600,114,3167,2019-08-26 10:33:21.24
"2019/08/26","12:06:37.81","eq","l",2.78,"l",35.89633,-117.67783,4.7,"A",39010824,112,3230,2019-08-26 12:06:37.81
"2019/08/26","16:07:50.32","eq","l",2.53,"l",35.86083,-117.69233,9,"A",39011360,106,3065,2019-08-26 16:07:50.32
"2019/08/26","16:23:20.20","eq","l",2.6,"l",35.68,-117.5385,7.1,"A",39011408,101,3221,2019-08-26 16:23:20.2
"2019/08/26","21:31:26.77","eq","l",2.65,"l",35.74433,-117.554,3.2,"A",39012312,102,3221,2019-08-26 21:31:26.77
"2019/08/27","14:39:37.26","eq","l",2.62,"l",35.66917,-117.52883,10.2,"A",39014664,113,3242,2019-08-27 14:39:37.26
"2019/08/28","02:23:14.40","eq","l",3.29,"l",36.13667,-117.97517,5.4,"A",39016592,149,3303,2019-08-28 02:23:14.4
"2019/08/29","03:23:49.31","eq","l",2.9,"l",35.76167,-117.59,3.4,"A",39020296,121,3333,2019-08-29 03:23:49.31
"2019/08/30","08:55:41.38","eq","l",2.5,"l",35.61217,-117.41217,5.3,"A",39024928,110,3231,2019-08-30 08:55:41.38
"2019/08/30","11:58:32.89","eq","l",2.72,"l",35.70817,-117.5435,9.3,"A",39025416,112,3259,2019-08-30 11:58:32.89
"2019/08/30","19:54:43.37","eq","l",2.52,"l",36.20733,-117.85883,2.9,"A",39026808,96,2989,2019-08-30 19:54:43.37
"2019/08/31","00:18:19.01","eq","l",2.62,"l",36.08767,-117.8645,1.8,"A",39027496,102,3059,2019-08-31 00:18:19.01
"2019/08/31","02:26:23.83","eq","l",2.52,"l",35.87567,-117.69617,8.5,"A",39027808,118,3074,2019-08-31 02:26:23.83
"2019/08/31","07:26:56.91","eq","l",2.72,"l",35.8305,-117.67617,9.3,"A",39028608,119,3234,2019-08-31 07:26:56.91
"2019/09/01","22:30:05.02","eq","l",2.5,"l",35.16183,-118.20567,5,"A",39033976,109,3134,2019-09-01 22:30:05.02
"2019/09/01","23:35:06.80","eq","l",2.82,"l",35.6555,-117.463,2.4,"A",39034088,98,4023,2019-09-01 23:35:06.8
"2019/09/02","08:03:26.33","eq","l",2.51,"l",35.664,-117.52433,6.8,"A",39035224,102,3192,2019-09-02 08:03:26.33
"2019/09/03","02:23:09.47","eq","l",3.18,"l",35.51617,-117.41417,8.1,"A",39037448,202,3376,2019-09-03 02:23:09.47
"2019/09/03","02:29:20.27","eq","l",2.76,"l",35.66983,-117.5235,10.3,"A",39037480,119,3295,2019-09-03 02:29:20.27
"2019/09/03","02:32:14.85","eq","l",3.22,"l",35.67083,-117.52217,10.3,"A",39037488,194,3364,2019-09-03 02:32:14.85
"2019/09/03","03:28:37.36","eq","l",2.69,"l",35.62967,-117.43217,3.7,"A",39037640,101,3269,2019-09-03 03:28:37.36
"2019/09/03","03:41:29.16","eq","l",3.47,"w",35.70233,-117.58783,7.8,"A",39037688,110,3395,2019-09-03 03:41:29.16
"2019/09/03","08:23:33.18","eq","l",2.59,"l",36.201,-117.88333,2.6,"A",39038160,103,3008,2019-09-03 08:23:33.18
"2019/09/03","12:41:59.30","eq","l",2.61,"l",35.6475,-117.49717,6,"A",39038800,101,3243,2019-09-03 12:41:59.3
"2019/09/04","12:37:12.99","eq","l",2.54,"l",35.66817,-117.51283,4.7,"A",39041872,103,3193,2019-09-04 12:37:12.99
"2019/09/06","06:49:35.01","eq","l",2.72,"l",35.91817,-117.68683,3,"A",38813871,109,3575,2019-09-06 06:49:35.01
"2019/09/06","14:06:15.50","eq","l",2.77,"l",35.67617,-117.51383,10.1,"A",38814519,108,3316,2019-09-06 14:06:15.5
"2019/09/07","20:37:19.61","eq","l",2.95,"l",35.65917,-117.53667,8.8,"A",38817607,164,3390,2019-09-07 20:37:19.61
"2019/09/08","01:02:46.02","eq","l",2.54,"l",35.6935,-117.52667,8.6,"A",38817999,108,3194,2019-09-08 01:02:46.02
"2019/09/08","02:05:02.22","eq","l",3.48,"l",36.11217,-117.85167,3.5,"A",38818071,128,3385,2019-09-08 02:05:02.22
"2019/09/08","07:41:45.81","eq","l",2.86,"l",35.87433,-117.69317,3.1,"A",38818519,102,3295,2019-09-08 07:41:45.81
"2019/09/08","08:06:58.90","eq","l",2.56,"l",35.87517,-117.6895,3.6,"A",38818591,109,3106,2019-09-08 08:06:58.9
"2019/09/08","14:07:23.35","eq","l",3.59,"w",35.58067,-117.41483,5.2,"A",38819223,152,3436,2019-09-08 14:07:23.35
"2019/09/08","14:08:34.76","eq","l",2.54,"l",35.8765,-117.7105,9.7,"A",38819231,81,3127,2019-09-08 14:08:34.76
"2019/09/09","01:03:00.72","eq","l",2.8,"l",35.6295,-116.83867,0.3,"A",38820375,60,2622,2019-09-09 01:03:00.72
"2019/09/09","08:50:43.72","eq","l",2.54,"l",36.07233,-117.8595,2.2,"A",38821015,94,3074,2019-09-09 08:50:43.72
"2019/09/10","02:56:26.24","eq","l",2.55,"l",35.73817,-117.55017,8.2,"A",38823023,115,3161,2019-09-10 02:56:26.24
"2019/09/10","11:43:41.10","eq","l",2.67,"l",35.73733,-117.59417,10.3,"A",38823935,112,3242,2019-09-10 11:43:41.1
"2019/09/10","12:34:00.78","eq","l",2.96,"l",35.92117,-117.68633,3.7,"A",38824047,113,3323,2019-09-10 12:34:00.78
"2019/09/10","12:36:25.36","eq","l",2.5,"l",35.92367,-117.68483,3.7,"A",38824055,105,3082,2019-09-10 12:36:25.36
"2019/09/10","15:45:39.58","eq","l",2.73,"l",35.92583,-117.68617,3.7,"A",38824471,95,3223,2019-09-10 15:45:39.58
"2019/09/11","22:57:43.92","eq","l",2.54,"l",35.34583,-117.88183,2.5,"A",38828127,110,3176,2019-09-11 22:57:43.92
"2019/09/13","15:56:38.59","eq","l",2.52,"l",35.96767,-117.50217,3.8,"A",38833263,98,3099,2019-09-13 15:56:38.59
"2019/09/17","14:35:13.13","eq","l",2.65,"l",35.642,-117.43217,9.6,"A",38842039,97,3278,2019-09-17 14:35:13.13
"2019/09/17","19:40:53.38","eq","l",2.72,"l",35.883,-117.6795,4.7,"A",38842551,104,3211,2019-09-17 19:40:53.38
"2019/09/18","01:23:22.85","eq","l",2.5,"l",35.6015,-117.35817,2.5,"A",38843255,94,3199,2019-09-18 01:23:22.85
"2019/09/19","06:46:22.31","eq","l",2.58,"l",35.6155,-117.44117,6.5,"A",38845751,113,3224,2019-09-19 06:46:22.31
"2019/09/20","06:49:52.05","eq","l",2.7,"l",35.68733,-117.5095,10.5,"A",38847583,102,3280,2019-09-20 06:49:52.05
"2019/09/20","10:11:09.55","eq","l",2.69,"l",35.65833,-117.54233,8.1,"A",38847783,115,3277,2019-09-20 10:11:09.55
"2019/09/20","20:33:34.16","eq","l",2.9,"l",35.757,-117.57533,9.1,"A",38848871,113,3337,2019-09-20 20:33:34.16
"2019/09/21","02:47:31.46","eq","l",2.54,"l",36.01667,-117.3585,4.6,"A",38849487,94,3058,2019-09-21 02:47:31.46
"2019/09/21","15:19:22.87","eq","l",3.44,"l",35.54167,-117.45033,5.2,"A",38850247,115,3423,2019-09-21 15:19:22.87
"2019/09/23","05:02:35.95","eq","l",3.32,"l",36.09233,-117.86217,4.7,"A",38852871,107,3331,2019-09-23 05:02:35.95
"2019/09/24","15:43:22.69","eq","l",2.66,"l",35.81367,-117.64183,1,"A",38855927,79,3196,2019-09-24 15:43:22.69
"2019/09/24","16:08:13.48","eq","l",3.55,"lr",36.08983,-117.86083,4.7,"A",38855983,142,3388,2019-09-24 16:08:13.48
"2019/09/25","07:41:06.19","eq","l",2.7,"l",35.95117,-117.49633,4.8,"A",38857415,96,3152,2019-09-25 07:41:06.19
"2019/09/26","03:21:41.92","eq","l",2.83,"l",35.96467,-117.66533,3.4,"A",39094144,108,3224,2019-09-26 03:21:41.92
"2019/09/26","08:55:24.25","eq","l",3.04,"l",35.66567,-117.44633,9.4,"A",39094760,113,3386,2019-09-26 08:55:24.25
"2019/09/26","16:12:00.28","eq","l",3.27,"l",35.93617,-117.31817,3.2,"A",39095240,112,3410,2019-09-26 16:12:00.28
"2019/09/26","23:28:59.16","eq","l",2.52,"l",35.94967,-117.70133,4.3,"A",39095976,124,3063,2019-09-26 23:28:59.16
"2019/09/27","15:34:32.98","eq","l",3.23,"l",35.83,-117.65767,5.7,"A",39096944,113,3398,2019-09-27 15:34:32.98
"2019/09/28","02:03:37.69","eq","l",2.58,"l",35.70033,-117.53083,1.7,"A",39097800,97,3272,2019-09-28 02:03:37.69
"2019/09/28","09:09:24.04","eq","l",2.99,"l",35.723,-117.55333,3.9,"A",39098264,106,3368,2019-09-28 09:09:24.04
"2019/09/28","11:35:07.73","eq","l",2.68,"l",34.99233,-116.94667,6.5,"A",39098424,85,3185,2019-09-28 11:35:07.73
"2019/09/29","06:40:29.93","eq","l",3.44,"l",35.84117,-117.73667,4.8,"A",39099712,105,3392,2019-09-29 06:40:29.93
"2019/09/29","12:08:19.56","eq","l",2.77,"l",35.67333,-117.5275,8.7,"A",39099992,110,3307,2019-09-29 12:08:19.56
"2019/09/29","13:54:32.00","eq","l",3.06,"l",35.74633,-117.55483,8.2,"A",39100080,129,3352,2019-09-29 13:54:32
"2019/09/30","17:33:00.70","eq","l",2.88,"l",35.63767,-117.43333,5.2,"A",39101912,103,3380,2019-09-30 17:33:00.7
"2019/10/01","05:53:32.50","eq","l",2.71,"l",35.6485,-117.44017,2.5,"A",39103120,87,3253,2019-10-01 05:53:32.5
"2019/10/01","13:11:08.62","eq","l",3.59,"w",35.74367,-117.59283,5.9,"A",39103680,145,3364,2019-10-01 13:11:08.62
"2019/10/02","06:42:55.34","eq","l",2.59,"l",36.11483,-117.8495,1.6,"A",39105384,95,3057,2019-10-02 06:42:55.34
"2019/10/02","13:25:31.37","eq","l",2.92,"l",34.50783,-117.525,10.3,"A",39105928,247,3278,2019-10-02 13:25:31.37
"2019/10/05","12:41:13.67","eq","l",2.77,"l",35.706,-117.509,9.5,"A",39112864,118,3307,2019-10-05 12:41:13.67
"2019/10/05","15:22:38.11","eq","l",2.6,"l",35.78467,-117.609,9.3,"A",39113072,116,3193,2019-10-05 15:22:38.11
"2019/10/07","11:04:34.69","eq","l",2.51,"l",35.52067,-116.3165,2,"A",39116408,35,3118,2019-10-07 11:04:34.69
"2019/10/07","20:14:04.58","eq","l",2.53,"l",35.85167,-117.67933,4.9,"A",39117528,107,3178,2019-10-07 20:14:04.58
"2019/10/08","20:18:13.18","eq","l",2.74,"l",35.67367,-117.5455,4.6,"A",39120144,110,3241,2019-10-08 20:18:13.18
"2019/10/08","22:31:23.52","eq","l",2.55,"l",35.966,-117.68517,2.7,"A",39120480,98,3126,2019-10-08 22:31:23.52
"2019/10/09","20:09:06.51","eq","l",2.63,"l",35.65533,-117.554,7,"A",39122472,112,3253,2019-10-09 20:09:06.51
"2019/10/11","19:07:39.64","eq","l",2.79,"l",35.5785,-117.404,7.8,"A",39125680,90,3273,2019-10-11 19:07:39.64
"2019/10/13","02:12:37.81","eq","l",2.55,"l",35.61033,-117.5895,5.8,"A",39128520,107,3199,2019-10-13 02:12:37.81
"2019/10/13","15:48:38.89","eq","l",3.07,"l",35.6055,-117.4105,4.2,"A",39129768,106,3401,2019-10-13 15:48:38.89
"2019/10/14","04:57:27.29","eq","l",2.88,"l",35.5575,-117.341,3.5,"A",39130896,105,3352,2019-10-14 04:57:27.29
"2019/10/14","22:01:31.92","eq","l",2.52,"l",35.788,-117.6015,4.5,"A",39132368,95,3139,2019-10-14 22:01:31.92
"2019/10/15","10:15:15.07","eq","l",2.72,"l",35.56,-117.43117,4.6,"A",39133256,99,3323,2019-10-15 10:15:15.07
"2019/10/16","22:21:06.25","eq","l",2.62,"l",35.56083,-117.43317,4.5,"A",39136384,104,3316,2019-10-16 22:21:06.25
"2019/10/16","22:27:49.55","eq","l",2.7,"l",35.63717,-117.44983,3.1,"A",39136416,105,3340,2019-10-16 22:27:49.55
"2019/10/16","23:29:28.01","eq","l",2.82,"l",35.68317,-117.57133,8.8,"A",39136592,113,3351,2019-10-16 23:29:28.01
"2019/10/17","04:34:21.40","eq","l",3.02,"l",35.9775,-117.328,3.2,"A",39136912,100,3354,2019-10-17 04:34:21.4
"2019/10/17","05:29:41.10","eq","l",2.79,"l",35.84333,-117.47233,1.5,"A",39136984,113,3306,2019-10-17 05:29:41.1
"2019/10/18","05:34:54.01","eq","l",3.76,"lr",35.7775,-117.58783,10.2,"A",38905359,134,3438,2019-10-18 05:34:54.01
"2019/10/18","10:11:39.81","eq","l",2.57,"l",35.56917,-117.394,6.4,"A",38905479,104,3288,2019-10-18 10:11:39.81
"2019/10/20","11:32:02.72","eq","l",2.72,"l",35.70333,-117.57367,2.6,"A",38908095,96,3268,2019-10-20 11:32:02.72
"2019/10/21","10:13:53.23","eq","l",3.58,"l",35.56083,-117.434,4.3,"A",38909287,139,3446,2019-10-21 10:13:53.23
"2019/10/22","22:11:44.40","eq","l",2.71,"l",35.90783,-117.442,2.4,"A",38911919,107,3251,2019-10-22 22:11:44.4
"2019/10/23","02:08:40.57","eq","l",2.54,"l",35.14367,-117.29033,4.6,"A",38912159,90,3308,2019-10-23 02:08:40.57
"2019/10/23","05:58:36.17","eq","l",3.02,"l",35.89733,-117.6995,5.2,"A",38912351,115,3340,2019-10-23 05:58:36.17
"2019/10/26","10:55:45.04","eq","l",3.06,"l",35.3485,-117.8635,3.9,"A",38917943,116,3387,2019-10-26 10:55:45.04
"2019/10/27","07:33:27.81","eq","l",2.66,"l",35.6655,-117.48067,6,"A",38919663,99,3247,2019-10-27 07:33:27.81
"2019/10/27","07:39:56.69","eq","l",2.93,"l",35.3455,-117.86383,3.7,"A",38919679,124,3346,2019-10-27 07:39:56.69
"2019/10/27","14:09:12.14","eq","l",2.95,"l",35.90317,-117.72033,5.6,"A",38919871,101,3290,2019-10-27 14:09:12.14
"2019/10/29","01:50:07.09","eq","l",2.91,"l",35.68267,-117.571,10.5,"A",38921343,107,3348,2019-10-29 01:50:07.09
"2019/10/30","12:38:16.48","eq","l",2.82,"l",35.95667,-117.36883,2.5,"A",38923247,115,3295,2019-10-30 12:38:16.48
"2019/10/30","22:57:26.65","eq","l",3.58,"l",35.54667,-117.53033,4.2,"A",38923807,152,3436,2019-10-30 22:57:26.65
"2019/10/31","08:46:13.49","eq","l",2.67,"l",35.68683,-117.518,6.7,"A",38924439,121,3253,2019-10-31 08:46:13.49
"2019/10/31","08:49:14.02","eq","l",2.9,"l",35.66733,-117.50767,8.8,"A",38924447,81,6542,2019-10-31 08:49:14.02
"2019/11/03","13:07:36.00","eq","l",2.73,"l",35.89133,-117.73383,8.8,"A",38929959,111,3220,2019-11-03 13:07:36
"2019/11/03","15:18:33.07","eq","l",2.78,"l",35.62083,-117.43617,3.5,"A",38930111,119,3361,2019-11-03 15:18:33.07
"2019/11/03","15:45:55.63","eq","l",3.53,"l",35.63267,-117.43567,5.3,"A",38930143,161,3430,2019-11-03 15:45:55.63
"2019/11/05","02:13:21.76","eq","l",2.54,"l",35.95617,-117.71633,6.8,"A",38932711,109,3099,2019-11-05 02:13:21.76
"2019/11/05","08:26:31.46","eq","l",3.12,"l",35.615,-117.44533,7.1,"A",38933079,154,3392,2019-11-05 08:26:31.46
"2019/11/05","19:52:01.33","eq","l",2.92,"l",35.60833,-117.54733,9.4,"A",38934103,106,3355,2019-11-05 19:52:01.33
"2019/11/07","10:46:42.95","eq","l",2.89,"l",35.70433,-117.53183,10,"A",38228890,108,3324,2019-11-07 10:46:42.95
"2019/11/07","12:38:59.63","eq","l",3.47,"l",35.74733,-117.59183,9.2,"A",38229138,120,3420,2019-11-07 12:38:59.63
"2019/11/07","19:54:14.85","eq","l",2.59,"l",35.709,-117.5575,7.4,"A",38230146,118,3227,2019-11-07 19:54:14.85
"2019/11/07","20:24:36.27","eq","l",2.88,"l",35.82833,-117.66133,5.1,"A",38230242,138,3302,2019-11-07 20:24:36.27
"2019/11/08","08:55:39.67","eq","l",2.5,"l",35.96667,-117.662,4.1,"A",38231322,94,3011,2019-11-08 08:55:39.67
"2019/11/08","20:08:36.77","eq","l",2.51,"l",35.95467,-117.69233,2.5,"A",38232690,95,3105,2019-11-08 20:08:36.77
"2019/11/09","02:02:19.28","eq","l",2.73,"l",35.74867,-117.5935,9.7,"A",38233258,113,3251,2019-11-09 02:02:19.28
"2019/11/10","01:46:54.14","eq","l",2.82,"l",35.962,-117.32783,3.6,"A",38235370,97,3292,2019-11-10 01:46:54.14
"2019/11/13","05:28:27.04","eq","l",2.73,"l",35.68033,-117.5495,7.8,"A",38241730,96,3298,2019-11-13 05:28:27.04
"2019/11/13","19:26:53.25","eq","l",3.92,"w",35.60433,-117.4065,8.8,"A",38242914,110,3446,2019-11-13 19:26:53.25
"2019/11/13","19:28:18.21","eq","l",2.56,"l",35.6065,-117.40783,8.9,"A",38242930,89,3326,2019-11-13 19:28:18.21
"2019/11/16","09:25:04.66","eq","l",2.74,"l",36.1865,-117.86467,1.8,"A",38246946,94,3941,2019-11-16 09:25:04.66
"2019/11/16","22:11:21.34","eq","l",3.53,"l",36.187,-117.86167,2.5,"A",38247706,88,3394,2019-11-16 22:11:21.34
"2019/11/16","22:29:26.11","eq","l",3.41,"l",36.186,-117.86633,2.1,"A",38247754,96,3362,2019-11-16 22:29:26.11
"2019/11/16","23:52:24.75","eq","l",2.63,"l",36.19117,-117.87667,2.6,"A",38247962,77,3037,2019-11-16 23:52:24.75
"2019/11/17","08:02:35.98","eq","l",3.62,"w",36.1835,-117.86683,2.1,"A",38248602,92,3376,2019-11-17 08:02:35.98
"2019/11/18","22:22:21.07","eq","l",2.74,"l",36.07133,-117.8535,1.8,"A",38251610,95,3156,2019-11-18 22:22:21.07
"2019/11/19","02:40:43.34","eq","l",3.13,"l",35.6445,-117.47633,8.5,"A",38251970,112,3356,2019-11-19 02:40:43.34
"2019/11/20","22:51:10.39","eq","l",3.34,"l",35.681,-117.51383,8.9,"A",38254674,186,3381,2019-11-20 22:51:10.39
"2019/11/20","22:56:22.73","eq","l",2.69,"l",35.681,-117.51333,9.1,"A",38254682,109,3261,2019-11-20 22:56:22.73
"2019/11/21","08:14:36.60","eq","l",2.71,"l",35.68067,-117.55067,7.3,"A",38255018,100,3251,2019-11-21 08:14:36.6
"2019/11/23","00:14:05.44","eq","l",2.59,"l",35.91317,-117.715,7.5,"A",39202360,100,3135,2019-11-23 00:14:05.44
"2019/11/23","04:15:56.22","eq","l",2.66,"l",35.71633,-117.55417,8.8,"A",39202632,110,3204,2019-11-23 04:15:56.22
"2019/11/23","16:28:19.67","eq","l",2.5,"l",35.82683,-117.64217,8.6,"A",39203464,108,3068,2019-11-23 16:28:19.67
"2019/11/24","16:43:34.21","eq","l",2.73,"l",35.94817,-117.4635,4.6,"A",39204784,98,3233,2019-11-24 16:43:34.21
"2019/11/24","18:31:04.84","eq","l",2.62,"l",35.69417,-117.60733,8,"A",39204952,115,3216,2019-11-24 18:31:04.84
"2019/11/24","19:31:54.88","eq","l",2.63,"l",35.652,-117.45067,8.3,"A",39205016,98,3243,2019-11-24 19:31:54.88
"2019/11/25","18:54:44.72","eq","l",3.06,"l",35.61067,-117.58517,6.2,"A",39206144,105,3350,2019-11-25 18:54:44.72
"2019/11/26","00:06:03.16","eq","l",3.59,"w",35.5665,-117.35317,2.6,"A",39206448,181,3411,2019-11-26 00:06:03.16
"2019/11/26","00:09:07.24","eq","l",2.5,"l",35.5695,-117.357,3.3,"A",39206464,77,3219,2019-11-26 00:09:07.24
"2019/11/28","05:21:48.63","eq","l",2.56,"l",35.80733,-117.634,0.4,"C",39209328,97,3144,2019-11-28 05:21:48.63
"2019/11/28","06:00:17.33","eq","l",3.05,"l",36.09767,-117.86067,2.8,"A",39209360,90,3222,2019-11-28 06:00:17.33
"2019/11/28","22:30:03.70","eq","l",2.71,"l",35.59283,-117.398,6.1,"A",39209992,108,3223,2019-11-28 22:30:03.7
"2019/11/28","23:10:59.71","eq","l",3.5,"w",34.87517,-117.3905,2.4,"A",39210040,148,3340,2019-11-28 23:10:59.71
"2019/11/29","00:49:42.87","eq","l",3.72,"w",35.7125,-117.56783,8.6,"A",39210096,98,3328,2019-11-29 00:49:42.87
"2019/11/30","05:11:00.08","eq","l",2.71,"l",36.10617,-117.85667,2.9,"A",39211288,89,3045,2019-11-30 05:11:00.08
"2019/12/01","09:53:43.42","eq","l",2.75,"l",35.65117,-117.43933,8.8,"A",39212864,118,3202,2019-12-01 09:53:43.42
"2019/12/02","12:01:33.88","eq","l",2.54,"l",35.79567,-117.6265,6.3,"A",39213960,102,3043,2019-12-02 12:01:33.88
"2019/12/02","16:29:37.91","eq","l",2.54,"l",35.78367,-117.60283,10.9,"A",39214096,96,3064,2019-12-02 16:29:37.91
"2019/12/05","03:13:07.14","eq","l",2.52,"l",35.64,-117.46717,4.3,"A",39217488,87,3103,2019-12-05 03:13:07.14
"2019/12/05","08:55:31.65","eq","l",3.79,"w",35.69467,-117.60983,8,"A",39217768,125,3325,2019-12-05 08:55:31.65
"2019/12/05","10:49:02.02","eq","l",3.13,"l",35.55833,-117.43433,4.8,"A",39217824,76,3266,2019-12-05 10:49:02.02
"2019/12/05","11:57:41.76","eq","l",2.71,"l",35.6925,-117.60733,7.5,"A",39217856,110,3169,2019-12-05 11:57:41.76
"2019/12/06","05:33:20.72","eq","l",3.31,"l",36.10567,-117.85567,2.6,"A",39219160,100,3304,2019-12-06 05:33:20.72
"2019/12/08","00:19:08.44","eq","l",2.82,"l",35.786,-117.60817,4.2,"A",39221464,111,3270,2019-12-08 00:19:08.44
"2019/12/08","00:19:18.01","eq","l",2.63,"l",35.78717,-117.62817,5,"A",37344924,42,3159,2019-12-08 00:19:18.01
"2019/12/09","20:47:33.86","eq","l",2.92,"l",35.882,-117.68367,6.4,"A",39223768,113,3279,2019-12-09 20:47:33.86
"2019/12/10","18:57:12.54","eq","l",2.99,"l",35.8265,-117.66733,7.7,"A",39225152,88,3276,2019-12-10 18:57:12.54
"2019/12/11","23:28:09.05","eq","l",2.7,"h",35.669,-117.48083,4.3,"C",39227264,8,3119,2019-12-11 23:28:09.05
"2019/12/12","11:13:40.81","eq","l",3.51,"w",35.675,-117.5225,9.6,"A",39228040,114,3293,2019-12-12 11:13:40.81
"2019/12/14","19:31:47.15","eq","l",2.87,"l",35.80383,-117.62583,4.6,"A",39230816,114,3230,2019-12-14 19:31:47.15
"2019/12/16","07:16:43.49","eq","l",2.74,"l",36.11267,-117.855,3.1,"A",39231920,100,3092,2019-12-16 07:16:43.49
"2019/12/16","08:13:14.42","eq","l",2.66,"l",36.111,-117.85617,2.5,"A",39231968,84,3027,2019-12-16 08:13:14.42
"2019/12/16","14:06:50.11","eq","l",3.47,"l",35.61617,-117.47133,6.8,"A",39232240,136,3311,2019-12-16 14:06:50.11
"2019/12/16","22:15:58.55","eq","l",3.56,"l",35.6705,-117.52717,9.3,"A",39232664,209,3381,2019-12-16 22:15:58.55
"2019/12/17","06:57:45.22","eq","l",3.6,"l",35.71533,-117.57183,7.1,"A",39232936,118,3321,2019-12-17 06:57:45.22
"2019/12/17","15:28:32.43","eq","l",2.65,"l",35.67133,-117.52567,10.1,"A",39233216,96,3158,2019-12-17 15:28:32.43
"2019/12/17","17:02:19.90","eq","l",2.61,"l",36.11,-117.85833,2.6,"A",39233368,82,3010,2019-12-17 17:02:19.9
"2019/12/17","22:01:41.62","eq","l",2.61,"l",35.61867,-117.44067,6.6,"A",39233728,102,3208,2019-12-17 22:01:41.62
"2019/12/18","11:48:45.77","eq","l",2.57,"l",35.60183,-117.4815,7.8,"A",39234568,106,3156,2019-12-18 11:48:45.77
"2019/12/19","20:05:26.81","eq","l",3.05,"l",35.91333,-117.709,4.4,"A",39005887,113,3286,2019-12-19 20:05:26.81
"2019/12/20","06:09:11.09","eq","l",2.54,"l",36.13167,-117.8665,2.5,"A",39006567,100,2979,2019-12-20 06:09:11.09
"2019/12/20","08:00:34.43","eq","l",3.11,"l",35.909,-117.70517,4.8,"A",39006607,102,3287,2019-12-20 08:00:34.43
"2019/12/20","08:05:50.15","eq","l",2.54,"l",35.9065,-117.7065,3.5,"A",39006639,103,3047,2019-12-20 08:05:50.15
"2019/12/20","08:28:57.24","eq","l",2.6,"l",35.717,-117.52933,7.6,"A",39006711,91,3158,2019-12-20 08:28:57.24
"2019/12/20","19:30:47.22","eq","l",3.17,"l",35.6635,-117.56533,6.5,"A",39007423,128,3342,2019-12-20 19:30:47.22
"2019/12/21","00:22:47.79","eq","l",3.84,"l",35.65117,-117.44917,3.5,"A",39007775,142,3410,2019-12-21 00:22:47.79
"2019/12/21","06:32:05.30","eq","l",2.54,"l",35.70683,-117.5035,9.9,"A",39008175,104,3133,2019-12-21 06:32:05.3
"2019/12/21","08:05:55.36","eq","l",2.7,"l",35.8655,-117.6765,5.1,"A",39008279,104,3133,2019-12-21 08:05:55.36
"2019/12/21","08:24:32.62","eq","l",3.91,"w",35.64667,-117.458,4.3,"A",39008311,125,3384,2019-12-21 08:24:32.62
"2019/12/21","22:39:45.02","eq","l",2.58,"l",35.867,-117.67817,5.3,"A",39009119,105,3086,2019-12-21 22:39:45.02
"2019/12/24","09:10:02.77","eq","l",2.82,"l",35.85167,-117.68683,6.4,"A",39011687,104,3144,2019-12-24 09:10:02.77
"2019/12/25","05:54:54.57","eq","l",2.52,"l",35.94283,-117.723,3,"A",39012767,91,3022,2019-12-25 05:54:54.57
"2019/12/25","09:32:45.93","eq","l",2.84,"l",35.98167,-117.40783,1.5,"A",39012911,93,3202,2019-12-25 09:32:45.93
"2019/12/26","04:12:00.18","eq","l",3.32,"l",35.94983,-117.368,2.5,"A",39013663,93,3246,2019-12-26 04:12:00.18
"2019/12/27","02:21:47.90","eq","l",3.95,"l",35.76867,-117.5935,8,"A",39014215,109,3285,2019-12-27 02:21:47.9
"2019/12/28","07:35:17.66","eq","l",2.51,"l",35.82367,-117.64567,3.8,"A",39015311,74,2999,2019-12-28 07:35:17.66
"2019/12/28","08:43:29.51","eq","l",3.15,"l",35.615,-117.41967,9.2,"A",39015367,122,3288,2019-12-28 08:43:29.51
"2019/12/30","10:41:05.64","eq","l",2.92,"l",35.86667,-117.7015,8.1,"A",39017359,103,3169,2019-12-30 10:41:05.64
"2019/12/30","22:01:13.94","eq","l",2.54,"l",35.76567,-117.5735,6.2,"A",39017999,75,3020,2019-12-30 22:01:13.94
"2020/01/01","13:57:05.76","eq","l",2.71,"l",35.98333,-117.3155,2.7,"A",39019863,92,3083,2020-01-01 13:57:05.76
"2020/01/03","05:48:05.43","eq","l",3.14,"l",35.79283,-117.61633,5.4,"A",39021735,93,3308,2020-01-03 05:48:05.43
"2020/01/04","04:48:51.24","eq","l",2.78,"l",35.60033,-117.40633,8.2,"A",39023047,133,3278,2020-01-04 04:48:51.24
"2020/01/05","00:55:52.09","eq","l",2.63,"l",35.97717,-117.3975,2.8,"A",39023815,116,3101,2020-01-05 00:55:52.09
"2020/01/05","22:34:51.03","eq","l",2.89,"l",35.65767,-117.526,2.1,"A",39024647,118,3313,2020-01-05 22:34:51.03
"2020/01/06","07:03:13.59","eq","l",2.77,"l",35.74033,-117.56633,3.4,"A",39025199,118,3245,2020-01-06 07:03:13.59
"2020/01/08","16:11:18.17","eq","l",3.48,"l",35.6765,-117.54783,6.6,"A",39028647,108,3364,2020-01-08 16:11:18.17
"2020/01/11","05:45:28.26","eq","l",2.8,"l",35.90967,-117.6935,3.4,"A",39032247,93,3219,2020-01-11 05:45:28.26
"2020/01/14","14:39:57.99","eq","l",2.59,"l",35.86267,-117.68767,4.2,"A",39035887,87,3069,2020-01-14 14:39:57.99
"2020/01/15","05:02:41.61","eq","l",2.5,"l",35.58017,-117.41417,6,"A",39036639,98,3122,2020-01-15 05:02:41.61
"2020/01/17","11:50:13.03","eq","l",2.52,"l",35.59783,-117.59833,4.4,"A",39273664,101,3119,2020-01-17 11:50:13.03
"2020/01/17","13:06:21.47","eq","l",3.01,"l",35.64533,-117.48267,9.1,"A",39273704,100,3302,2020-01-17 13:06:21.47
"2020/01/18","17:15:13.24","eq","l",2.6,"l",35.0025,-118.8745,14.1,"A",39274856,96,3155,2020-01-18 17:15:13.24
"2020/01/20","09:27:14.77","eq","l",2.53,"l",35.58933,-117.39733,8.3,"A",39276056,109,2953,2020-01-20 09:27:14.77
"2020/01/21","02:08:19.12","eq","l",3.07,"l",35.61733,-117.432,10.2,"A",39276560,187,3135,2020-01-21 02:08:19.12
"2020/01/21","03:00:10.65","eq","l",2.79,"l",35.61667,-117.4305,10.3,"A",39276616,87,3081,2020-01-21 03:00:10.65
"2020/01/21","20:08:03.28","eq","l",2.68,"l",35.80017,-117.60617,11,"A",39277104,100,3178,2020-01-21 20:08:03.28
"2020/01/25","03:03:34.92","eq","l",4.62,"w",35.0975,-116.96967,3.1,"A",39281440,83,3406,2020-01-25 03:03:34.92
"2020/01/25","03:09:43.60","eq","l",3.03,"l",35.09467,-116.96783,3.3,"A",39281456,65,3247,2020-01-25 03:09:43.6
"2020/01/25","07:11:34.64","eq","l",2.64,"l",35.09517,-116.96917,2.9,"A",39281600,61,3170,2020-01-25 07:11:34.64
"2020/01/25","10:31:39.11","eq","l",2.63,"l",35.007,-118.87483,12.7,"A",39281688,110,3133,2020-01-25 10:31:39.11
"2020/01/27","05:25:22.80","eq","l",3.09,"l",34.9955,-116.94067,4.5,"A",39283296,69,3233,2020-01-27 05:25:22.8
"2020/01/28","14:22:51.12","eq","l",2.57,"l",35.90667,-117.73217,7.7,"A",39284936,97,3012,2020-01-28 14:22:51.12
"2020/01/30","06:58:52.71","eq","l",2.84,"l",35.05567,-118.3195,1.9,"A",39286528,107,3068,2020-01-30 06:58:52.71
"2020/01/31","10:29:12.39","eq","l",2.75,"l",35.51967,-117.40467,7.4,"A",39287752,100,3241,2020-01-31 10:29:12.39
"2020/02/02","10:09:33.69","eq","l",2.7,"l",35.758,-117.57017,6.2,"A",39290016,94,3161,2020-02-02 10:09:33.69
"2020/02/03","21:41:21.67","eq","l",2.84,"l",35.54667,-117.52417,4.3,"A",39291168,102,3301,2020-02-03 21:41:21.67
"2020/02/04","23:21:21.12","eq","l",2.67,"l",35.801,-117.62317,6.7,"A",39292256,98,3066,2020-02-04 23:21:21.12
"2020/02/06","13:20:43.71","eq","l",2.95,"l",35.68117,-117.40467,7.1,"A",39293816,107,3199,2020-02-06 13:20:43.71
"2020/02/08","10:11:26.89","eq","l",2.91,"l",35.9555,-117.3665,1,"A",39296232,87,3139,2020-02-08 10:11:26.89
"2020/02/08","18:57:27.28","eq","l",2.94,"l",35.5285,-117.37967,8,"A",39296600,109,3221,2020-02-08 18:57:27.28
"2020/02/08","19:34:20.72","eq","l",3.93,"w",35.095,-116.96717,2.3,"A",39296624,81,3318,2020-02-08 19:34:20.72
"2020/02/09","02:51:43.19","eq","l",2.69,"l",35.095,-116.9645,3.5,"A",39296912,55,3172,2020-02-09 02:51:43.19
"2020/02/09","05:08:13.69","eq","l",2.81,"l",35.7165,-117.5515,5.6,"A",39296968,107,3137,2020-02-09 05:08:13.69
"2020/02/09","11:56:00.66","eq","l",2.78,"l",35.7135,-117.5655,4.4,"A",39297136,104,3128,2020-02-09 11:56:00.66
"2020/02/09","13:12:43.02","eq","l",2.71,"l",35.73483,-117.53733,6.7,"A",39297176,96,3088,2020-02-09 13:12:43.02
"2020/02/09","18:19:27.00","eq","l",2.53,"l",35.53,-117.3775,8,"A",39297288,103,3091,2020-02-09 18:19:27
"2020/02/13","12:55:47.41","eq","l",3.16,"l",35.827,-116.60183,1.1,"A",39070271,75,3206,2020-02-13 12:55:47.41
"2020/02/14","11:35:23.08","eq","l",2.51,"l",35.3285,-118.61867,5.8,"A",39071423,101,2978,2020-02-14 11:35:23.08
"2020/02/18","19:04:19.78","eq","l",3.15,"l",36.20833,-118.12783,2,"A",39075799,139,3111,2020-02-18 19:04:19.78
"2020/02/19","01:41:50.09","eq","l",2.53,"l",36.21117,-118.1295,2.2,"A",39076271,81,2817,2020-02-19 01:41:50.09
"2020/02/20","07:12:30.96","eq","l",2.78,"l",35.92933,-117.70483,4.2,"A",39077847,100,3080,2020-02-20 07:12:30.96
"2020/02/20","08:53:20.27","eq","l",3.18,"l",35.6265,-117.47317,8.8,"A",39077911,109,3255,2020-02-20 08:53:20.27
"2020/02/21","13:42:53.41","eq","l",3.52,"w",34.5075,-118.6345,18.1,"A",39079535,239,3329,2020-02-21 13:42:53.41
"2020/02/21","18:39:39.62","eq","l",3.11,"l",35.67033,-117.53,8.8,"A",39079791,133,3294,2020-02-21 18:39:39.62
"2020/02/22","07:22:49.67","eq","l",2.61,"l",35.776,-117.61833,9.8,"A",39080439,104,3087,2020-02-22 07:22:49.67
"2020/02/24","18:50:25.67","eq","l",2.53,"l",35.91367,-117.67517,3.3,"A",39082327,83,3015,2020-02-24 18:50:25.67
"2020/02/25","17:16:03.90","eq","l",3.24,"l",35.67883,-117.4625,5.2,"A",39083119,120,3308,2020-02-25 17:16:03.9
"2020/02/25","22:35:19.32","eq","l",3.32,"l",35.35467,-117.81583,4.3,"A",39083439,126,3289,2020-02-25 22:35:19.32
"2020/02/29","12:35:37.93","eq","l",3.1,"l",35.84733,-117.677,4.6,"A",39087367,152,3207,2020-02-29 12:35:37.93
"2020/03/01","12:21:47.45","eq","l",2.63,"l",35.655,-117.46617,8.4,"A",39088143,72,2839,2020-03-01 12:21:47.45
"2020/03/03","00:32:50.88","eq","l",3.25,"l",35.89633,-117.69983,4.5,"A",39089007,76,3066,2020-03-03 00:32:50.88
"2020/03/03","14:46:04.80","eq","l",2.61,"l",35.8095,-117.6405,8.2,"A",39089391,73,2902,2020-03-03 14:46:04.8
"2020/03/04","07:49:56.70","eq","l",2.59,"l",35.703,-117.48367,7.1,"A",39090015,81,2875,2020-03-04 07:49:56.7
"2020/03/04","10:01:31.66","eq","l",2.97,"l",35.794,-117.62267,3.1,"A",39090087,79,3034,2020-03-04 10:01:31.66
"2020/03/07","01:40:51.63","eq","l",2.52,"l",35.8065,-117.64817,9.3,"A",38385850,89,3032,2020-03-07 01:40:51.63
"2020/03/07","08:49:13.25","eq","l",3.44,"l",36.1115,-117.86417,2.6,"A",38386162,73,3332,2020-03-07 08:49:13.25
"2020/03/07","12:51:16.87","eq","l",3.66,"w",36.1145,-117.86217,2.1,"A",38386410,75,3332,2020-03-07 12:51:16.87
"2020/03/08","00:33:32.00","eq","l",3.81,"w",36.11083,-117.86233,2.2,"A",38387018,82,3364,2020-03-08 00:33:32
"2020/03/11","04:55:52.99","eq","l",2.76,"l",35.60133,-117.398,7.8,"A",38390530,72,3202,2020-03-11 04:55:52.99
"2020/03/11","21:02:17.96","eq","l",2.72,"l",36.2495,-117.25283,3,"A",38391418,65,3064,2020-03-11 21:02:17.96
"2020/03/16","15:28:13.59","eq","l",2.55,"l",35.874,-117.68567,4.9,"A",38395578,90,2883,2020-03-16 15:28:13.59
"2020/03/17","01:57:03.72","eq","l",3.45,"l",35.95533,-117.36433,2.3,"A",38395986,74,3122,2020-03-17 01:57:03.72
"2020/03/18","12:49:36.91","eq","l",2.75,"l",35.71417,-117.56783,5.5,"A",39106375,80,3019,2020-03-18 12:49:36.91
"2020/03/20","11:52:54.03","eq","l",3.59,"l",35.66317,-117.523,9.8,"A",39108583,78,3244,2020-03-20 11:52:54.03
"2020/03/20","12:17:28.33","eq","l",2.53,"l",35.664,-117.521,10.2,"A",39108623,86,2987,2020-03-20 12:17:28.33
"2020/03/22","21:08:21.40","eq","l",2.51,"l",35.5965,-117.43083,7.3,"A",39111743,88,2997,2020-03-22 21:08:21.4
"2020/03/23","05:53:57.26","eq","l",4.32,"w",35.9555,-117.363,0.9,"A",39111991,78,3303,2020-03-23 05:53:57.26
"2020/03/24","13:38:32.29","eq","l",2.82,"l",36.45233,-117.977,6.5,"A",39113839,54,2843,2020-03-24 13:38:32.29
"2020/03/24","17:01:09.66","eq","l",2.98,"l",36.102,-117.86567,2.5,"A",39114071,67,3003,2020-03-24 17:01:09.66
"2020/03/25","04:29:51.75","eq","l",2.89,"l",36.09917,-117.86617,2.2,"A",39114751,65,2965,2020-03-25 04:29:51.75
"2020/03/26","08:13:42.55","eq","l",3.04,"l",35.5955,-117.3935,6.7,"A",39116263,80,3080,2020-03-26 08:13:42.55
"2020/03/26","13:22:26.54","eq","l",2.62,"l",35.85683,-117.69133,4.9,"A",39116415,76,2880,2020-03-26 13:22:26.54
"2020/03/26","16:30:27.02","eq","l",2.64,"l",35.91467,-117.73683,4,"A",39116647,74,2856,2020-03-26 16:30:27.02
"2020/03/27","01:46:50.06","eq","l",2.55,"l",34.95233,-116.66117,11.4,"A",39117431,56,3017,2020-03-27 01:46:50.06
"2020/03/30","01:42:14.06","eq","l",2.51,"l",35.01017,-118.502,2.3,"A",39120671,112,2958,2020-03-30 01:42:14.06
"2020/03/31","00:56:48.12","eq","l",2.66,"l",35.41083,-118.22033,9.3,"A",39121855,99,3082,2020-03-31 00:56:48.12
"2020/04/02","04:01:53.14","eq","l",2.59,"l",35.807,-117.62433,6.7,"A",39124391,65,2877,2020-04-02 04:01:53.14
"2020/04/03","12:44:59.29","eq","l",2.72,"l",36.14733,-117.92267,3.3,"A",39125343,60,2881,2020-04-03 12:44:59.29
"2020/04/04","03:17:46.63","eq","l",3.49,"w",35.01017,-118.49867,2.4,"A",39127167,225,3286,2020-04-04 03:17:46.63
"2020/04/05","10:23:43.83","eq","l",2.73,"l",35.36967,-118.0905,1.4,"A",39133167,102,3047,2020-04-05 10:23:43.83
"2020/04/06","18:10:02.97","eq","l",3.03,"l",35.67683,-117.51883,9.1,"A",39138391,81,3196,2020-04-06 18:10:02.97
"2020/04/07","08:27:20.17","eq","l",2.68,"l",35.673,-117.52383,9.4,"A",39139775,71,3088,2020-04-07 08:27:20.17
"2020/04/07","20:16:46.75","eq","l",2.96,"l",35.9585,-117.36717,2.3,"A",39141103,66,3066,2020-04-07 20:16:46.75
"2020/04/13","11:58:54.53","eq","l",2.63,"l",35.90617,-117.74217,7.8,"A",39385752,71,3000,2020-04-13 11:58:54.53
"2020/04/13","23:36:22.93","eq","l",3.19,"l",35.67417,-117.4265,6,"A",39386896,77,3189,2020-04-13 23:36:22.93
"2020/04/14","06:14:28.42","eq","l",3.26,"l",36.11067,-117.847,3.8,"A",39387336,74,3140,2020-04-14 06:14:28.42
"2020/04/15","07:14:46.61","eq","l",2.55,"l",35.78183,-117.59433,7.1,"A",39389104,77,2860,2020-04-15 07:14:46.61
"2020/04/18","12:50:14.78","eq","l",3.44,"w",36,-117.36067,2.2,"A",39395080,79,3239,2020-04-18 12:50:14.78
"2020/04/18","13:03:01.49","eq","l",3.39,"l",35.99983,-117.36183,2.4,"A",39395096,76,3161,2020-04-18 13:03:01.49
"2020/04/20","23:27:58.26","eq","l",2.74,"l",35.61767,-117.4225,10.1,"A",39398768,80,3072,2020-04-20 23:27:58.26
"2020/04/21","18:20:44.30","eq","l",2.67,"l",35.96283,-116.7465,2.3,"A",39399720,52,2958,2020-04-21 18:20:44.3
"2020/04/23","03:31:16.78","eq","l",2.7,"l",35.29983,-118.58517,5.9,"A",39402088,93,2964,2020-04-23 03:31:16.78
"2020/04/27","03:46:00.41","eq","l",4,"w",35.67383,-117.49633,8.8,"A",39406880,195,3322,2020-04-27 03:46:00.41
"2020/04/28","18:40:21.24","eq","l",2.54,"l",35.86583,-117.66683,7.2,"A",39408848,92,2970,2020-04-28 18:40:21.24
"2020/04/28","21:15:12.58","eq","l",2.57,"l",35.81617,-117.6485,2,"A",39409056,51,2994,2020-04-28 21:15:12.58
"2020/04/29","13:11:02.40","eq","l",2.77,"l",35.7915,-117.61583,6.5,"A",39409760,101,3084,2020-04-29 13:11:02.4
"2020/05/04","13:35:36.37","eq","l",2.56,"l",36.0875,-117.89217,5.1,"A",38478986,62,2884,2020-05-04 13:35:36.37
"2020/05/04","14:43:16.43","eq","l",2.62,"l",36.087,-117.8935,5.2,"A",38479090,70,2976,2020-05-04 14:43:16.43
"2020/05/05","15:12:25.90","eq","l",2.98,"l",36.4585,-117.976,6.4,"A",38480762,66,2962,2020-05-05 15:12:25.9
"2020/05/06","02:57:05.14","eq","l",2.75,"l",34.98133,-116.93683,4.8,"A",38481818,64,3117,2020-05-06 02:57:05.14
"2020/05/07","05:03:08.32","eq","l",2.77,"l",36.10417,-117.58817,1.3,"A",38483562,90,2958,2020-05-07 05:03:08.32
"2020/05/07","07:35:04.62","eq","l",2.64,"l",36.45883,-117.97567,5.3,"A",38483666,67,2798,2020-05-07 07:35:04.62
"2020/05/08","20:35:33.27","eq","l",2.62,"l",35.55983,-117.4305,4.1,"A",38485930,85,3095,2020-05-08 20:35:33.27
"2020/05/08","23:40:48.69","eq","l",2.6,"l",35.30483,-118.5275,3.9,"A",38486090,112,3011,2020-05-08 23:40:48.69
"2020/05/09","09:59:14.44","eq","l",2.93,"l",35.95667,-117.33583,3.2,"A",38486594,84,3061,2020-05-09 09:59:14.44
"2020/05/11","22:59:16.70","eq","l",2.58,"l",35.71367,-117.55217,4.6,"A",38490210,72,2964,2020-05-11 22:59:16.7
"2020/05/13","05:29:42.50","eq","l",2.52,"l",35.66083,-117.506,2.8,"A",38491842,76,2964,2020-05-13 05:29:42.5
"2020/05/13","09:03:47.21","eq","l",2.93,"l",36.4545,-117.97683,4.5,"A",38491946,66,2842,2020-05-13 09:03:47.21
"2020/05/14","23:37:40.04","eq","l",3.26,"l",35.596,-117.41883,6.1,"A",39200671,134,3117,2020-05-14 23:37:40.04
"2020/05/15","08:21:00.70","eq","l",2.58,"l",36.45767,-117.978,6.4,"A",39200959,78,2676,2020-05-15 08:21:00.7
"2020/05/16","01:46:57.03","eq","l",3.4,"l",36.1515,-117.92333,2.2,"A",39202447,163,3188,2020-05-16 01:46:57.03
"2020/05/16","03:31:06.58","eq","l",3.06,"l",35.9555,-117.3355,3.3,"A",39202567,67,3027,2020-05-16 03:31:06.58
"2020/05/17","13:49:30.61","eq","l",3.11,"l",35.87833,-117.6825,3.9,"A",39204695,142,3061,2020-05-17 13:49:30.61
"2020/05/20","16:40:56.40","eq","l",3.58,"w",35.70317,-117.497,9,"A",39208391,118,3241,2020-05-20 16:40:56.4
"2020/05/24","11:30:37.12","eq","l",3.53,"l",35.871,-117.71667,7,"A",39214127,194,3181,2020-05-24 11:30:37.12
"2020/05/24","12:55:09.24","eq","l",3.78,"w",35.87083,-117.71633,7.1,"A",39214247,206,3216,2020-05-24 12:55:09.24
"2020/05/27","04:52:31.08","eq","l",3.66,"w",35.385,-118.9645,16,"A",39218863,224,3182,2020-05-27 04:52:31.08
"2020/06/02","15:14:47.76","eq","l",2.64,"l",35.89483,-117.72583,7.1,"A",39227191,70,2939,2020-06-02 15:14:47.76
"2020/06/03","04:36:23.39","eq","l",3.9,"w",35.23017,-117.18433,1.5,"A",39227895,225,3270,2020-06-03 04:36:23.39
"2020/06/03","15:33:36.84","eq","l",3.11,"l",36.14467,-117.98417,2,"A",39228631,153,3104,2020-06-03 15:33:36.84
"2020/06/03","15:34:37.64","eq","l",2.54,"l",36.14567,-117.98417,2.7,"A",39228639,80,2859,2020-06-03 15:34:37.64
"2020/06/03","23:13:45.07","eq","l",3.44,"l",36.14683,-117.98267,1.8,"A",39462368,148,3190,2020-06-03 23:13:45.07
"2020/06/04","01:32:11.14","eq","l",5.51,"w",35.61483,-117.42817,8.4,"A",39462536,230,3295,2020-06-04 01:32:11.14
"2020/06/04","01:35:57.64","eq","l",2.67,"l",35.59983,-117.4005,10.2,"A",39462552,40,3099,2020-06-04 01:35:57.64
"2020/06/04","01:42:17.35","eq","l",2.71,"l",35.61217,-117.415,9,"A",39462592,90,3123,2020-06-04 01:42:17.35
"2020/06/04","01:42:35.76","eq","l",2.56,"l",35.63967,-117.41233,9.3,"A",39462600,70,3111,2020-06-04 01:42:35.76
"2020/06/04","01:52:45.90","eq","l",3.28,"l",35.6245,-117.42433,10.1,"A",39462672,83,3181,2020-06-04 01:52:45.9
"2020/06/04","02:04:00.09","eq","l",3.01,"l",35.625,-117.4205,9.6,"A",39462744,89,3147,2020-06-04 02:04:00.09
"2020/06/04","02:07:26.60","eq","l",3.22,"l",35.60683,-117.40983,8.2,"A",39462768,86,3165,2020-06-04 02:07:26.6
"2020/06/04","02:15:27.91","eq","l",2.57,"l",35.61083,-117.40933,9.1,"A",39462832,76,3024,2020-06-04 02:15:27.91
"2020/06/04","02:27:54.61","eq","l",4.16,"w",36.14983,-117.97967,2,"A",39462920,78,3268,2020-06-04 02:27:54.61
"2020/06/04","02:43:57.79","eq","l",3.26,"l",35.62167,-117.41183,9.3,"A",39463040,85,3159,2020-06-04 02:43:57.79
"2020/06/04","03:32:45.75","eq","l",2.53,"l",35.65067,-117.45017,2.8,"A",39463272,69,2914,2020-06-04 03:32:45.75
"2020/06/04","03:39:11.44","eq","l",2.95,"l",35.59667,-117.40167,8.8,"A",39463304,84,3115,2020-06-04 03:39:11.44
"2020/06/04","03:47:35.70","eq","l",3.1,"l",35.63133,-117.421,8.8,"A",39463336,171,3146,2020-06-04 03:47:35.7
"2020/06/04","04:37:46.51","eq","l",3.54,"l",35.60617,-117.40833,6.3,"A",39463528,85,3242,2020-06-04 04:37:46.51
"2020/06/04","08:47:16.44","eq","l",2.68,"l",35.61483,-117.42067,9.9,"A",39464208,81,3020,2020-06-04 08:47:16.44
"2020/06/04","10:27:28.65","eq","l",3.64,"l",35.64583,-117.42333,6,"A",39464360,94,3243,2020-06-04 10:27:28.65
"2020/06/05","11:07:58.59","eq","l",2.5,"l",36.14583,-117.98733,2.3,"A",39466504,77,2761,2020-06-05 11:07:58.59
"2020/06/05","22:20:02.69","eq","l",2.71,"l",36.15133,-117.98283,2.7,"A",39467392,71,2925,2020-06-05 22:20:02.69
"2020/06/07","03:42:04.12","eq","l",3.49,"w",36.14783,-117.98433,2.7,"A",39468648,169,3223,2020-06-07 03:42:04.12
"2020/06/08","04:15:05.77","eq","l",4.29,"w",35.63767,-117.4175,3.6,"A",39469848,90,3289,2020-06-08 04:15:05.77
"2020/06/11","04:14:12.59","eq","l",3.62,"l",35.83533,-117.68183,7.8,"A",39473968,200,3282,2020-06-11 04:14:12.59
"2020/06/13","06:45:06.93","eq","l",3.14,"l",35.90267,-117.705,2.7,"A",39477608,79,3156,2020-06-13 06:45:06.93
"2020/06/16","05:58:22.78","eq","l",3.8,"w",36.04333,-117.80733,1.3,"A",39481424,83,3285,2020-06-16 05:58:22.78
"2020/06/17","20:32:03.57","eq","l",2.91,"l",35.3635,-118.48,1.8,"A",39483392,98,3054,2020-06-17 20:32:03.57
"2020/06/18","18:14:25.20","eq","l",2.9,"l",35.64583,-117.43767,2.9,"A",39484352,78,3103,2020-06-18 18:14:25.2
"2020/06/18","21:37:17.64","eq","l",2.76,"l",35.82933,-117.65433,7.1,"A",39484672,85,3059,2020-06-18 21:37:17.64
"2020/06/19","12:54:16.57","eq","l",2.54,"l",35.64667,-117.43783,2.7,"A",39485616,78,2990,2020-06-19 12:54:16.57
"2020/06/23","00:25:46.39","eq","l",4.65,"w",36.44667,-117.984,2.3,"A",39490952,225,3316,2020-06-23 00:25:46.39
"2020/06/23","00:26:46.47","eq","l",3.26,"l",36.4545,-117.99,7.4,"A",37447541,16,3157,2020-06-23 00:26:46.47
"2020/06/23","00:30:52.73","eq","l",3.82,"w",36.45033,-117.97767,3.8,"A",39490968,152,3223,2020-06-23 00:30:52.73
"2020/06/23","00:33:57.56","eq","l",2.95,"l",36.446,-117.97517,6.7,"A",39490976,65,2992,2020-06-23 00:33:57.56
"2020/06/23","00:44:42.45","eq","l",2.88,"l",36.44483,-117.9865,5.8,"A",39491000,58,2922,2020-06-23 00:44:42.45
"2020/06/23","01:39:49.74","eq","l",2.69,"l",36.44717,-117.988,4.8,"A",39491104,65,2853,2020-06-23 01:39:49.74
"2020/06/23","01:46:08.43","eq","l",2.83,"l",36.4465,-117.97567,6.6,"A",39491112,67,2886,2020-06-23 01:46:08.43
"2020/06/23","02:51:58.48","eq","l",3.79,"w",36.4465,-117.983,4.3,"A",39491208,91,3242,2020-06-23 02:51:58.48
"2020/06/23","02:52:06.44","eq","l",3.66,"l",36.445,-117.98333,0.2,"A",37447621,7,3233,2020-06-23 02:52:06.44
"2020/06/23","06:48:10.43","eq","l",3.15,"l",36.4585,-117.98083,5,"A",39491464,82,3007,2020-06-23 06:48:10.43
"2020/06/23","06:48:25.29","eq","l",2.88,"l",36.46233,-117.99333,6.5,"A",37447629,46,2899,2020-06-23 06:48:25.29
"2020/06/23","16:56:15.24","eq","l",2.81,"l",36.44683,-117.97717,4.7,"A",39492120,72,2919,2020-06-23 16:56:15.24
"2020/06/24","00:56:48.02","eq","l",2.95,"l",35.73533,-117.54367,2.5,"A",39492720,135,3148,2020-06-24 00:56:48.02
"2020/06/24","17:11:28.39","eq","l",2.51,"l",36.44317,-117.97533,4.9,"A",39493832,61,2647,2020-06-24 17:11:28.39
"2020/06/24","17:40:49.24","eq","l",5.8,"w",36.44683,-117.97517,4.7,"A",39493944,91,3308,2020-06-24 17:40:49.24
"2020/06/24","17:45:00.53","eq","l",3.49,"l",36.45683,-117.9385,10.9,"A",39493968,87,3227,2020-06-24 17:45:00.53
"2020/06/24","17:47:04.85","eq","l",2.92,"l",36.43667,-117.93817,8.5,"A",39493976,67,3038,2020-06-24 17:47:04.85
"2020/06/24","17:56:58.91","eq","l",2.67,"l",36.46733,-117.99067,16.4,"A",37280444,32,2793,2020-06-24 17:56:58.91
"2020/06/24","17:59:19.96","eq","l",4.59,"w",36.456,-117.93117,9.6,"A",39494008,85,3272,2020-06-24 17:59:19.96
"2020/06/24","18:05:07.88","eq","l",2.65,"l",36.45767,-117.967,6.7,"A",39494024,63,2868,2020-06-24 18:05:07.88
"2020/06/24","18:10:20.53","eq","l",2.6,"l",36.46183,-117.989,6.1,"A",39494056,71,2728,2020-06-24 18:10:20.53
"2020/06/24","18:14:18.06","eq","l",3.06,"l",36.439,-117.95183,7.3,"A",39494088,102,2971,2020-06-24 18:14:18.06
"2020/06/24","18:20:38.30","eq","l",3.77,"l",36.48067,-117.96817,10.2,"A",39494120,80,3206,2020-06-24 18:20:38.3
"2020/06/24","18:25:39.55","eq","l",3.25,"l",36.4845,-117.9735,9.4,"A",39494128,78,3053,2020-06-24 18:25:39.55
"2020/06/24","18:26:38.48","eq","l",2.71,"l",36.47833,-117.96467,10.2,"A",39494136,69,2933,2020-06-24 18:26:38.48
"2020/06/24","18:27:57.70","eq","l",2.6,"l",36.46683,-118.00067,6.7,"A",39494144,77,2798,2020-06-24 18:27:57.7
"2020/06/24","18:55:53.99","eq","l",2.67,"l",36.4495,-117.94033,8.2,"A",39494240,76,2833,2020-06-24 18:55:53.99
"2020/06/24","19:02:17.85","eq","l",3.3,"l",36.4375,-117.933,8.3,"A",39494264,70,3176,2020-06-24 19:02:17.85
"2020/06/24","19:21:39.86","eq","l",2.67,"l",36.44333,-117.968,6.6,"A",39494336,63,2857,2020-06-24 19:21:39.86
"2020/06/24","20:07:21.62","eq","l",2.5,"l",36.4285,-117.95283,2,"A",37447973,58,2557,2020-06-24 20:07:21.62
"2020/06/24","21:12:48.73","eq","l",3.73,"l",36.4795,-117.97167,6.9,"A",39494672,172,3226,2020-06-24 21:12:48.73
"2020/06/25","00:09:30.79","eq","l",3.43,"l",36.481,-117.97367,7.2,"A",39495128,79,3141,2020-06-25 00:09:30.79
"2020/06/25","01:25:55.20","eq","l",2.61,"l",36.46683,-117.96217,6.6,"A",39495264,69,2664,2020-06-25 01:25:55.2
"2020/06/25","01:32:50.07","eq","l",2.59,"l",36.46717,-118.00033,6.3,"A",39495280,59,2745,2020-06-25 01:32:50.07
"2020/06/25","01:33:11.16","eq","l",2.81,"l",36.46767,-117.9475,11.4,"A",39495288,36,2822,2020-06-25 01:33:11.16
"2020/06/25","01:50:21.06","eq","l",2.67,"l",36.44317,-117.97167,6.4,"A",39495312,76,2809,2020-06-25 01:50:21.06
"2020/06/25","04:42:35.67","eq","l",2.74,"l",36.43667,-117.9625,6.8,"A",39495592,67,2814,2020-06-25 04:42:35.67
"2020/06/25","06:38:56.33","eq","l",2.64,"l",36.467,-117.9535,8,"A",39495808,76,2794,2020-06-25 06:38:56.33
"2020/06/25","08:18:30.85","eq","l",2.67,"l",36.4435,-117.964,6.7,"A",39495976,80,2787,2020-06-25 08:18:30.85
"2020/06/25","10:17:10.60","eq","l",2.95,"l",36.44417,-117.968,6.9,"A",39496120,79,2904,2020-06-25 10:17:10.6
"2020/06/25","10:34:27.73","eq","l",3.47,"l",36.48417,-117.9705,6.5,"A",39496160,80,3108,2020-06-25 10:34:27.73
"2020/06/25","13:58:38.83","eq","l",3.05,"l",36.4395,-117.96033,6.9,"A",39496504,75,2921,2020-06-25 13:58:38.83
"2020/06/25","15:13:33.00","eq","l",2.8,"l",36.47633,-117.971,6.7,"A",39496744,73,2855,2020-06-25 15:13:33
"2020/06/25","16:25:11.77","eq","l",2.78,"l",36.44533,-117.96333,8.3,"A",39496912,76,2835,2020-06-25 16:25:11.77
"2020/06/25","18:12:01.05","eq","l",2.85,"l",36.44917,-117.97183,4.3,"A",39266015,76,2888,2020-06-25 18:12:01.05
"2020/06/25","18:16:59.21","eq","l",2.8,"l",36.45083,-117.9765,7.1,"A",39266039,78,2871,2020-06-25 18:16:59.21
"2020/06/25","19:06:44.89","eq","l",3.15,"l",36.44783,-117.9895,3.8,"A",39266159,119,3006,2020-06-25 19:06:44.89
"2020/06/25","22:17:08.64","eq","l",2.85,"l",36.44283,-117.97467,5.5,"A",39266591,70,2867,2020-06-25 22:17:08.64
"2020/06/25","22:21:44.10","eq","l",3.12,"l",36.44383,-117.97483,5.4,"A",39266607,72,2879,2020-06-25 22:21:44.1
"2020/06/26","02:23:26.19","eq","l",3.33,"l",36.44517,-117.992,3.9,"A",39266839,88,3034,2020-06-26 02:23:26.19
"2020/06/26","07:38:48.33","eq","l",2.57,"l",36.44533,-117.98183,4.8,"A",39267255,82,2711,2020-06-26 07:38:48.33
"2020/06/26","16:57:05.33","eq","l",3.09,"l",36.44533,-117.97833,4,"A",39268023,69,2994,2020-06-26 16:57:05.33
"2020/06/26","17:14:13.81","eq","l",2.85,"l",36.43583,-117.96317,5,"A",39268087,76,2922,2020-06-26 17:14:13.81
"2020/06/26","17:23:10.20","eq","l",2.84,"l",36.47833,-117.96667,6.8,"A",39268095,45,2841,2020-06-26 17:23:10.2
"2020/06/26","18:55:08.11","eq","l",3.21,"l",36.442,-117.98367,4,"A",39268303,68,3018,2020-06-26 18:55:08.11
"2020/06/26","18:55:39.00","eq","l",2.55,"l",36.44517,-117.98883,3.5,"A",37448893,35,2695,2020-06-26 18:55:39
"2020/06/27","02:05:28.46","eq","l",2.88,"l",35.91333,-117.70633,9,"A",39268871,84,3105,2020-06-27 02:05:28.46
"2020/06/29","01:55:49.01","eq","l",3.55,"l",36.48333,-117.97567,7.2,"A",39271783,129,3173,2020-06-29 01:55:49.01
"2020/06/29","06:53:34.87","eq","l",2.5,"l",36.44133,-117.98,3.8,"A",39271919,59,2676,2020-06-29 06:53:34.87
"2020/06/29","07:07:56.44","eq","l",2.56,"l",36.46083,-118.00067,6.1,"A",39271943,54,2736,2020-06-29 07:07:56.44
"2020/07/05","03:16:27.83","eq","l",2.57,"l",35.65117,-117.4855,9.5,"A",39279935,75,3068,2020-07-05 03:16:27.83
"2020/07/05","05:56:11.23","eq","l",2.77,"l",36.45367,-117.982,4.4,"A",39280095,69,2897,2020-07-05 05:56:11.23
"2020/07/06","03:05:16.32","eq","l",3.03,"l",34.60633,-116.63767,7.3,"A",39281039,102,3164,2020-07-06 03:05:16.32
"2020/07/06","07:53:40.48","eq","l",2.6,"l",36.45167,-117.996,6,"A",39281183,55,2769,2020-07-06 07:53:40.48
"2020/07/06","13:25:05.71","eq","l",2.6,"l",36.453,-117.993,5.1,"A",39281423,64,2802,2020-07-06 13:25:05.71
"2020/07/06","13:41:59.80","eq","l",2.96,"l",36.45183,-117.96167,5.1,"A",39281447,66,2963,2020-07-06 13:41:59.8
"2020/07/14","12:15:18.87","eq","l",3.58,"w",36.45383,-117.987,3.7,"A",39292639,113,3222,2020-07-14 12:15:18.87
"2020/07/14","18:51:44.89","eq","l",2.53,"l",35.6855,-117.49167,4.9,"A",38590066,86,3054,2020-07-14 18:51:44.89
"2020/07/15","02:41:32.49","eq","l",2.73,"l",35.8885,-117.70567,5.6,"A",38590570,93,3038,2020-07-15 02:41:32.49
"2020/07/17","22:13:39.62","eq","l",2.93,"l",35.703,-117.58417,3.4,"A",38595986,99,3174,2020-07-17 22:13:39.62
"2020/07/23","00:29:26.23","eq","l",3.67,"w",36.44767,-117.98917,4.1,"A",38603762,67,3207,2020-07-23 00:29:26.23
"2020/07/23","02:29:02.45","eq","l",2.79,"l",36.44633,-117.99033,3.9,"A",38603874,62,2874,2020-07-23 02:29:02.45
"2020/07/23","05:19:52.83","eq","l",2.96,"l",36.4445,-117.988,2.8,"A",38604050,64,2962,2020-07-23 05:19:52.83
"2020/07/24","01:28:27.94","eq","l",2.68,"l",36.46667,-117.95883,7.7,"A",38605594,77,2828,2020-07-24 01:28:27.94
"2020/07/24","07:05:13.56","eq","l",3.74,"w",36.44517,-117.9595,7.6,"A",38605954,78,3220,2020-07-24 07:05:13.56
"2020/07/24","18:11:12.10","eq","l",2.65,"l",34.84183,-116.39433,6.4,"A",38606898,88,3069,2020-07-24 18:11:12.1
"2020/07/24","23:04:01.31","eq","l",2.69,"l",36.44017,-117.993,4,"A",38607450,77,2814,2020-07-24 23:04:01.31
"2020/07/25","07:49:40.34","eq","l",2.57,"l",36.44367,-117.99133,3.9,"A",38608026,82,2621,2020-07-25 07:49:40.34
"2020/07/26","03:29:55.25","eq","l",2.56,"l",36.40317,-117.091,5.1,"A",38609418,60,2808,2020-07-26 03:29:55.25
"2020/08/04","00:17:29.94","eq","l",2.72,"l",36.44517,-117.99167,4,"A",39329127,67,2890,2020-08-04 00:17:29.94
"2020/08/04","11:54:39.75","eq","l",2.53,"l",35.64167,-118.1895,7.6,"A",39329719,86,2995,2020-08-04 11:54:39.75
"2020/08/08","13:26:51.96","eq","l",2.63,"l",35.87267,-117.715,8.2,"A",39336295,72,2966,2020-08-08 13:26:51.96
"2020/08/12","08:57:59.06","eq","l",2.56,"l",36.44233,-117.97917,4.1,"A",39341815,68,2774,2020-08-12 08:57:59.06
"2020/08/16","08:30:17.79","eq","l",2.73,"l",34.677,-118.45433,10.4,"A",39346487,259,3196,2020-08-16 08:30:17.79
"2020/08/16","08:33:54.95","eq","l",2.86,"l",35.62467,-117.42183,8.8,"A",39346495,87,3186,2020-08-16 08:33:54.95
"2020/08/16","12:08:31.08","eq","l",3.13,"l",35.9585,-117.025,2.1,"A",39346591,67,3178,2020-08-16 12:08:31.08
"2020/08/16","15:13:28.10","eq","l",2.86,"l",36.2185,-117.875,3.4,"A",39346743,78,3031,2020-08-16 15:13:28.1
"2020/08/16","17:00:53.24","eq","l",2.6,"l",35.9575,-117.0245,2.3,"A",39346799,85,3146,2020-08-16 17:00:53.24
"2020/08/19","17:32:11.07","eq","l",4.72,"w",36.47867,-117.51417,-0.6,"A",39584648,115,3351,2020-08-19 17:32:11.07
"2020/08/19","17:50:53.09","eq","l",2.82,"l",36.4725,-117.51467,-0.4,"A",39584696,54,2874,2020-08-19 17:50:53.09
"2020/08/19","23:22:36.07","eq","l",2.92,"l",36.47017,-117.5095,-1,"A",39585200,61,2977,2020-08-19 23:22:36.07
"2020/08/21","08:20:08.36","eq","l",3.6,"w",35.64417,-117.45983,6.2,"A",39587168,91,3335,2020-08-21 08:20:08.36
"2020/08/22","14:30:10.22","eq","l",2.83,"l",35.87167,-117.70017,9.1,"A",39355943,76,3173,2020-08-22 14:30:10.22
"2020/08/27","15:04:06.49","eq","l",3.16,"l",35.82133,-117.6415,0.8,"A",39362087,60,3168,2020-08-27 15:04:06.49
"2020/08/29","08:06:06.41","eq","l",2.93,"l",36.03483,-117.775,1.9,"A",39364319,91,3096,2020-08-29 08:06:06.41
"2020/09/02","16:18:31.66","eq","l",3.45,"w",36.03783,-117.77317,1.9,"A",39368535,79,3332,2020-09-02 16:18:31.66
"2020/09/04","11:39:18.20","eq","l",3,"l",36.46617,-117.96167,7,"A",38675290,99,2983,2020-09-04 11:39:18.2
"2020/09/05","03:14:58.25","eq","l",3.04,"l",35.67333,-117.46467,8.8,"A",38676562,129,3202,2020-09-05 03:14:58.25
"2020/09/06","11:59:43.57","eq","l",2.54,"l",35.95067,-117.358,3,"A",38678586,75,2908,2020-09-06 11:59:43.57
"2020/09/08","09:34:39.57","eq","l",2.7,"l",35.63817,-117.42967,4.7,"A",38680154,81,3060,2020-09-08 09:34:39.57
"2020/09/11","07:55:45.45","eq","l",4.22,"l",36.44067,-117.9945,3.9,"A",38683914,88,3294,2020-09-11 07:55:45.45
"2020/09/11","08:11:05.31","eq","l",3.32,"l",36.43383,-117.99167,2.3,"A",38683930,171,3145,2020-09-11 08:11:05.31
"2020/09/11","08:14:10.21","eq","l",3.6,"l",36.43767,-117.99333,3.7,"A",38683938,89,3179,2020-09-11 08:14:10.21
"2020/09/12","19:22:02.60","eq","l",2.69,"l",36.4405,-117.99267,3.7,"A",38686058,77,2865,2020-09-12 19:22:02.6
"2020/09/17","15:20:07.33","eq","l",3.07,"l",36.44217,-117.99217,3.7,"A",38693130,80,3007,2020-09-17 15:20:07.33
"2020/09/17","20:57:23.15","eq","l",2.55,"l",36.43967,-117.994,4.5,"A",38693810,91,2730,2020-09-17 20:57:23.15
"2020/09/17","23:29:29.46","eq","l",2.56,"l",36.443,-117.99333,5.9,"A",38694042,83,2759,2020-09-17 23:29:29.46
"2020/09/20","02:51:09.68","eq","l",2.84,"l",34.56517,-116.241,2.9,"A",38696362,66,3065,2020-09-20 02:51:09.68
"2020/09/23","14:17:44.69","eq","l",3.2,"l",35.65283,-117.487,7.3,"A",38701098,83,3164,2020-09-23 14:17:44.69
"2020/09/24","17:23:18.13","eq","l",2.52,"l",35.85567,-117.68983,5,"A",38702858,87,2987,2020-09-24 17:23:18.13
"2020/09/30","20:08:54.80","eq","l",2.51,"l",36.468,-117.504,-1.5,"A",39640176,62,2725,2020-09-30 20:08:54.8
"2020/10/02","12:32:47.24","eq","l",3.4,"l",35.643,-117.54817,6.1,"A",39649656,91,3219,2020-10-02 12:32:47.24
"2020/10/03","20:16:27.15","eq","l",3.35,"l",35.66,-117.4285,7,"A",39651712,125,3228,2020-10-03 20:16:27.15
"2020/10/11","16:55:38.09","eq","l",2.52,"l",35.71833,-117.5215,6.3,"A",39659992,75,3007,2020-10-11 16:55:38.09
"2020/10/12","11:52:01.73","eq","l",2.59,"l",35.66367,-117.54467,3.2,"A",39660472,108,3101,2020-10-12 11:52:01.73
"2020/10/14","18:37:56.08","eq","l",2.88,"l",36.43883,-117.95183,7.5,"A",39663192,64,2961,2020-10-14 18:37:56.08
"2020/10/14","21:11:50.70","eq","l",2.62,"l",35.66883,-117.56433,5.8,"A",39663320,78,3070,2020-10-14 21:11:50.7
"2020/10/19","03:34:43.95","eq","l",3.47,"w",34.86217,-116.3395,4.8,"A",39667688,155,3322,2020-10-19 03:34:43.95
"2020/10/19","09:45:33.55","eq","l",2.64,"l",35.97333,-117.39433,2.6,"A",39667864,87,3037,2020-10-19 09:45:33.55
"2020/10/19","17:21:37.71","eq","l",3.11,"l",34.86733,-116.33767,2.9,"A",39668384,180,3216,2020-10-19 17:21:37.71
"2020/10/22","06:10:15.05","eq","l",3.27,"l",35.50083,-118.40283,2.9,"A",39441087,105,3155,2020-10-22 06:10:15.05
"2020/10/22","09:19:35.09","eq","l",3.3,"l",34.863,-116.34233,5.2,"A",39441199,56,3204,2020-10-22 09:19:35.09
"2020/10/22","18:17:59.51","eq","l",2.58,"l",34.86083,-116.34183,5.3,"A",39441879,59,2960,2020-10-22 18:17:59.51
"2020/10/22","23:03:03.22","eq","l",2.96,"l",34.86083,-116.34,5.1,"A",39442343,47,3159,2020-10-22 23:03:03.22
"2020/10/25","00:32:20.62","eq","l",2.71,"l",35.62167,-117.5735,8.6,"A",39444167,80,3138,2020-10-25 00:32:20.62
"2020/10/26","07:24:21.03","eq","l",2.63,"l",34.8645,-116.33967,5.1,"A",39445087,70,3115,2020-10-26 07:24:21.03
"2020/10/27","01:26:16.84","eq","l",3.3,"l",34.85983,-116.339,5.1,"A",39445839,113,3231,2020-10-27 01:26:16.84
"2020/10/27","23:18:51.85","eq","l",2.82,"l",36.45283,-117.96133,7,"A",39446927,102,2983,2020-10-27 23:18:51.85
"2020/10/29","06:45:43.31","eq","l",2.58,"l",35.59183,-117.59967,4.4,"A",39448471,79,3048,2020-10-29 06:45:43.31
"2020/10/31","20:57:23.85","eq","l",3.02,"l",35.339,-118.50767,3.6,"A",39452551,154,3176,2020-10-31 20:57:23.85
"2020/11/02","16:26:29.78","eq","l",2.64,"l",34.85983,-116.33817,5.3,"A",39454303,62,3108,2020-11-02 16:26:29.78
"2020/11/05","11:53:44.76","eq","l",2.61,"l",36.02917,-117.77733,1.6,"A",39457519,86,3040,2020-11-05 11:53:44.76
"2020/11/05","16:11:34.54","eq","l",2.57,"l",35.63767,-117.45067,8,"A",39457871,69,3044,2020-11-05 16:11:34.54
"2020/11/05","18:14:30.97","eq","l",2.7,"l",35.73383,-117.72633,6.8,"A",39458103,112,3139,2020-11-05 18:14:30.97
"2020/11/09","15:22:10.35","eq","l",3.1,"l",35.97933,-117.682,1.8,"A",39460703,87,3150,2020-11-09 15:22:10.35
"2020/11/09","15:25:42.20","eq","l",2.81,"l",35.97883,-117.6835,2,"A",39460711,75,3065,2020-11-09 15:25:42.2
"2020/11/12","14:55:31.99","eq","l",2.65,"l",34.685,-116.30783,4.8,"A",39463231,140,3044,2020-11-12 14:55:31.99
"2020/11/16","10:56:22.32","eq","l",3.59,"w",35.88817,-117.72367,7.7,"A",39466903,90,3329,2020-11-16 10:56:22.32
"2020/11/17","17:32:32.69","eq","l",3.51,"w",34.86183,-116.34017,5.3,"A",39468407,64,3320,2020-11-17 17:32:32.69
"2020/11/19","18:22:23.79","eq","l",3.06,"l",35.081,-118.82683,2.7,"A",39470639,82,3142,2020-11-19 18:22:23.79
"2020/11/26","20:53:05.76","eq","l",2.93,"l",35.08133,-118.83233,3.1,"A",39477743,60,3068,2020-11-26 20:53:05.76
"2020/11/28","03:15:07.26","eq","l",2.56,"l",34.8595,-116.34017,5.2,"A",39478847,45,3091,2020-11-28 03:15:07.26
"2020/11/29","22:29:48.32","eq","l",3.09,"l",35.71283,-117.55333,7.2,"A",39480223,124,3204,2020-11-29 22:29:48.32
"2020/12/01","01:54:49.48","eq","l",3.2,"l",35.65083,-117.46767,8.6,"A",39481463,86,3220,2020-12-01 01:54:49.48
"2020/12/01","05:13:05.20","eq","l",2.55,"l",35.07883,-118.8325,3,"A",39481535,176,3047,2020-12-01 05:13:05.2
"2020/12/05","23:44:24.74","eq","l",2.65,"l",34.9645,-116.71167,9.2,"A",39486175,84,3117,2020-12-05 23:44:24.74
"2020/12/07","00:24:47.20","eq","l",3.07,"l",35.8835,-117.70083,2.6,"A",39487087,76,3164,2020-12-07 00:24:47.2
"2020/12/08","22:31:13.34","eq","l",2.74,"l",36.43,-117.998,2.5,"A",39488679,64,2910,2020-12-08 22:31:13.34
"2020/12/08","22:37:42.20","eq","l",2.62,"l",36.437,-117.99917,4.4,"A",39488695,62,2873,2020-12-08 22:37:42.2
"2020/12/14","18:01:42.44","eq","l",2.81,"l",34.54433,-118.89733,19.4,"A",39729840,111,3160,2020-12-14 18:01:42.44
"2020/12/14","18:01:55.30","eq","l",2.83,"l",34.548,-118.894,21.2,"A",37308332,51,3166,2020-12-14 18:01:55.3
"2020/12/17","05:41:02.51","eq","l",2.75,"l",36.20683,-117.89333,2.1,"A",39495743,82,2966,2020-12-17 05:41:02.51
"2020/12/17","16:34:59.38","eq","l",2.57,"l",36.20583,-117.89583,2.2,"A",39496207,62,2905,2020-12-17 16:34:59.38
"2020/12/18","18:57:12.62","eq","l",2.85,"l",36.20817,-117.89283,1.9,"A",39497079,64,3013,2020-12-18 18:57:12.62
"2020/12/23","12:52:49.48","eq","l",2.73,"l",35.607,-117.464,6.5,"A",39501911,70,3101,2020-12-23 12:52:49.48
"2020/12/27","04:05:37.24","eq","l",3.5,"l",35.48867,-118.28833,2.7,"A",39505103,116,3274,2020-12-27 04:05:37.24
"2020/12/28","12:40:01.94","eq","l",2.52,"l",35.18383,-118.632,6.9,"A",39505847,90,2934,2020-12-28 12:40:01.94
"2021/01/01","15:58:03.26","eq","l",2.71,"l",36.1305,-117.84317,2.6,"A",39508687,72,2942,2021-01-01 15:58:03.26
"2021/01/02","18:56:55.64","eq","l",2.97,"l",36.49983,-117.89517,8.8,"A",39509463,67,2981,2021-01-02 18:56:55.64
"2021/01/03","03:58:47.38","eq","l",2.78,"l",35.679,-117.606,4.5,"A",39509719,78,3104,2021-01-03 03:58:47.38
"2021/01/03","03:59:28.13","eq","l",2.63,"l",35.67767,-117.607,4.2,"A",39509727,94,3058,2021-01-03 03:59:28.13
"2021/01/04","17:30:23.69","eq","l",2.8,"l",35.66833,-117.47217,7.7,"A",39510663,80,3150,2021-01-04 17:30:23.69
"2021/01/05","17:19:40.53","eq","l",2.68,"l",35.78717,-117.61267,6.2,"A",39511567,77,2915,2021-01-05 17:19:40.53
"2021/01/06","10:35:54.77","eq","l",2.81,"l",35.3645,-117.89383,6.6,"A",39512023,107,3013,2021-01-06 10:35:54.77
"2021/01/13","08:21:30.83","eq","l",2.54,"l",35.65883,-117.476,6.5,"A",39755760,72,2990,2021-01-13 08:21:30.83
"2021/01/17","02:49:08.80","eq","l",4.02,"w",36.18767,-118.09383,1.1,"A",39759376,89,3302,2021-01-17 02:49:08.8
"2021/01/17","03:14:49.72","eq","l",3.75,"w",36.1875,-118.09233,1.5,"A",39759432,89,3293,2021-01-17 03:14:49.72
"2021/01/17","03:30:32.42","eq","l",3.36,"l",36.19117,-118.09083,1,"A",39759456,85,3143,2021-01-17 03:30:32.42
"2021/01/18","07:29:46.52","eq","l",3.27,"l",35.9515,-117.46633,2.8,"A",39760416,89,3196,2021-01-18 07:29:46.52
"2021/01/20","00:18:51.36","eq","l",2.63,"l",35.79983,-117.62417,6.7,"A",39762272,82,2984,2021-01-20 00:18:51.36
"2021/01/21","01:22:24.92","eq","l",3.54,"l",35.96583,-117.91233,3,"A",39763472,176,3250,2021-01-21 01:22:24.92
"2021/01/21","01:23:55.13","eq","l",3.29,"l",35.96683,-117.91217,3.2,"A",39763488,142,3241,2021-01-21 01:23:55.13
"2021/01/23","04:13:13.95","eq","l",2.69,"l",35.70967,-117.57617,7.6,"A",39766168,72,2990,2021-01-23 04:13:13.95
"2021/01/29","02:25:04.31","eq","l",3.2,"l",35.67167,-117.54267,8.2,"A",39534943,89,3133,2021-01-29 02:25:04.31
"2021/01/29","23:46:29.46","eq","l",2.51,"l",35.89733,-117.6955,2.5,"A",39535487,60,2824,2021-01-29 23:46:29.46
"2021/02/07","18:57:51.03","eq","l",3.41,"l",35.97717,-117.32417,2.6,"A",39543967,82,3165,2021-02-07 18:57:51.03
"2021/02/12","23:57:13.50","eq","l",4.03,"w",36.21833,-117.92667,3.1,"A",39550567,74,3301,2021-02-12 23:57:13.5
"2021/02/13","00:11:51.87","eq","l",2.84,"l",36.218,-117.93067,3.1,"A",39550583,122,3010,2021-02-13 00:11:51.87
"2021/02/13","00:23:35.84","eq","l",2.52,"l",35.57417,-117.35083,5.5,"A",39550623,76,3055,2021-02-13 00:23:35.84
"2021/02/13","03:55:22.90","eq","l",2.64,"l",36.2145,-117.933,2.3,"A",39550831,28,2847,2021-02-13 03:55:22.9
"2021/02/14","23:42:34.47","eq","l",3.6,"l",35.9725,-117.32017,3.1,"A",39552143,83,3237,2021-02-14 23:42:34.47
"2021/02/19","08:52:39.16","eq","l",3.03,"l",35.97467,-117.32083,2.6,"A",39794648,63,3098,2021-02-19 08:52:39.16
"2021/02/20","02:33:52.01","eq","l",2.78,"l",35.7105,-117.54883,2.9,"A",39795640,106,3115,2021-02-20 02:33:52.01
"2021/02/21","01:19:59.74","eq","l",3.47,"l",36.1575,-118.071,1.7,"A",39796240,72,3117,2021-02-21 01:19:59.74
"2021/02/21","01:24:49.21","eq","l",2.5,"l",36.15883,-118.06983,2.4,"A",39796248,54,2799,2021-02-21 01:24:49.21
"2021/02/21","13:44:40.59","eq","l",2.54,"l",35.96983,-117.32067,3,"A",39796672,69,2891,2021-02-21 13:44:40.59
"2021/02/25","01:28:46.83","eq","l",2.85,"l",36.15667,-118.06567,2,"A",39801096,63,3019,2021-02-25 01:28:46.83
"2021/02/26","01:58:14.71","eq","l",2.52,"l",35.97217,-117.32883,3.7,"A",39802112,65,2931,2021-02-26 01:58:14.71
"2021/02/27","08:17:26.86","eq","l",3.1,"l",35.6845,-117.47767,7.7,"A",39803680,86,3195,2021-02-27 08:17:26.86
"2021/02/27","14:57:40.83","eq","l",2.55,"l",36.4995,-117.8985,8.5,"A",39803792,77,2881,2021-02-27 14:57:40.83
"2021/02/28","02:56:22.49","eq","l",2.66,"l",35.906,-117.69233,2.6,"A",39804392,85,2993,2021-02-28 02:56:22.49
"2021/03/01","22:13:48.39","eq","l",2.69,"l",35.94783,-117.36017,3.1,"A",39806272,71,3078,2021-03-01 22:13:48.39
"2021/03/02","15:07:29.50","eq","l",2.69,"l",35.093,-116.9625,2.6,"A",39806928,69,3050,2021-03-02 15:07:29.5
"2021/03/05","05:32:46.04","eq","l",2.98,"l",36.16283,-118.06933,1.7,"A",39572231,64,2999,2021-03-05 05:32:46.04
"2021/03/05","13:22:02.08","eq","l",2.86,"l",35.77033,-118.01767,2.6,"A",39572543,78,3145,2021-03-05 13:22:02.08
"2021/03/05","18:33:11.71","eq","l",3.26,"l",35.91233,-117.70233,6.8,"A",39572823,84,3237,2021-03-05 18:33:11.71
"2021/03/08","21:30:18.42","eq","l",2.53,"l",35.15583,-116.33517,1.7,"A",39575255,45,3069,2021-03-08 21:30:18.42
"2021/03/21","12:03:02.68","eq","l",2.8,"l",35.76667,-117.59117,6.7,"A",39586383,89,3166,2021-03-21 12:03:02.68
"2021/03/24","00:08:38.01","eq","l",3.09,"l",35.65117,-117.4485,2.8,"A",39588623,105,3142,2021-03-24 00:08:38.01
"2021/03/25","09:15:16.54","eq","l",2.66,"l",36.1715,-117.61283,2.1,"A",39589855,82,2934,2021-03-25 09:15:16.54
"2021/03/25","19:35:19.91","eq","l",2.8,"l",35.72117,-117.53583,7.2,"A",39590215,70,3153,2021-03-25 19:35:19.91
"2021/04/07","13:42:05.87","eq","l",3.64,"l",35.60967,-117.4105,9,"A",39841832,86,3367,2021-04-07 13:42:05.87
"2021/04/07","20:41:59.79","eq","l",2.91,"l",35.093,-116.96267,1.9,"A",39842512,58,3272,2021-04-07 20:41:59.79
"2021/04/08","20:51:15.14","eq","l",3.62,"l",35.65383,-117.54967,8.3,"A",39843952,81,3370,2021-04-08 20:51:15.14
"2021/04/11","09:45:36.99","eq","l",3.13,"l",35.78467,-117.603,6.6,"A",39846664,83,3216,2021-04-11 09:45:36.99
"2021/04/15","18:05:03.52","eq","l",3.06,"l",35.67867,-117.53683,6.8,"A",39851144,98,3176,2021-04-15 18:05:03.52
"2021/04/15","23:16:19.07","eq","l",2.61,"l",36.477,-117.51917,-0.7,"A",39851592,52,2901,2021-04-15 23:16:19.07
"2021/04/23","06:51:07.92","eq","l",3.01,"l",35.06083,-116.61983,2,"A",39625767,51,3207,2021-04-23 06:51:07.92
"2021/04/26","08:20:09.01","eq","l",2.53,"l",35.66083,-117.46917,10.8,"A",39629223,78,3025,2021-04-26 08:20:09.01
"2021/04/29","17:12:19.48","eq","l",3.14,"l",35.653,-117.43933,6.7,"A",39634983,90,3242,2021-04-29 17:12:19.48
"2021/05/04","13:31:45.10","eq","l",2.55,"l",35.732,-116.61183,1.1,"A",39640111,33,2972,2021-05-04 13:31:45.1
"2021/05/06","17:32:59.06","eq","l",2.74,"l",35.64283,-117.45433,6.9,"A",39643023,77,3190,2021-05-06 17:32:59.06
"2021/05/06","20:04:47.01","eq","l",2.51,"l",35.8765,-117.6955,8,"A",39643303,81,2994,2021-05-06 20:04:47.01
"2021/05/12","10:14:26.01","eq","l",2.78,"l",35.504,-118.38433,6.9,"A",39649375,157,3157,2021-05-12 10:14:26.01
"2021/05/15","23:04:10.60","eq","l",2.52,"l",35.5865,-117.41333,7.7,"A",39654679,65,3032,2021-05-15 23:04:10.6
"2021/05/18","09:31:18.77","eq","l",2.6,"l",34.95433,-116.729,7.2,"A",39656815,89,3149,2021-05-18 09:31:18.77
"2021/05/18","12:51:47.37","eq","l",2.56,"l",36.07283,-117.52067,2.7,"A",39656903,61,2948,2021-05-18 12:51:47.37
"2021/05/20","01:37:22.69","eq","l",3.59,"w",35.97483,-117.3245,3,"A",39659271,69,3366,2021-05-20 01:37:22.69
"2021/05/21","10:25:46.41","eq","l",2.78,"l",35.98267,-117.3225,2.8,"A",39898776,64,3045,2021-05-21 10:25:46.41
"2021/05/22","16:14:23.06","eq","l",2.55,"l",35.99267,-117.68433,2.1,"A",39899896,71,2999,2021-05-22 16:14:23.06
"2021/05/25","22:06:00.11","eq","l",2.62,"l",36.46783,-117.506,3.5,"C",39904576,50,2875,2021-05-25 22:06:00.11
"2021/05/25","22:42:20.88","eq","l",2.56,"l",36.46583,-117.5125,3.5,"C",39904632,52,2773,2021-05-25 22:42:20.88
"2021/05/27","15:18:26.37","eq","l",2.98,"l",35.63183,-117.41183,6.5,"A",39906384,62,3203,2021-05-27 15:18:26.37
"2021/05/28","14:52:18.44","eq","l",2.8,"l",36.47183,-117.5105,-1.2,"A",39908152,73,2961,2021-05-28 14:52:18.44
"2021/06/05","22:25:11.96","eq","l",2.63,"l",35.981,-117.3225,3,"A",39921336,75,3028,2021-06-05 22:25:11.96
"2021/06/09","13:51:36.26","eq","l",2.72,"l",35.87183,-117.14,2.8,"A",39931192,75,3124,2021-06-09 13:51:36.26
"2021/06/12","23:15:33.35","eq","l",2.58,"l",35.994,-117.358,2.5,"A",39702311,74,3005,2021-06-12 23:15:33.35
"2021/06/16","17:44:55.07","eq","l",3.38,"l",36.442,-117.88883,0.5,"A",39708967,76,3227,2021-06-16 17:44:55.07
"2021/06/16","17:51:59.48","eq","l",2.65,"l",36.036,-117.77483,1.5,"A",39709007,69,3027,2021-06-16 17:51:59.48
"2021/06/16","18:17:06.53","eq","l",2.58,"l",36.44283,-117.89117,0.6,"A",39709071,57,2881,2021-06-16 18:17:06.53
"2021/06/17","17:13:17.95","eq","l",3.22,"l",36.44,-117.88683,0.8,"A",39710335,69,3116,2021-06-17 17:13:17.95
"2021/06/18","18:11:45.36","eq","l",2.55,"l",36.1405,-117.92233,7.1,"A",39711711,58,2937,2021-06-18 18:11:45.36
"2021/06/18","18:13:45.82","eq","l",2.91,"l",36.13783,-117.92283,5.8,"A",39711719,82,3126,2021-06-18 18:13:45.82
"2021/06/18","18:16:41.43","eq","l",3.09,"l",36.138,-117.9215,5.6,"A",39711727,86,3195,2021-06-18 18:16:41.43
"2021/06/25","08:26:58.64","eq","l",3.01,"l",35.0735,-117.07583,3.7,"A",39718407,65,3205,2021-06-25 08:26:58.64
"2021/06/28","14:57:24.35","eq","l",2.9,"l",36.20983,-117.90683,2.5,"A",39721919,70,3020,2021-06-28 14:57:24.35
"2021/06/30","22:15:56.12","eq","l",3.23,"l",35.77917,-117.587,6.7,"A",39725271,86,3179,2021-06-30 22:15:56.12
"2021/07/01","22:25:16.45","eq","l",2.5,"l",36.105,-117.864,2.7,"A",39726439,56,2897,2021-07-01 22:25:16.45
"2021/07/03","04:58:09.56","eq","l",3.47,"w",35.51783,-118.37817,6.5,"A",39727759,129,3214,2021-07-03 04:58:09.56
"2021/07/05","23:01:24.85","eq","l",2.76,"l",34.71417,-116.30183,3.9,"A",39730167,47,2967,2021-07-05 23:01:24.85
"2021/07/06","02:38:01.00","eq","l",3.53,"l",35.6815,-117.5335,6.1,"A",39730287,94,3182,2021-07-06 02:38:01
"2021/07/06","03:39:50.38","eq","l",2.79,"l",35.67517,-117.52067,7.3,"A",39730303,73,3001,2021-07-06 03:39:50.38
"2021/07/11","22:43:47.87","eq","l",2.75,"l",35.67633,-117.52983,9.3,"A",39736951,71,3026,2021-07-11 22:43:47.87
"2021/07/14","09:30:02.10","eq","l",2.89,"l",35.66183,-117.5275,1.8,"A",39974224,70,3077,2021-07-14 09:30:02.1
"2021/07/16","19:35:17.79","eq","l",2.59,"l",36.10933,-117.36317,1.8,"A",39743287,30,2956,2021-07-16 19:35:17.79
"2021/07/20","17:01:23.94","eq","l",2.67,"l",36.22033,-117.87217,5,"A",39747359,63,2922,2021-07-20 17:01:23.94
"2021/07/26","08:21:18.44","eq","l",3.21,"l",35.20383,-118.51167,5.5,"A",39753207,128,3166,2021-07-26 08:21:18.44
"2021/08/03","01:44:17.95","eq","l",2.72,"l",35.68117,-116.52767,3,"A",39762183,32,3046,2021-08-03 01:44:17.95
"2021/08/10","17:48:09.34","eq","l",2.9,"l",36.1365,-117.83567,2.3,"A",39769839,66,3050,2021-08-10 17:48:09.34
"2021/08/20","06:03:53.17","eq","l",2.67,"l",35.88533,-117.721,2.6,"A",40016064,78,3007,2021-08-20 06:03:53.17
"2021/08/27","12:34:51.16","eq","l",4,"w",35.51517,-118.37917,5,"A",40024128,178,3354,2021-08-27 12:34:51.16
"2021/08/31","09:50:07.87","eq","l",3.12,"l",35.51833,-118.38017,6.6,"A",40027904,135,3220,2021-08-31 09:50:07.87
"2021/09/05","23:39:22.32","eq","l",3.31,"l",36.15,-118.06533,2.6,"A",40034008,86,3176,2021-09-05 23:39:22.32
"2021/09/06","00:01:43.86","eq","l",2.85,"l",36.15017,-118.06367,2.6,"A",40034056,60,3008,2021-09-06 00:01:43.86
"2021/09/06","02:01:51.96","eq","l",2.61,"l",35.94983,-117.33317,3,"A",40034128,63,3018,2021-09-06 02:01:51.96
"2021/09/08","20:01:24.81","eq","l",2.51,"l",36.13767,-117.83583,2.6,"A",40037184,54,2932,2021-09-08 20:01:24.81
"2021/09/18","13:27:59.96","eq","l",2.62,"l",35.01767,-118.118,7.8,"A",39812695,126,3190,2021-09-18 13:27:59.96
"2021/09/21","02:45:19.49","eq","l",2.76,"l",35.6395,-117.455,7.1,"A",39814495,77,3078,2021-09-21 02:45:19.49
"2021/09/24","19:28:15.22","eq","l",3.44,"l",35.60533,-117.4695,3.8,"A",39818327,77,3242,2021-09-24 19:28:15.22
"2021/10/02","01:42:20.50","eq","l",3.68,"w",35.06917,-118.321,2.7,"A",40061064,161,3378,2021-10-02 01:42:20.5
"2021/10/02","19:04:44.03","eq","l",2.93,"l",35.58817,-117.49467,7.3,"A",40061528,69,3240,2021-10-02 19:04:44.03
"2021/10/11","23:14:47.14","eq","l",3.08,"l",35.658,-117.53567,7.7,"A",40068112,83,3132,2021-10-11 23:14:47.14
"2021/10/16","04:20:19.83","eq","l",2.61,"l",35.44633,-118.27733,6.9,"A",39835079,99,3051,2021-10-16 04:20:19.83
"2021/10/17","13:19:00.72","eq","l",3.98,"w",36.21317,-117.86,4.2,"A",39835791,86,3236,2021-10-17 13:19:00.72
"2021/10/17","21:41:06.92","eq","l",2.69,"l",36.213,-117.86133,4.1,"A",39836215,65,2890,2021-10-17 21:41:06.92
"2021/10/18","00:41:49.10","eq","l",2.51,"l",36.20983,-117.856,4.6,"A",39836263,78,2833,2021-10-18 00:41:49.1
"2021/10/20","01:15:34.83","eq","l",2.89,"l",36.21583,-117.86017,4.9,"A",39837919,72,2980,2021-10-20 01:15:34.83
"2021/10/26","04:38:49.06","eq","l",2.68,"l",36.021,-117.777,1.8,"A",39842031,65,3000,2021-10-26 04:38:49.06
"2021/10/26","19:47:08.38","eq","l",2.67,"l",35.941,-117.3195,1.6,"A",39842247,55,2985,2021-10-26 19:47:08.38
"2021/10/29","15:24:10.25","eq","l",3.01,"l",36.221,-117.87817,1.9,"A",39843975,80,3040,2021-10-29 15:24:10.25
"2021/11/03","01:17:08.41","eq","l",2.56,"l",35.08217,-116.693,10.5,"A",39847431,51,3104,2021-11-03 01:17:08.41
"2021/11/05","12:03:13.55","eq","l",3.36,"l",35.66483,-117.48567,10.7,"A",39849663,130,3301,2021-11-05 12:03:13.55
"2021/11/07","07:58:28.62","eq","l",2.64,"l",35.50583,-118.38567,6.5,"A",39851063,90,3074,2021-11-07 07:58:28.62
"2021/11/09","12:18:32.35","eq","l",2.76,"l",35.83783,-117.666,5,"A",39852735,72,3069,2021-11-09 12:18:32.35
"2021/11/09","16:15:09.55","eq","l",2.54,"l",35.87,-117.69833,8.8,"A",39852935,59,2979,2021-11-09 16:15:09.55
"2021/11/09","20:36:28.73","eq","l",2.57,"l",34.63017,-116.64133,6.8,"A",39853095,66,3126,2021-11-09 20:36:28.73
"2021/11/11","01:54:19.26","eq","l",2.64,"l",35.2065,-118.6725,6.4,"A",39854175,93,3060,2021-11-11 01:54:19.26
"2021/11/13","16:31:56.25","eq","l",2.52,"l",36.1755,-118.029,3.2,"A",40095672,45,2874,2021-11-13 16:31:56.25
"2021/11/30","10:11:11.90","eq","l",2.78,"l",36.04533,-117.87133,3.5,"A",39874375,59,3039,2021-11-30 10:11:11.9
"2021/12/01","01:23:41.21","eq","l",3.19,"l",35.67633,-117.5245,9.1,"A",39875135,84,3213,2021-12-01 01:23:41.21
"2021/12/01","01:39:48.58","eq","l",2.78,"l",35.6755,-117.52417,9.5,"A",39875151,67,3170,2021-12-01 01:39:48.58
"2021/12/06","17:45:04.80","eq","l",2.55,"l",35.718,-117.572,8.1,"A",39880583,59,3061,2021-12-06 17:45:04.8
"2021/12/07","07:11:22.48","eq","l",3.12,"l",35.98683,-116.08067,2.7,"A",39881343,39,3058,2021-12-07 07:11:22.48
"2021/12/19","07:44:45.20","eq","l",3.08,"l",36.11317,-117.853,3.3,"A",40130936,79,3242,2021-12-19 07:44:45.2
"2021/12/22","12:37:16.93","eq","l",2.54,"l",36.09117,-117.86033,3.5,"A",39893383,86,2908,2021-12-22 12:37:16.93
"2021/12/25","04:08:43.14","eq","l",2.68,"l",36.09917,-117.8495,2,"A",39896143,76,2970,2021-12-25 04:08:43.14
"2021/12/27","09:10:46.92","eq","l",2.55,"l",36.11183,-117.85133,3.8,"A",39897055,80,2842,2021-12-27 09:10:46.92
"2022/01/15","16:19:02.00","eq","l",2.54,"l",34.9595,-118.73283,7.3,"A",39913455,115,2974,2022-01-15 16:19:02
"2022/01/20","09:52:30.40","eq","l",2.53,"l",35.52433,-117.40533,8.7,"A",39917967,72,2939,2022-01-20 09:52:30.4
"2022/01/26","05:00:01.62","eq","l",2.85,"l",36.02517,-117.78117,1.6,"A",39923447,75,3011,2022-01-26 05:00:01.62
"2022/01/26","05:05:55.33","eq","l",2.57,"l",36.02633,-117.781,1.7,"A",39923479,38,2912,2022-01-26 05:05:55.33
"2022/01/26","09:59:05.01","eq","l",3.03,"l",36.02567,-117.77917,1.7,"A",39923623,72,3007,2022-01-26 09:59:05.01
"2022/01/26","09:59:17.04","eq","l",3.02,"l",36.023,-117.77633,1.6,"A",39923631,51,3016,2022-01-26 09:59:17.04
"2022/01/26","10:38:30.02","eq","l",3.12,"l",36.0235,-117.7755,1.8,"A",39923679,80,3046,2022-01-26 10:38:30.02
"2022/01/27","10:51:22.33","eq","l",3.51,"l",35.0445,-118.99583,12,"A",39924871,151,3212,2022-01-27 10:51:22.33
"2022/01/27","10:52:41.22","eq","l",2.84,"l",35.03983,-118.99317,9.9,"A",39924879,165,3146,2022-01-27 10:52:41.22
"2022/01/27","11:12:18.86","eq","l",2.58,"l",35.04183,-118.993,7.9,"A",39924911,185,2979,2022-01-27 11:12:18.86
"2022/02/09","01:47:42.47","eq","l",2.64,"l",35.98617,-117.675,2.1,"A",40180552,66,2950,2022-02-09 01:47:42.47
"2022/02/09","04:05:51.69","eq","l",2.73,"l",36.13767,-118.44083,3.3,"A",40180600,68,2900,2022-02-09 04:05:51.69
"2022/02/11","14:21:13.66","eq","l",2.93,"l",35.91633,-117.68767,2.8,"A",40183056,80,3070,2022-02-11 14:21:13.66
"2022/02/14","11:09:59.05","eq","l",2.63,"l",35.6595,-117.5335,9.5,"A",40185360,88,3088,2022-02-14 11:09:59.05
"2022/02/23","00:20:39.97","eq","l",2.82,"l",35.9585,-117.98033,3.8,"A",40191736,68,3104,2022-02-23 00:20:39.97
"2022/03/05","11:02:16.16","eq","l",3.27,"l",35.51367,-118.384,4.7,"A",40200072,114,3286,2022-03-05 11:02:16.16
"2022/03/15","18:15:34.88","eq","l",3.09,"l",35.82517,-117.65083,6.3,"A",39968663,78,3262,2022-03-15 18:15:34.88
"2022/03/18","21:48:28.88","eq","l",2.86,"l",36.48917,-117.929,6.4,"A",39971663,97,3094,2022-03-18 21:48:28.88
"2022/04/01","13:14:37.37","eq","l",2.62,"l",36.00033,-117.325,2.3,"A",39983615,61,3064,2022-04-01 13:14:37.37
"2022/04/03","09:51:30.52","eq","l",3.62,"w",35.03817,-116.9765,2,"A",39985119,88,3399,2022-04-03 09:51:30.52
"2022/04/08","09:35:54.78","eq","l",3.28,"l",35.31317,-118.53617,3.3,"A",39988527,206,3310,2022-04-08 09:35:54.78
"2022/04/09","13:14:38.56","eq","l",2.52,"l",35.368,-118.47717,7.8,"A",39989335,93,3101,2022-04-09 13:14:38.56
"2022/04/16","21:10:58.87","eq","l",2.7,"l",36.04117,-117.576,1.1,"A",40238472,72,3153,2022-04-16 21:10:58.87
"2022/04/19","13:48:06.15","eq","l",2.73,"l",35.94383,-117.67617,4,"A",40241024,65,3154,2022-04-19 13:48:06.15
"2022/04/21","22:18:06.38","eq","l",2.52,"l",35.67117,-117.4715,7.6,"A",40243480,90,3202,2022-04-21 22:18:06.38
"2022/04/24","16:42:37.98","eq","l",2.72,"l",35.64217,-117.45417,6.7,"A",40245048,73,3305,2022-04-24 16:42:37.98
"2022/05/02","09:16:05.19","eq","l",2.89,"l",36.19767,-118.18917,2.8,"A",40250208,94,3204,2022-05-02 09:16:05.19
"2022/05/02","21:56:48.81","eq","l",3.45,"l",36.132,-118.06583,2.5,"A",40250808,104,3384,2022-05-02 21:56:48.81
"2022/05/07","12:16:22.99","eq","l",2.7,"l",35.52833,-118.5115,1.9,"A",40254184,91,3213,2022-05-07 12:16:22.99
"2022/05/08","15:38:43.40","eq","l",2.57,"l",35.68,-117.47367,6.7,"A",40254520,81,3228,2022-05-08 15:38:43.4
"2022/05/10","06:53:51.02","eq","l",3.53,"l",35.52517,-117.38967,9.1,"A",40255392,95,3363,2022-05-10 06:53:51.02
"2022/05/10","08:01:52.13","eq","l",2.96,"l",35.5235,-117.38733,8.8,"A",40255408,87,3324,2022-05-10 08:01:52.13
"2022/05/13","05:11:38.47","eq","l",2.73,"l",36.22317,-117.8825,5.5,"A",40017247,88,3143,2022-05-13 05:11:38.47
"2022/05/13","16:28:42.50","eq","l",2.78,"l",35.69483,-117.60817,8.5,"A",40017663,68,3315,2022-05-13 16:28:42.5
"2022/05/13","19:45:18.04","eq","l",3.16,"l",35.69567,-117.60933,8,"A",40017815,85,3366,2022-05-13 19:45:18.04
"2022/05/16","15:36:38.81","eq","l",2.66,"l",35.64333,-118.32,7.6,"A",40020279,53,3215,2022-05-16 15:36:38.81
"2022/05/18","15:47:52.73","eq","l",2.62,"l",36.46083,-116.9495,8.2,"A",40021831,43,2929,2022-05-18 15:47:52.73
"2022/05/26","09:23:32.53","eq","l",4.28,"w",35.60267,-117.406,4.8,"A",40027143,95,3385,2022-05-26 09:23:32.53
"2022/05/31","09:02:55.86","eq","l",2.82,"l",35.889,-117.68783,6.1,"A",40030831,93,3209,2022-05-31 09:02:55.86
"2022/05/31","23:53:29.03","eq","l",3.08,"l",35.7945,-117.62533,5.9,"A",40031287,114,3331,2022-05-31 23:53:29.03
"2022/06/08","22:48:21.56","eq","l",3.55,"w",35.51083,-118.38733,5.2,"A",40036719,120,3384,2022-06-08 22:48:21.56
"2022/06/09","07:34:17.52","eq","l",3.21,"l",35.5115,-118.3875,4.3,"A",40036911,115,3323,2022-06-09 07:34:17.52
"2022/06/15","02:18:33.05","eq","l",3.24,"l",35.98767,-117.40817,0.7,"A",40040359,79,3369,2022-06-15 02:18:33.05
"2022/06/16","17:58:34.41","eq","l",3.09,"l",35.18367,-118.988,12.5,"A",40285368,89,3292,2022-06-16 17:58:34.41
"2022/07/06","06:15:46.40","eq","l",3.53,"l",35.55483,-118.402,2.9,"A",40297864,169,3284,2022-07-06 06:15:46.4
"2022/07/11","17:45:56.58","eq","l",2.6,"l",35.6025,-117.40417,6,"A",40301944,81,3298,2022-07-11 17:45:56.58
"2022/07/12","18:29:04.76","eq","l",2.69,"l",35.793,-117.6045,6.6,"A",40302584,69,3233,2022-07-12 18:29:04.76
"2022/07/15","01:19:07.00","eq","l",4.58,"w",35.70917,-117.58433,6.3,"A",40063391,119,3391,2022-07-15 01:19:07
"2022/07/17","11:34:47.53","eq","l",3.47,"l",35.487,-118.2855,3,"A",40065175,126,3319,2022-07-17 11:34:47.53
"2022/07/17","15:44:26.54","eq","l",3.8,"w",35.51267,-118.3865,4.7,"A",40065255,117,3351,2022-07-17 15:44:26.54
"2022/07/18","17:07:58.29","eq","l",3.38,"l",35.51433,-118.38733,5.4,"A",40065903,116,3360,2022-07-18 17:07:58.29
"2022/07/22","00:11:28.75","eq","l",3.1,"l",36.189,-117.81567,6.9,"A",40067559,101,3148,2022-07-22 00:11:28.75
"2022/07/22","02:41:06.68","eq","l",2.77,"l",36.19283,-117.816,7.1,"A",40067623,71,3025,2022-07-22 02:41:06.68
"2022/08/10","04:36:50.85","eq","l",2.57,"l",35.65317,-117.496,9.1,"A",40078807,71,3175,2022-08-10 04:36:50.85
"2022/08/15","01:54:57.85","eq","l",2.79,"l",36.10367,-117.85733,7.3,"A",40325536,83,3117,2022-08-15 01:54:57.85
"2022/08/28","22:48:03.72","eq","l",3.42,"l",35.64433,-118.31817,7.3,"A",40333424,114,3322,2022-08-28 22:48:03.72
"2022/09/04","10:45:27.81","eq","l",2.94,"l",35.637,-117.55717,7.5,"A",40095951,66,3188,2022-09-04 10:45:27.81
"2022/09/07","10:30:51.16","eq","l",2.58,"l",35.36783,-118.549,3.3,"A",40097423,94,3073,2022-09-07 10:30:51.16
"2022/09/14","04:14:30.28","eq","l",2.74,"l",36.043,-117.376,1.2,"A",40100063,53,3027,2022-09-14 04:14:30.28
"2022/09/17","08:09:21.75","eq","l",2.56,"l",35.89183,-117.72167,9,"A",40101519,68,3021,2022-09-17 08:09:21.75
"2022/09/18","01:03:01.81","eq","l",2.9,"l",35.96017,-117.9805,3.8,"A",40101903,76,3110,2022-09-18 01:03:01.81
"2022/09/20","09:21:56.73","eq","l",2.82,"l",35.704,-117.479,4.5,"A",40103127,61,3147,2022-09-20 09:21:56.73
"2022/09/21","10:50:48.98","eq","l",3.04,"l",36.17217,-117.8355,7.1,"A",40103815,61,3084,2022-09-21 10:50:48.98
"2022/09/27","01:46:17.23","eq","l",2.78,"l",35.3355,-118.546,3.1,"A",40107063,96,3112,2022-09-27 01:46:17.23
"2022/09/27","08:03:39.32","eq","l",3.7,"w",35.50767,-118.3885,5.2,"A",40107167,121,3217,2022-09-27 08:03:39.32
"2022/09/27","09:10:44.47","eq","l",2.55,"l",35.509,-118.38767,5,"A",40107223,89,2994,2022-09-27 09:10:44.47
"2022/10/09","21:48:21.12","eq","l",3.01,"l",35.65783,-117.48417,4.9,"A",40358328,65,3266,2022-10-09 21:48:21.12
"2022/10/10","10:12:44.47","eq","l",2.88,"l",35.6735,-117.5615,7.9,"A",40358456,68,3221,2022-10-10 10:12:44.47
"2022/10/12","12:54:07.00","eq","l",3.67,"w",35.04867,-118.99583,12.3,"A",40359712,134,3195,2022-10-12 12:54:07
"2022/10/14","17:24:22.31","eq","l",2.72,"l",35.04533,-118.99167,13.1,"A",40360984,90,3166,2022-10-14 17:24:22.31
"2022/10/27","12:01:01.62","eq","l",2.62,"l",35.65483,-117.4845,2.1,"A",40366648,55,2976,2022-10-27 12:01:01.62
"2022/10/31","22:53:45.65","eq","l",2.86,"l",35.974,-117.32483,2.7,"A",40127847,66,3224,2022-10-31 22:53:45.65
"2022/11/05","10:59:26.12","eq","l",2.66,"l",35.647,-117.49933,8,"A",40129239,72,3177,2022-11-05 10:59:26.12
"2022/11/11","11:16:19.92","eq","l",3.19,"l",35.7415,-117.56667,3.6,"A",40131047,78,3140,2022-11-11 11:16:19.92
"2022/11/11","12:05:35.82","eq","l",2.8,"l",35.8905,-117.72883,2.7,"A",40131063,58,3026,2022-11-11 12:05:35.82
"2022/11/23","13:38:09.70","eq","l",2.51,"l",35.63817,-117.44417,6.6,"A",40379888,66,3028,2022-11-23 13:38:09.7
"2022/11/26","07:34:42.90","eq","l",2.52,"l",35.58617,-116.9095,2,"A",40381112,42,3022,2022-11-26 07:34:42.9
"2022/12/07","00:27:03.03","eq","l",2.71,"l",36.04067,-117.71017,1.8,"A",40142751,50,3105,2022-12-07 00:27:03.03
"2022/12/07","00:28:54.20","eq","l",2.74,"l",36.04483,-117.708,1.8,"A",40142759,54,3126,2022-12-07 00:28:54.2
"2022/12/07","14:13:22.69","eq","l",3.59,"w",35.50867,-118.3915,5.1,"A",40142983,110,3276,2022-12-07 14:13:22.69
"2022/12/08","02:28:49.08","eq","l",2.62,"l",35.50333,-118.393,4.8,"A",40143335,91,3117,2022-12-08 02:28:49.08
"2022/12/21","11:36:49.04","eq","l",2.9,"l",35.69533,-117.531,9.5,"A",40392904,76,3386,2022-12-21 11:36:49.04
"2022/12/27","14:50:47.04","eq","l",2.99,"l",34.5795,-116.88733,5.5,"A",40150599,141,3404,2022-12-27 14:50:47.04
"2023/01/03","01:01:04.07","eq","l",2.68,"l",35.50267,-118.38317,5.6,"A",40153151,109,3358,2023-01-03 01:01:04.07
"2023/01/04","20:49:34.07","eq","l",3,"l",36.02117,-117.76733,1.5,"A",40153687,60,3376,2023-01-04 20:49:34.07
"2023/01/09","10:47:49.28","eq","l",2.63,"l",36.17117,-118.029,2.2,"A",40154919,77,3157,2023-01-09 10:47:49.28
"2023/01/10","15:34:50.59","eq","l",3.15,"l",36.08417,-118.90367,7.6,"A",40155183,47,3250,2023-01-10 15:34:50.59
"2023/01/12","14:27:16.56","eq","l",2.5,"l",35.59233,-117.38183,6.8,"A",40402032,48,3267,2023-01-12 14:27:16.56
"2023/01/18","07:28:50.88","eq","l",2.79,"l",35.32283,-118.5685,3.8,"A",40403560,102,3289,2023-01-18 07:28:50.88
"2023/01/19","13:58:40.37","eq","l",3.35,"l",35.85783,-117.6995,8.5,"A",40403984,66,3474,2023-01-19 13:58:40.37
"2023/01/27","15:13:22.10","eq","l",2.59,"l",35.734,-117.6185,9.6,"A",40162687,64,3324,2023-01-27 15:13:22.1
"2023/01/29","18:25:50.03","eq","l",2.5,"l",35.727,-117.61467,9.4,"A",40163831,63,3376,2023-01-29 18:25:50.03
"2023/02/02","00:37:11.75","eq","l",3.11,"l",35.59633,-117.5995,7.1,"A",40165247,79,3497,2023-02-02 00:37:11.75
"2023/02/04","05:49:45.07","eq","l",2.51,"l",34.524,-118.67017,2.6,"A",40410664,160,3305,2023-02-04 05:49:45.07
"2023/02/09","10:52:51.83","eq","l",2.5,"l",35.678,-117.5535,7.4,"A",40412640,64,3276,2023-02-09 10:52:51.83
"2023/02/13","13:03:46.26","eq","l",2.87,"l",36.22,-117.85967,3,"A",40414144,58,3305,2023-02-13 13:03:46.26
"2023/02/18","02:35:20.34","eq","l",2.9,"l",36.00617,-117.364,0.1,"A",40415808,56,3330,2023-02-18 02:35:20.34
"2023/02/26","19:26:15.51","eq","l",2.81,"l",35.63983,-117.45567,7.4,"A",40418976,69,3365,2023-02-26 19:26:15.51
"2023/02/28","02:18:04.50","eq","l",3.15,"l",35.61367,-117.4145,7.9,"A",40419408,74,3414,2023-02-28 02:18:04.5
"2023/02/28","13:30:51.69","eq","l",3.56,"l",35.61283,-117.4165,8.2,"A",40419496,70,3380,2023-02-28 13:30:51.69
"2023/03/07","08:42:10.11","eq","l",2.99,"l",35.66533,-117.57283,7.1,"A",40421656,69,3397,2023-03-07 08:42:10.11
"2023/03/19","09:53:33.19","eq","l",2.72,"l",35.5175,-118.3905,6.7,"A",40186967,96,3333,2023-03-19 09:53:33.19
"2023/03/20","07:28:45.79","eq","l",2.59,"l",34.84483,-116.33083,4,"A",40187399,41,3360,2023-03-20 07:28:45.79
"2023/03/24","00:30:20.87","eq","l",3.24,"l",35.5355,-117.44,9.3,"A",40188871,84,3494,2023-03-24 00:30:20.87
"2023/03/25","04:32:11.22","eq","l",2.87,"l",35.491,-118.46483,5.3,"A",40189671,88,3340,2023-03-25 04:32:11.22
"2023/03/26","06:20:45.07","eq","l",3.59,"l",35.78983,-116.8505,0.4,"A",40189967,62,3494,2023-03-26 06:20:45.07
"2023/03/29","07:11:17.28","eq","l",2.94,"l",35.84833,-117.70217,6.5,"A",40191095,62,3382,2023-03-29 07:11:17.28
"2023/04/01","05:37:59.33","eq","l",2.59,"l",35.50383,-118.38683,7.3,"A",39508538,82,3200,2023-04-01 05:37:59.33
"2023/04/03","11:35:28.00","eq","l",3.08,"l",35.20383,-118.67217,6,"A",39509394,103,3311,2023-04-03 11:35:28
"2023/04/10","21:38:48.27","eq","l",2.59,"l",35.67867,-117.49033,7.4,"A",40439424,69,3416,2023-04-10 21:38:48.27
"2023/04/11","01:21:46.33","eq","l",2.81,"l",35.6705,-117.53117,8.7,"A",40439488,73,3475,2023-04-11 01:21:46.33
"2023/04/17","10:20:03.32","eq","l",2.55,"l",35.505,-118.38733,7,"A",40441856,83,3280,2023-04-17 10:20:03.32
"2023/04/17","15:27:56.45","eq","l",3.62,"l",34.95183,-116.7195,1.8,"A",40441936,77,3648,2023-04-17 15:27:56.45
"2023/05/02","00:19:35.43","eq","l",3.21,"l",35.94383,-117.49583,0.1,"A",40217047,63,3505,2023-05-02 00:19:35.43
"2023/05/02","23:53:47.37","eq","l",2.6,"l",35.87083,-117.71867,8.8,"A",40217607,77,3361,2023-05-02 23:53:47.37
"2023/05/03","01:40:24.49","eq","l",3.56,"l",35.8715,-117.71667,8.8,"A",40217695,68,3532,2023-05-03 01:40:24.49
"2023/05/03","11:43:38.35","eq","l",3.09,"l",35.87083,-117.71683,9.3,"A",40217951,63,3487,2023-05-03 11:43:38.35
"2023/05/05","11:12:15.71","eq","l",3.38,"l",35.056,-118.89733,13.8,"A",40219303,123,3485,2023-05-05 11:12:15.71
"2023/05/19","19:32:09.69","eq","l",2.58,"l",35.5215,-118.379,7.8,"A",40228591,81,3416,2023-05-19 19:32:09.69
"2023/05/21","10:09:07.34","eq","l",2.77,"l",35.95317,-117.69133,3.7,"A",40230247,58,3352,2023-05-21 10:09:07.34
"2023/05/23","00:31:14.62","eq","l",2.69,"l",35.6385,-117.44717,6.1,"A",40231903,67,3473,2023-05-23 00:31:14.62
"2023/05/31","03:00:52.05","eq","l",3.06,"l",36.4115,-118.24833,2.5,"A",40238455,61,3310,2023-05-31 03:00:52.05
"2023/06/02","11:54:47.45","eq","l",2.75,"l",35.504,-118.3945,5.5,"A",40475704,94,3429,2023-06-02 11:54:47.45
"2023/06/03","06:55:44.20","eq","l",2.63,"l",35.64567,-118.31983,8,"A",40476720,81,3375,2023-06-03 06:55:44.2
"2023/06/03","07:25:00.48","eq","l",2.67,"l",35.64467,-118.32317,8,"A",40476760,79,3390,2023-06-03 07:25:00.48
"2023/06/04","05:07:34.16","eq","l",2.53,"l",36.04217,-117.7775,1.9,"A",40477640,51,3187,2023-06-04 05:07:34.16
"2023/06/05","22:02:00.82","eq","l",2.57,"l",35.62033,-117.44317,9,"A",40479112,55,3450,2023-06-05 22:02:00.82
"2023/06/13","15:51:56.81","eq","l",2.62,"l",35.644,-118.3205,7.4,"A",40484736,79,3418,2023-06-13 15:51:56.81
"2023/06/18","23:53:14.89","eq","l",2.96,"l",35.664,-117.4825,6.7,"A",40488416,71,3540,2023-06-18 23:53:14.89
"2023/06/19","06:49:11.58","eq","l",3.57,"l",35.498,-118.145,6.8,"A",40488576,115,3557,2023-06-19 06:49:11.58
"2023/06/21","13:58:59.97","eq","l",2.51,"l",35.68483,-117.483,7.8,"A",40490864,62,3293,2023-06-21 13:58:59.97
"2023/06/24","10:10:33.51","eq","l",3.48,"l",34.952,-116.7205,2.1,"A",40493880,61,3574,2023-06-24 10:10:33.51
"2023/06/30","05:10:14.28","eq","l",3.36,"l",34.99717,-118.52067,9,"A",40500216,157,3551,2023-06-30 05:10:14.28
"2023/07/14","18:39:42.91","eq","l",2.82,"l",36.09383,-117.9015,4.7,"A",39613050,66,3405,2023-07-14 18:39:42.91
"2023/07/25","18:52:15.08","eq","l",2.51,"l",35.6695,-117.48383,6.3,"A",39621810,75,3360,2023-07-25 18:52:15.08
"2023/07/26","20:49:00.69","eq","l",2.53,"l",35.7835,-117.61083,10,"A",39623042,70,3323,2023-07-26 20:49:00.69
"2023/08/05","10:01:49.17","eq","l",2.65,"l",35.76033,-117.58717,4.3,"A",40530200,60,3242,2023-08-05 10:01:49.17
"2023/08/06","18:57:01.94","eq","l",2.68,"l",36.11533,-117.88017,2.4,"A",40530928,61,3225,2023-08-06 18:57:01.94
"2023/08/06","23:25:26.21","eq","l",3.34,"l",35.31733,-118.5655,5.2,"A",40530992,116,3448,2023-08-06 23:25:26.21
"2023/08/08","08:23:48.19","eq","l",2.63,"l",35.603,-117.41033,6.2,"A",40531704,62,3326,2023-08-08 08:23:48.19
"2023/08/18","20:36:36.98","eq","l",3.02,"l",35.58367,-117.38133,4,"A",39644162,66,3379,2023-08-18 20:36:36.98
"2023/08/24","17:38:13.35","eq","l",2.65,"l",36.2125,-118.30433,2.9,"A",39649714,58,3146,2023-08-24 17:38:13.35
"2023/09/14","09:46:44.04","eq","l",2.7,"l",35.41383,-117.18617,1.8,"A",39664754,50,3371,2023-09-14 09:46:44.04
"2023/09/24","16:55:47.92","eq","l",2.57,"l",35.50367,-118.39267,4.9,"A",40571648,99,3236,2023-09-24 16:55:47.92
"2023/09/27","01:29:07.99","eq","l",3.04,"l",35.8795,-117.686,2.7,"A",40573224,62,3433,2023-09-27 01:29:07.99
"2023/10/05","03:09:58.00","eq","l",3.52,"l",35.041,-117.661,0.8,"A",40577368,114,3526,2023-10-05 03:09:58
"2023/10/23","05:56:30.51","eq","l",2.53,"l",36.04683,-117.86033,2,"A",40585144,56,3215,2023-10-23 05:56:30.51
"2023/10/26","16:39:56.57","eq","l",3.47,"l",36.01783,-117.771,1.8,"A",40588312,84,3482,2023-10-26 16:39:56.57
"2023/10/27","19:45:38.11","eq","l",2.57,"l",34.68717,-116.28383,2.3,"A",40589672,53,3419,2023-10-27 19:45:38.11
"2023/10/30","02:22:42.23","eq","l",2.56,"l",34.68517,-116.28533,1.9,"A",40591080,48,3343,2023-10-30 02:22:42.23
"2023/11/03","02:25:52.78","eq","l",2.66,"l",35.76583,-117.58267,6.4,"A",39705786,63,3288,2023-11-03 02:25:52.78
"2023/11/06","20:13:16.53","eq","l",2.86,"l",36.19633,-117.982,4.8,"A",39709442,75,3306,2023-11-06 20:13:16.53
"2023/11/19","03:28:33.33","eq","l",2.53,"l",36.18133,-118.02767,3.3,"A",39715066,57,3041,2023-11-19 03:28:33.33
"2023/11/19","07:30:21.30","eq","l",2.5,"l",36.00933,-117.80967,1.7,"A",39715122,56,3088,2023-11-19 07:30:21.3
"2023/11/27","10:37:40.58","eq","l",3.49,"l",35.52233,-118.383,6.4,"A",39718330,123,3339,2023-11-27 10:37:40.58
"2023/12/06","15:04:25.43","eq","l",2.68,"l",35.818,-116.796,0.5,"A",40616856,45,3131,2023-12-06 15:04:25.43
"2023/12/06","17:54:52.58","eq","l",2.88,"l",35.77633,-117.60067,7,"A",40616936,68,3283,2023-12-06 17:54:52.58
"2023/12/18","02:47:39.19","eq","l",2.6,"l",35.04383,-117.65683,1.1,"A",40446591,98,3252,2023-12-18 02:47:39.19
"2023/12/26","06:20:10.43","eq","l",2.79,"l",35.70733,-117.5155,7.5,"A",40451087,75,3264,2023-12-26 06:20:10.43
"2023/12/26","11:07:25.74","eq","l",2.94,"l",35.9245,-117.68567,2.1,"A",40451167,96,3270,2023-12-26 11:07:25.74
"2023/12/26","11:48:01.02","eq","l",2.64,"l",35.92733,-117.68367,2.4,"A",40451183,66,3069,2023-12-26 11:48:01.02
"2023/12/27","12:08:20.95","eq","l",3.18,"l",35.92883,-117.68183,2.8,"A",40451647,93,3294,2023-12-27 12:08:20.95
"2023/12/27","13:19:44.36","eq","l",2.87,"l",35.92267,-117.68433,2.1,"A",40451695,67,3210,2023-12-27 13:19:44.36
"2023/12/27","17:25:29.43","eq","l",3.32,"l",35.92533,-117.684,2.6,"A",40451791,68,3337,2023-12-27 17:25:29.43
"2023/12/27","19:11:41.23","eq","l",2.84,"l",35.92433,-117.68617,2.2,"A",40451855,67,3259,2023-12-27 19:11:41.23
"2023/12/30","02:26:27.53","eq","l",3.52,"l",35.40033,-118.64517,5.2,"A",40452607,124,3381,2023-12-30 02:26:27.53
"2023/12/30","08:29:11.16","eq","l",3.42,"l",35.74733,-117.57033,4.5,"A",40452647,91,3381,2023-12-30 08:29:11.16
"2024/01/08","15:12:22.50","eq","l",3.05,"l",35.60333,-117.48217,9.7,"A",40456839,101,3319,2024-01-08 15:12:22.5
"2024/01/21","15:13:55.87","eq","l",2.61,"l",35.63817,-117.42167,5.1,"A",40463671,71,3055,2024-01-21 15:13:55.87
"2024/01/28","12:05:18.86","eq","l",2.65,"l",35.38583,-118.98983,18.6,"A",39758674,91,3078,2024-01-28 12:05:18.86
"2024/02/05","01:06:53.13","eq","l",3.78,"w",35.39367,-118.22567,7.2,"A",40662944,115,3422,2024-02-05 01:06:53.13
"2024/03/11","11:48:40.90","eq","l",3.09,"l",36.49717,-118.1945,10.2,"A",40685504,67,3233,2024-03-11 11:48:40.9
"2024/03/20","15:09:49.60","eq","l",3.26,"l",35.64583,-118.32017,7.9,"A",40691096,94,3391,2024-03-20 15:09:49.6
"2024/03/22","06:24:13.66","eq","l",2.54,"l",35.77783,-117.59933,7.2,"A",40521759,69,3166,2024-03-22 06:24:13.66
"2024/03/30","20:03:40.18","eq","l",2.65,"l",34.6515,-116.28817,5,"A",40702464,54,3251,2024-03-30 20:03:40.18
"2024/04/03","00:56:01.07","eq","l",2.5,"l",35.53767,-117.50517,6.9,"A",40704112,80,3371,2024-04-03 00:56:01.07
"2024/04/14","06:47:36.28","eq","l",2.64,"l",35.80517,-117.63533,1.1,"A",40712608,62,3051,2024-04-14 06:47:36.28
"2024/04/16","15:23:03.89","eq","l",3.35,"l",36.1215,-117.89233,4.3,"A",40714048,71,3424,2024-04-16 15:23:03.89
"2024/04/16","15:23:26.40","eq","l",3.91,"w",36.117,-117.89483,5.1,"A",40714056,81,3454,2024-04-16 15:23:26.4
"2024/04/16","15:25:40.00","eq","l",3.24,"l",36.1215,-117.893,5.8,"A",40714072,68,3418,2024-04-16 15:25:40
"2024/04/16","17:43:11.77","eq","l",3.43,"l",36.11717,-117.886,6,"A",40714288,78,3406,2024-04-16 17:43:11.77
"2024/04/18","19:19:18.14","eq","l",4.32,"w",35.493,-118.513,3.2,"A",40549375,190,3455,2024-04-18 19:19:18.14
"2024/04/19","04:51:42.33","eq","l",3.16,"l",35.494,-118.51567,3.4,"A",40550039,154,3353,2024-04-19 04:51:42.33
"2024/04/21","07:56:34.08","eq","l",2.51,"l",35.11033,-118.88767,16.2,"A",40553447,122,3078,2024-04-21 07:56:34.08
"2024/05/07","07:47:40.02","eq","l",2.74,"l",35.32483,-118.54017,3.9,"A",40741832,130,3278,2024-05-07 07:47:40.02
"2024/05/12","07:01:40.52","eq","l",2.63,"l",35.962,-117.65817,4.1,"A",40746272,56,3170,2024-05-12 07:01:40.52
"2024/05/19","11:14:43.38","eq","l",2.57,"l",35.84917,-117.711,8.2,"A",40592095,56,3147,2024-05-19 11:14:43.38
"2024/05/19","17:23:35.76","eq","l",3.27,"l",35.68333,-117.53567,8.4,"A",40592599,80,3447,2024-05-19 17:23:35.76
"2024/05/21","17:20:46.61","eq","l",2.93,"l",35.96317,-117.38683,1,"A",40594887,61,3357,2024-05-21 17:20:46.61
"2024/06/03","04:14:58.24","eq","l",2.59,"l",35.65633,-117.48067,6.4,"A",40611599,66,3205,2024-06-03 04:14:58.24
"2024/06/16","07:19:02.55","eq","l",3.33,"l",35.75533,-117.57283,3,"A",40800256,73,3390,2024-06-16 07:19:02.55
"2024/06/22","03:44:20.07","eq","l",2.92,"l",35.13017,-117.31133,2,"A",40806472,80,3392,2024-06-22 03:44:20.07
"2024/06/27","07:59:23.40","eq","l",2.61,"l",35.96283,-117.654,3.9,"A",40811512,54,3065,2024-06-27 07:59:23.4
"2024/06/29","07:46:07.24","eq","l",3.86,"l",35.038,-116.9825,2.3,"A",40813512,83,3452,2024-06-29 07:46:07.24
"2024/07/04","08:51:42.48","eq","l",3.13,"l",35.0495,-118.94117,7.7,"A",40648447,137,3332,2024-07-04 08:51:42.48
"2024/07/16","06:24:17.73","eq","l",3.02,"l",36.15083,-118.0515,0.8,"A",40660767,67,3250,2024-07-16 06:24:17.73
"2024/07/23","07:42:44.88","eq","l",2.71,"l",36.4225,-117.87017,1.1,"A",40668447,39,3058,2024-07-23 07:42:44.88
"2024/07/24","13:18:54.74","eq","l",3.04,"l",35.8075,-116.75817,0.5,"A",40669943,41,3344,2024-07-24 13:18:54.74
"2024/07/29","20:00:52.59","eq","l",4.87,"w",34.95033,-116.78667,7.3,"A",40675215,99,3585,2024-07-29 20:00:52.59
"2024/07/29","20:03:33.15","eq","l",3.51,"l",34.946,-116.79433,2.8,"A",40675231,95,3537,2024-07-29 20:03:33.15
"2024/07/29","20:05:19.46","eq","l",2.68,"l",34.949,-116.78467,7.3,"A",40675239,56,3480,2024-07-29 20:05:19.46
"2024/07/30","04:08:09.65","eq","l",2.66,"l",34.93967,-116.81017,2.6,"A",40675751,69,3438,2024-07-30 04:08:09.65
"2024/08/10","17:18:39.12","eq","l",2.77,"l",35.94367,-117.685,4.8,"A",40696455,62,3336,2024-08-10 17:18:39.12
"2024/08/11","09:45:13.49","eq","l",3.77,"w",35.945,-117.6805,5,"A",40697215,63,3477,2024-08-11 09:45:13.49
"2024/08/11","09:46:04.81","eq","l",2.88,"l",35.94167,-117.68667,4.5,"A",40697223,53,3291,2024-08-11 09:46:04.81
"2024/08/14","18:31:44.02","eq","l",2.6,"l",35.94217,-117.6775,5.2,"A",40701983,70,3269,2024-08-14 18:31:44.02
"2024/08/16","04:03:17.12","eq","l",2.63,"l",35.96333,-117.65667,2.8,"A",40703967,65,3253,2024-08-16 04:03:17.12
"2024/08/19","18:54:26.57","eq","l",2.69,"l",34.6055,-116.61833,6.6,"A",40707511,99,3416,2024-08-19 18:54:26.57
"2024/09/03","13:04:11.71","eq","l",2.66,"l",35.96683,-117.38683,0.7,"A",40723383,52,3325,2024-09-03 13:04:11.71
"2024/09/14","23:20:55.58","eq","l",2.58,"l",35.05133,-117.07083,7.2,"A",40733879,73,3403,2024-09-14 23:20:55.58
"2024/09/16","23:02:04.82","eq","l",2.61,"l",35.03867,-116.9835,3.6,"A",40735559,74,3451,2024-09-16 23:02:04.82
"2024/09/26","16:42:11.84","eq","l",2.68,"l",34.9845,-116.9535,3.2,"A",40746287,60,3430,2024-09-26 16:42:11.84
"2024/09/26","18:24:29.35","eq","l",3.75,"w",36.20683,-118.0145,2,"A",40746391,85,3505,2024-09-26 18:24:29.35
"2024/09/27","00:16:57.16","eq","l",2.72,"l",36.20567,-118.01217,1.2,"A",40746727,61,3226,2024-09-27 00:16:57.16
"2024/09/28","20:59:06.80","eq","l",2.5,"l",35.51733,-118.37783,4.5,"A",40747863,113,3213,2024-09-28 20:59:06.8
"2024/10/01","22:52:16.00","eq","l",2.61,"l",36.05317,-117.91233,6.7,"A",40749895,60,3276,2024-10-01 22:52:16
"2024/10/02","17:45:50.32","eq","l",2.91,"l",35.0385,-116.9825,4.1,"A",40750535,80,3519,2024-10-02 17:45:50.32
"2024/10/06","00:25:57.74","eq","l",3.59,"w",36.14517,-117.08117,1.8,"A",40752591,52,3557,2024-10-06 00:25:57.74
"2024/10/12","16:15:32.87","eq","l",3.13,"l",35.00633,-118.87583,13.6,"A",40952768,144,3389,2024-10-12 16:15:32.87
"2024/10/27","13:48:49.95","eq","l",3.27,"l",36.20883,-118.01583,1,"A",40965744,83,3458,2024-10-27 13:48:49.95
"2024/10/27","14:28:01.13","eq","l",2.63,"l",36.21267,-118.01317,1.9,"A",40965760,73,3183,2024-10-27 14:28:01.13
"2024/10/29","16:09:10.12","eq","l",2.54,"l",35.097,-116.65383,8,"A",40966352,57,3419,2024-10-29 16:09:10.12
"2024/10/30","22:21:18.37","eq","l",2.55,"l",36.03267,-117.8215,1.9,"A",40783311,73,3248,2024-10-30 22:21:18.37
"2024/11/13","18:36:55.68","eq","l",3.29,"l",36.0445,-117.81133,1.5,"A",40792599,63,3511,2024-11-13 18:36:55.68
"2024/11/17","09:27:25.57","eq","l",2.88,"l",36.10433,-117.58683,1,"A",40794527,69,3376,2024-11-17 09:27:25.57
"2024/11/21","20:24:13.71","eq","l",2.55,"l",35.991,-117.68917,4.8,"A",40797823,66,3286,2024-11-21 20:24:13.71
"2024/12/03","03:51:21.81","eq","l",3.1,"l",34.5125,-118.86817,15.3,"A",40992360,194,3510,2024-12-03 03:51:21.81
"2024/12/05","05:06:31.35","eq","l",2.91,"l",35.8995,-117.75,6.3,"A",40994520,79,3478,2024-12-05 05:06:31.35
"2024/12/14","02:19:03.92","eq","l",2.61,"l",35.73167,-117.5985,10.6,"A",41001584,80,3456,2024-12-14 02:19:03.92
"2024/12/22","19:03:49.51","eq","l",3.55,"l",35.772,-118.01167,2.7,"A",40827375,90,3628,2024-12-22 19:03:49.51
"2025/01/13","05:06:02.20","eq","l",3.1,"l",35.2435,-118.52333,7.5,"A",40838607,106,3432,2025-01-13 05:06:02.2
"2025/01/15","14:50:18.97","eq","l",2.74,"l",35.51817,-118.3805,7.8,"A",40840071,83,3266,2025-01-15 14:50:18.97
"2025/01/18","04:54:35.40","eq","l",3.16,"l",35.95667,-117.39417,4.1,"A",40842287,64,3530,2025-01-18 04:54:35.4
"2025/01/22","21:40:40.05","eq","l",2.6,"l",35.34483,-117.79633,6.3,"A",41033480,85,3308,2025-01-22 21:40:40.05
"2025/01/23","05:27:56.54","eq","l",3.46,"w",35.15817,-117.353,4.4,"A",41033904,96,3557,2025-01-23 05:27:56.54
"2025/01/28","21:32:02.13","eq","l",2.68,"l",35.45233,-118.2665,7.8,"A",40170314,93,3538,2025-01-28 21:32:02.13
"2025/02/10","22:23:04.76","eq","l",3.27,"l",36.02667,-117.77867,1.7,"A",40183770,97,3552,2025-02-10 22:23:04.76
"2025/02/11","22:09:35.29","eq","l",2.57,"l",36.16867,-118.05667,2.3,"A",40184482,54,3130,2025-02-11 22:09:35.29
"2025/02/18","05:50:16.51","eq","l",3.15,"l",35.03633,-116.984,1.9,"A",40188018,74,3542,2025-02-18 05:50:16.51
"2025/02/18","20:41:53.65","eq","l",2.83,"l",35.34033,-117.80017,7.5,"A",40188442,91,3501,2025-02-18 20:41:53.65
"2025/02/22","22:47:31.65","eq","l",2.62,"l",35.48367,-118.443,3.1,"A",40191938,84,3428,2025-02-22 22:47:31.65
"2025/02/25","06:12:14.93","eq","l",2.5,"l",35.72517,-117.54783,7,"A",40193762,71,3406,2025-02-25 06:12:14.93
"2025/02/27","03:31:57.43","eq","l",2.55,"l",35.67283,-117.53,9.2,"A",40195354,69,3464,2025-02-27 03:31:57.43
"2025/02/27","23:47:31.79","eq","l",2.55,"l",35.86367,-117.69583,9,"A",41068296,60,3459,2025-02-27 23:47:31.79
"2025/03/10","12:57:39.00","eq","l",2.64,"l",35.8705,-117.0135,7.5,"A",41076224,71,3391,2025-03-10 12:57:39
"2025/03/23","13:14:59.14","eq","l",2.55,"l",35.7045,-117.52933,9.5,"A",40907823,58,3385,2025-03-23 13:14:59.14
"2025/03/24","02:55:00.56","eq","l",2.71,"l",35.347,-117.801,6.6,"A",40908471,82,3406,2025-03-24 02:55:00.56
"2025/03/28","20:21:13.80","eq","l",2.95,"l",35.34883,-117.8115,10.1,"A",40912255,30,3502,2025-03-28 20:21:13.8
"2025/03/29","17:48:12.85","eq","l",2.58,"l",35.352,-117.80967,6.7,"A",40912687,78,3328,2025-03-29 17:48:12.85
"2025/04/01","15:07:15.78","eq","l",2.98,"l",36.1155,-116.3205,1.1,"A",40914271,52,2918,2025-04-01 15:07:15.78
"2025/04/01","19:44:57.89","eq","l",2.57,"l",35.3435,-117.803,6.6,"A",40914391,80,3465,2025-04-01 19:44:57.89
"2025/04/08","19:30:36.99","eq","l",2.54,"l",35.96733,-117.51467,5.2,"A",40919591,59,3298,2025-04-08 19:30:36.99
"2025/04/10","01:43:14.48","eq","l",3.47,"w",35.95983,-117.713,7.1,"A",40920551,68,3580,2025-04-10 01:43:14.48
"2025/04/14","07:53:22.86","eq","l",2.99,"l",35.33583,-117.81567,8.4,"A",40925623,97,3558,2025-04-14 07:53:22.86
"2025/04/15","19:42:12.07","eq","l",2.59,"l",35.31717,-118.50583,6.3,"A",40928999,94,3408,2025-04-15 19:42:12.07
"2025/04/15","19:52:58.70","eq","l",2.5,"l",35.31717,-118.5065,5.8,"A",40929031,93,3326,2025-04-15 19:52:58.7
"2025/04/19","07:44:07.17","eq","l",3.37,"l",35.33867,-117.8055,7.1,"A",40932807,106,3579,2025-04-19 07:44:07.17
"2025/04/19","07:44:19.61","eq","l",2.71,"l",35.31233,-117.77583,14.3,"A",37543245,16,3528,2025-04-19 07:44:19.61
"2025/04/20","05:50:10.66","eq","l",2.7,"l",34.52817,-117.33717,9.6,"A",40934007,185,3530,2025-04-20 05:50:10.66
"2025/04/23","22:16:32.26","eq","l",2.8,"l",35.351,-117.80633,7.7,"A",40939399,89,3539,2025-04-23 22:16:32.26
"2025/04/28","06:46:44.73","eq","l",3.34,"l",35.342,-117.7985,7,"A",41137800,104,3579,2025-04-28 06:46:44.73
"2025/04/28","06:51:02.72","eq","l",2.53,"l",35.34267,-117.798,6,"A",41137808,89,3337,2025-04-28 06:51:02.72
"2025/05/01","14:12:53.71","eq","l",3.4,"l",35.35267,-117.8035,7.5,"A",41141664,94,3641,2025-05-01 14:12:53.71
"2025/05/01","14:22:01.64","eq","l",2.62,"l",35.3505,-117.8055,7.8,"A",41141680,93,3514,2025-05-01 14:22:01.64
"2025/05/04","04:18:16.48","eq","l",2.65,"l",35.35383,-117.81,8.5,"A",41144424,91,3534,2025-05-04 04:18:16.48
"2025/05/15","20:58:49.74","eq","l",2.66,"l",35.344,-117.8015,7.2,"A",41153760,93,3419,2025-05-15 20:58:49.74
"2025/05/24","02:31:19.41","eq","l",2.64,"l",35.70133,-117.50567,6.8,"A",40974239,84,3523,2025-05-24 02:31:19.41
"2025/06/07","17:16:56.13","eq","l",2.68,"l",35.54783,-117.5585,7.7,"A",41178440,90,3494,2025-06-07 17:16:56.13
"2025/06/12","11:54:42.72","eq","l",2.54,"l",36.02417,-117.77867,1.6,"A",40992071,71,3333,2025-06-12 11:54:42.72
"2025/06/12","19:00:25.01","eq","l",2.82,"l",35.3295,-117.8075,7.6,"A",40992455,103,3630,2025-06-12 19:00:25.01
"2025/06/13","02:31:36.66","eq","l",2.72,"l",35.33083,-117.80633,7.8,"A",40992775,91,3583,2025-06-13 02:31:36.66
"2025/06/15","19:21:13.06","eq","l",3.21,"l",35.134,-116.66617,6.6,"A",40995367,60,3666,2025-06-15 19:21:13.06
"2025/06/25","21:17:25.89","eq","l",2.7,"l",35.74333,-117.566,4.4,"A",41004319,93,3577,2025-06-25 21:17:25.89
"2025/06/28","01:50:09.39","eq","l",2.73,"l",35.30767,-118.55167,5.7,"A",41006999,94,3601,2025-06-28 01:50:09.39
"2025/07/13","12:27:55.19","eq","l",3.98,"w",36.17433,-118.03217,2,"A",41021687,87,3681,2025-07-13 12:27:55.19
"2025/07/13","15:45:05.69","eq","l",2.66,"l",36.1745,-118.0305,2,"A",41021807,72,3365,2025-07-13 15:45:05.69
"2025/07/14","11:11:15.47","eq","l",2.57,"l",34.807,-116.43367,3.9,"A",41022223,72,3477,2025-07-14 11:11:15.47
"2025/07/15","18:23:22.63","eq","l",2.64,"l",35.28217,-118.464,6.5,"A",41023415,100,3545,2025-07-15 18:23:22.63
"2025/07/16","03:17:21.16","eq","l",2.66,"l",34.518,-118.9365,0.2,"A",41023759,116,3602,2025-07-16 03:17:21.16
"2025/07/17","22:55:00.87","eq","l",3.11,"l",35.31983,-117.8145,7.1,"A",41025207,127,3704,2025-07-17 22:55:00.87
"2025/07/20","06:32:46.06","eq","l",2.94,"l",35.32317,-117.80883,6.8,"A",41026799,124,3670,2025-07-20 06:32:46.06
"2025/07/22","13:45:51.11","eq","l",2.53,"l",35.32417,-117.80517,7.1,"A",41028511,102,3456,2025-07-22 13:45:51.11
"2025/08/05","01:18:32.53","eq","l",2.67,"l",35.3825,-118.4825,7.3,"A",41253136,93,3573,2025-08-05 01:18:32.53
"2025/08/17","23:21:37.31","eq","l",2.56,"l",36.12033,-117.91817,4.3,"A",40401466,81,3420,2025-08-17 23:21:37.31
"2025/08/17","23:22:58.31","eq","l",2.86,"l",36.12033,-117.91783,4.5,"A",40401474,83,3489,2025-08-17 23:22:58.31
"2025/08/19","00:34:17.61","eq","l",2.76,"l",36.1775,-118.026,3.6,"A",40402354,58,3457,2025-08-19 00:34:17.61
"2025/09/01","02:14:44.73","eq","l",2.54,"l",35.60517,-117.40867,7.9,"A",41280400,91,3619,2025-09-01 02:14:44.73
"2025/09/09","15:06:35.24","eq","l",2.64,"l",34.69117,-116.344,2.8,"A",41287112,60,3609,2025-09-09 15:06:35.24
"2025/09/10","05:23:58.64","eq","l",3.06,"l",34.84167,-116.41017,1.6,"A",41287832,68,3646,2025-09-10 05:23:58.64
"2025/09/11","22:11:05.85","eq","l",2.57,"l",36.0495,-117.85167,1.9,"A",41289440,71,3420,2025-09-11 22:11:05.85
"2025/09/12","01:52:47.92","eq","l",2.56,"l",34.7575,-118.82183,11.1,"A",41289544,143,3558,2025-09-12 01:52:47.92
"2025/09/13","09:36:57.18","eq","l",2.83,"l",36.17733,-118.02283,1.8,"A",41290552,76,3546,2025-09-13 09:36:57.18
"2025/09/13","09:37:03.66","eq","l",2.85,"l",36.17467,-118.02383,2.5,"A",37743076,40,3483,2025-09-13 09:37:03.66
"2025/09/13","10:03:33.60","eq","l",2.56,"l",36.1765,-118.0265,3.2,"A",41290592,69,3387,2025-09-13 10:03:33.6
"2025/09/15","12:09:35.96","eq","l",2.61,"l",35.84033,-117.6775,10.1,"A",41291752,77,0,2025-09-15 12:09:35.96
"2025/09/21","01:15:06.98","eq","l",2.85,"l",36.1045,-117.903,5.2,"A",40447258,83,3535,2025-09-21 01:15:06.98
"2025/09/25","03:51:59.14","eq","l",2.72,"l",34.84,-116.41,1.7,"A",41096983,61,3567,2025-09-25 03:51:59.14
"2025/09/29","18:24:06.48","eq","l",3.1,"l",35.3505,-117.79067,6.4,"A",41100695,119,3679,2025-09-29 18:24:06.48
"2025/10/10","04:39:09.79","eq","l",2.83,"l",36.0355,-117.7805,2.8,"A",41106015,70,3595,2025-10-10 04:39:09.79
"2025/10/22","05:36:52.26","eq","l",2.52,"l",35.353,-117.79167,6.8,"A",41112559,99,3478,2025-10-22 05:36:52.26
"2025/10/25","04:21:16.27","eq","l",2.88,"l",35.35217,-117.789,6.6,"A",41319240,110,3571,2025-10-25 04:21:16.27
"2025/10/25","04:25:46.22","eq","l",2.6,"l",35.35433,-117.78817,5.8,"A",41319248,100,3423,2025-10-25 04:25:46.22
"2025/10/26","18:15:22.45","eq","l",3.07,"l",35.354,-117.79383,4.8,"A",41320520,120,3715,2025-10-26 18:15:22.45
"2025/11/11","23:29:06.37","eq","l",2.5,"l",35.74417,-117.55983,7.3,"A",40483962,86,3381,2025-11-11 23:29:06.37
"2025/11/21","00:03:27.81","eq","l",2.77,"l",35.353,-117.7935,7,"A",41125207,82,3577,2025-11-21 00:03:27.81
"2025/11/21","13:40:55.35","eq","l",2.67,"l",35.48883,-118.508,3.4,"A",41125431,92,3378,2025-11-21 13:40:55.35
"2025/11/23","09:46:44.33","eq","l",2.52,"l",35.35667,-117.80817,7.2,"A",41125863,89,3388,2025-11-23 09:46:44.33
"2025/11/28","13:44:12.08","eq","l",2.55,"l",35.35867,-117.79067,6.2,"A",41128759,117,3560,2025-11-28 13:44:12.08
"2025/12/03","13:18:02.64","eq","l",3.2,"l",36.138,-118.44,6.9,"A",41131543,73,3583,2025-12-03 13:18:02.64
"2025/12/03","22:35:45.34","eq","l",2.6,"l",36.13533,-118.44017,6.3,"A",41131975,67,3375,2025-12-03 22:35:45.34
"2025/12/17","10:01:15.58","eq","l",3.07,"l",35.90033,-117.67683,2,"A",41353384,76,3590,2025-12-17 10:01:15.58
"2025/12/18","15:13:42.10","eq","l",3.56,"w",35.8665,-116.86767,6,"A",41142103,59,3662,2025-12-18 15:13:42.1
"2026/01/07","23:56:43.55","eq","l",3.28,"l",35.65933,-117.53883,8.6,"A",41154103,90,3688,2026-01-07 23:56:43.55
"2026/01/08","05:28:06.47","eq","l",3.01,"l",35.6595,-117.53817,9.2,"A",41154263,93,3606,2026-01-08 05:28:06.47
"2026/01/10","09:00:56.31","eq","l",2.68,"l",35.65,-117.45883,8.2,"A",41155071,88,3567,2026-01-10 09:00:56.31
"2026/01/11","04:34:24.35","eq","l",2.73,"l",36.22983,-117.88417,5,"A",41155455,85,3423,2026-01-11 04:34:24.35
"2026/01/13","20:20:29.85","eq","l",3.12,"l",35.34733,-117.79617,5.4,"A",41156839,120,3592,2026-01-13 20:20:29.85
"2026/01/17","22:43:29.67","eq","l",3.01,"l",36.09267,-117.89617,5.6,"A",41160695,96,3540,2026-01-17 22:43:29.67
"2026/01/18","14:54:12.10","eq","l",3.55,"w",35.34383,-117.79767,4.5,"A",41161199,120,3619,2026-01-18 14:54:12.1
"2026/01/18","16:21:40.82","eq","l",3.33,"l",35.353,-117.7945,4.4,"A",41161263,120,3612,2026-01-18 16:21:40.82
"2026/01/18","16:24:49.31","eq","l",3.32,"l",35.3505,-117.792,6.5,"A",41161271,118,3597,2026-01-18 16:24:49.31
"2026/01/28","14:09:32.39","eq","l",2.81,"l",35.34333,-117.79683,4.3,"A",41174863,100,3416,2026-01-28 14:09:32.39
"2026/01/29","00:15:02.04","eq","l",3.16,"l",35.35867,-117.8035,6.7,"A",41175287,124,3600,2026-01-29 00:15:02.04
"2026/02/09","15:00:25.94","eq","l",2.55,"l",35.30533,-117.45367,4.6,"A",41394408,78,3448,2026-02-09 15:00:25.94
"2026/02/10","15:20:17.85","eq","l",2.74,"l",35.3575,-117.78717,5.6,"A",41395024,87,3397,2026-02-10 15:20:17.85
"2026/02/12","07:16:46.93","eq","l",2.97,"l",36.17433,-118.02583,1.6,"A",41396280,70,3487,2026-02-12 07:16:46.93
"2026/02/13","21:57:19.06","eq","l",2.52,"l",35.9835,-117.9135,3.1,"A",41397528,83,3402,2026-02-13 21:57:19.06
"2026/02/23","17:07:27.95","eq","l",2.69,"l",35.35083,-117.79317,6.2,"A",41402064,113,3475,2026-02-23 17:07:27.95
"2026/02/26","00:20:52.72","eq","l",3.55,"l",35.30567,-117.45233,4.1,"A",41404008,109,3635,2026-02-26 00:20:52.72
"2026/02/26","01:43:31.41","eq","l",3.19,"l",35.30317,-117.45,4.1,"A",41404040,91,3559,2026-02-26 01:43:31.41
"2026/03/04","17:52:00.87","eq","l",2.95,"l",36.2255,-118.26433,4.7,"A",41409328,72,3437,2026-03-04 17:52:00.87
"2026/03/21","23:04:10.25","eq","l",2.55,"l",35.36017,-117.7875,6.3,"A",41422048,100,3408,2026-03-21 23:04:10.25
"2026/03/27","22:13:14.86","eq","l",4.11,"w",34.83867,-116.4105,1.4,"A",41426656,93,3745,2026-03-27 22:13:14.86
"2026/03/28","06:09:06.72","eq","l",3.14,"l",34.8395,-116.41633,1,"A",41426888,57,3630,2026-03-28 06:09:06.72
"2026/03/28","12:08:02.94","eq","l",3.34,"l",35.608,-116.22633,1,"A",41427016,32,3639,2026-03-28 12:08:02.94
"2026/04/01","16:16:29.34","eq","l",3.16,"l",34.84133,-116.401,1.3,"A",41430320,64,3694,2026-04-01 16:16:29.34
"2026/04/01","16:30:47.91","eq","l",3.93,"w",34.8455,-116.40317,1.6,"A",41430336,61,3730,2026-04-01 16:30:47.91
"2026/04/04","11:57:31.69","eq","l",2.58,"l",34.84,-116.406,1.3,"A",41432456,47,3541,2026-04-04 11:57:31.69
"2026/04/06","03:59:40.00","eq","l",3.16,"l",34.84483,-116.406,1.9,"A",41433384,58,3661,2026-04-06 03:59:40
"2026/04/08","04:04:00.85","eq","l",2.69,"l",34.529,-118.60483,11.5,"A",41435216,207,3627,2026-04-08 04:04:00.85
"2026/04/17","13:03:42.17","eq","l",3.54,"l",34.83917,-116.41017,1.3,"A",41443376,77,3694,2026-04-17 13:03:42.17
"2026/04/20","00:53:48.61","eq","l",3,"l",36.21217,-117.9775,2.5,"A",41445272,71,3471,2026-04-20 00:53:48.61
"2026/04/20","21:57:25.79","eq","l",3.18,"l",35.1785,-117.367,5.3,"A",41445912,103,3719,2026-04-20 21:57:25.79
"2026/04/21","12:43:08.38","eq","l",2.62,"l",36.02167,-117.77917,1.7,"A",41446208,74,3434,2026-04-21 12:43:08.38
"2026/04/24","02:18:15.01","eq","l",3.27,"l",36.38167,-116.883,6,"A",41233487,85,3698,2026-04-24 02:18:15.01
"2026/05/05","20:14:02.52","eq","l",2.86,"l",36.01,-117.80217,1.6,"A",41241863,73,3546,2026-05-05 20:14:02.52
"2026/05/07","16:37:46.21","eq","l",3.12,"l",35.06783,-116.98383,1.7,"A",41243583,70,3665,2026-05-07 16:37:46.21
"2026/05/11","23:20:19.53","eq","l",2.87,"l",35.30533,-117.81017,7.8,"A",41464632,107,3678,2026-05-11 23:20:19.53
