"date_only","n_events","max_mag"
2000-05-20,11,2.84
2000-05-21,7,3.36
2000-05-22,14,2.98
2000-05-23,17,3.9
2000-05-24,5,2.31
2000-05-25,7,2.96
2000-05-26,11,2.4
2000-05-27,15,4.05
2000-05-28,3,2.57
2000-05-29,7,2.5
2000-05-30,10,2.35
2000-05-31,7,2.92
2000-06-01,8,2.31
2000-06-02,6,2.85
2000-06-03,6,2.17
2000-06-04,2,1.7
2000-06-05,6,2.19
2000-06-06,11,2.76
2000-06-07,8,1.96
2000-06-08,7,3.06
2000-06-09,8,2.51
2000-06-10,4,2.34
2000-06-11,3,2.13
2000-06-12,7,3.9
2000-06-13,2,2.05
2000-06-14,5,1.8
2000-06-15,7,2.13
2000-06-16,5,2.26
2000-06-17,8,2.05
2000-06-18,5,2.1
2000-06-19,8,1.96
2000-06-20,3,2.71
2000-06-21,3,2.35
2000-06-22,5,2.82
2000-06-23,3,3.06
2000-06-24,2,2.91
2000-06-25,6,2.21
2000-06-26,8,4.51
2000-06-27,11,2.73
2000-06-28,8,2.72
2000-06-29,4,1.98
2000-06-30,2,2.71
2000-07-01,2,2.2
2000-07-02,5,2.19
2000-07-03,8,2.88
2000-07-04,3,1.88
2000-07-05,7,2.68
2000-07-06,4,2.4
2000-07-07,10,2.62
2000-07-08,8,2.9
2000-07-09,26,3.34
2000-07-10,10,2.12
2000-07-11,4,2.74
2000-07-12,4,1.99
2000-07-13,3,1.89
2000-07-14,10,3.73
2000-07-15,11,2.79
2000-07-16,3,2.05
2000-07-17,3,1.98
2000-07-18,3,1.95
2000-07-19,8,3.14
2000-07-20,4,1.88
2000-07-21,6,2.14
2000-07-22,4,2.49
2000-07-23,7,3.48
2000-07-24,7,2.57
2000-07-25,2,2.29
2000-07-26,5,2.07
2000-07-27,5,2.46
2000-07-28,3,2.08
2000-07-29,3,2.7
2000-07-30,8,1.92
2000-07-31,5,2.27
2000-08-01,9,3.19
2000-08-02,6,2.86
2000-08-03,3,3.15
2000-08-04,6,1.97
2000-08-05,5,2.09
2000-08-06,1,1.89
2000-08-07,2,1.88
2000-08-08,2,2.63
2000-08-09,4,2.98
2000-08-10,5,2.54
2000-08-11,7,2.85
2000-08-12,5,2.33
2000-08-13,4,2.99
2000-08-14,5,2.13
2000-08-15,2,1.77
2000-08-16,5,1.94
2000-08-17,6,2.23
2000-08-18,5,2.36
2000-08-19,7,2.78
2000-08-20,3,1.91
2000-08-21,5,3.17
2000-08-22,2,2.58
2000-08-23,6,3.26
2000-08-24,3,2.02
2000-08-25,2,2.79
2000-08-26,3,1.7
2000-08-27,4,2.8
2000-08-28,5,2.88
2000-08-29,3,2.51
2000-08-30,11,3.41
2000-08-31,1,1.94
2000-09-01,2,1.97
2000-09-02,5,2.1
2000-09-03,3,1.93
2000-09-04,4,1.97
2000-09-05,3,2.1
2000-09-06,5,1.9
2000-09-07,3,3.06
2000-09-08,3,2.26
2000-09-09,10,2.43
2000-09-10,5,2.77
2000-09-11,4,1.86
2000-09-12,5,2.91
2000-09-13,3,1.74
2000-09-14,7,2.85
2000-09-15,12,2.55
2000-09-16,11,3.57
2000-09-17,3,1.77
2000-09-18,3,2.39
2000-09-19,5,2.89
2000-09-20,7,3.69
2000-09-21,5,3.06
2000-09-22,13,2.15
2000-09-23,3,2.26
2000-09-24,1,1.8
2000-09-25,3,1.94
2000-09-26,5,3.12
2000-09-27,9,2.61
2000-09-28,2,1.9
2000-09-29,8,2.26
2000-09-30,1,1.92
2000-10-01,6,2.3
2000-10-02,6,2.64
2000-10-03,7,3.54
2000-10-04,4,1.89
2000-10-05,9,2.78
2000-10-06,4,1.95
2000-10-07,4,1.96
2000-10-08,2,3.12
2000-10-09,4,2.06
2000-10-10,3,2.22
2000-10-11,11,2.58
2000-10-12,7,3.86
2000-10-13,4,2.08
2000-10-14,2,2.25
2000-10-15,3,2.68
2000-10-16,1,2.14
2000-10-17,10,2.66
2000-10-18,2,2.25
2000-10-19,3,2.24
2000-10-20,2,2.02
2000-10-21,2,1.84
2000-10-22,3,3.45
2000-10-23,1,1.7
2000-10-24,5,2.46
2000-10-25,4,2.22
2000-10-26,14,2.31
2000-10-27,4,2.06
2000-10-28,8,2.6
2000-10-29,6,2.65
2000-10-30,1,2.1
2000-10-31,6,2.13
2000-11-01,4,2.99
2000-11-02,3,2.06
2000-11-03,2,1.92
2000-11-04,7,2.26
2000-11-05,3,2.18
2000-11-06,3,2.44
2000-11-07,9,2.39
2000-11-08,3,1.84
2000-11-09,5,2.38
2000-11-10,6,2.36
2000-11-11,1,1.93
2000-11-12,4,2.88
2000-11-15,6,2.1
2000-11-16,3,1.91
2000-11-17,2,2.15
2000-11-18,2,1.98
2000-11-19,5,2.82
2000-11-20,2,1.85
2000-11-21,5,2.83
2000-11-22,4,2.09
2000-11-23,2,2.22
2000-11-24,5,2.22
2000-11-25,4,2.05
2000-11-26,3,2.09
2000-11-27,3,2.45
2000-11-28,6,2.54
2000-11-29,4,2.73
2000-11-30,1,2
2000-12-01,4,1.93
2000-12-02,1,2
2000-12-03,1,1.81
2000-12-04,4,2.13
2000-12-05,1,2
2000-12-06,4,2.35
2000-12-07,1,2.89
2000-12-08,6,2.18
2000-12-10,4,2.3
2000-12-11,4,2.84
2000-12-12,3,2.33
2000-12-13,3,2.43
2000-12-14,3,2.62
2000-12-16,1,2.18
2000-12-17,5,3.24
2000-12-18,1,2.04
2000-12-19,4,2.89
2000-12-20,7,2.46
2000-12-21,5,2.09
2000-12-22,4,2.1
2000-12-23,5,2.49
2000-12-24,9,2.25
2000-12-25,4,3.36
2000-12-26,1,1.84
2000-12-27,8,2.6
2000-12-28,4,2.14
2000-12-29,5,2.22
2000-12-30,3,2.06
2000-12-31,3,2
2001-01-01,7,2.9
2001-01-02,1,1.79
2001-01-03,6,2.14
2001-01-04,5,3.4
2001-01-05,2,1.89
2001-01-06,4,2.15
2001-01-07,4,1.94
2001-01-09,4,2.54
2001-01-10,2,2.18
2001-01-11,3,2.04
2001-01-12,4,2.24
2001-01-13,1,1.88
2001-01-14,3,2.83
2001-01-15,2,2.08
2001-01-16,4,2.48
2001-01-17,9,2.14
2001-01-19,4,2.14
2001-01-20,2,1.96
2001-01-21,2,2.38
2001-01-22,5,1.74
2001-01-24,1,1.72
2001-01-27,4,2.99
2001-01-28,3,1.99
2001-01-29,3,2.73
2001-01-30,3,2.12
2001-01-31,3,2.04
2001-02-01,5,2.2
2001-02-02,3,1.85
2001-02-04,3,2.21
2001-02-05,2,1.8
2001-02-06,6,2.24
2001-02-07,4,1.8
2001-02-08,3,1.84
2001-02-09,2,2.78
2001-02-10,2,2.98
2001-02-11,5,2.36
2001-02-12,3,2.37
2001-02-13,2,2.22
2001-02-14,3,2.21
2001-02-15,6,2.54
2001-02-16,3,2.99
2001-02-17,3,2.94
2001-02-18,1,2.83
2001-02-19,2,2.34
2001-02-20,5,1.85
2001-02-21,2,1.98
2001-02-22,6,2.62
2001-02-23,3,1.9
2001-02-24,2,3.8
2001-02-25,5,2.72
2001-02-26,8,3.26
2001-02-27,6,1.98
2001-02-28,6,2.23
2001-03-01,8,2.25
2001-03-02,4,2.18
2001-03-03,3,2.2
2001-03-04,5,2.36
2001-03-05,1,1.8
2001-03-06,3,2.59
2001-03-07,7,2.62
2001-03-08,5,2.54
2001-03-09,6,2.32
2001-03-10,6,2.56
2001-03-11,2,3.06
2001-03-12,3,2.62
2001-03-13,8,2.44
2001-03-14,1,3.19
2001-03-15,7,2.56
2001-03-16,5,2.59
2001-03-17,14,3.45
2001-03-18,13,2.31
2001-03-19,8,2.74
2001-03-20,11,2.71
2001-03-21,11,2.39
2001-03-22,10,3.03
2001-03-23,7,2.55
2001-03-24,4,3.05
2001-03-25,7,2.06
2001-03-26,12,2.29
2001-03-27,12,2.86
2001-03-28,7,2.47
2001-03-29,9,3.21
2001-03-30,3,2.91
2001-03-31,6,2.51
2001-04-01,3,2.22
2001-04-02,3,2.44
2001-04-03,5,2.28
2001-04-04,2,2.33
2001-04-05,5,2.15
2001-04-06,2,2.36
2001-04-07,7,2.5
2001-04-08,16,3.75
2001-04-09,8,2.6
2001-04-10,10,3.17
2001-04-11,5,3.09
2001-04-12,19,3.08
2001-04-13,8,2.87
2001-04-14,53,3.77
2001-04-15,16,2.66
2001-04-16,11,2.55
2001-04-17,22,3.01
2001-04-18,6,2.38
2001-04-19,8,3.24
2001-04-20,5,2.38
2001-04-21,5,2.35
2001-04-22,6,2.57
2001-04-23,70,3.51
2001-04-24,61,2.84
2001-04-25,19,3.26
2001-04-26,20,2.45
2001-04-27,17,2.84
2001-04-28,12,2.26
2001-04-29,6,2.61
2001-04-30,7,2.34
2001-05-01,12,2.67
2001-05-02,6,2.27
2001-05-03,12,2.2
2001-05-04,5,2.43
2001-05-05,6,2.41
2001-05-06,6,2.74
2001-05-07,6,2.54
2001-05-08,23,2.93
2001-05-09,10,2.26
2001-05-10,11,2.45
2001-05-11,14,2.73
2001-05-12,17,2.53
2001-05-13,9,2.28
2001-05-14,7,2.18
2001-05-15,7,2.58
2001-05-16,3,2.48
2001-05-17,67,4.25
2001-05-18,66,3.14
2001-05-19,14,2.64
2001-05-20,7,2.31
2001-05-21,4,2.21
2001-05-22,11,2.2
2001-05-23,9,2.96
2001-05-24,13,2.89
2001-05-25,11,2.8
2001-05-26,8,2.48
2001-05-27,5,2.05
2001-05-28,7,2.58
2001-05-29,5,1.89
2001-05-30,4,2.62
2001-05-31,2,2.37
2001-06-01,2,2.17
2001-06-02,4,2.39
2001-06-03,4,2.44
2001-06-04,11,2.8
2001-06-05,9,1.98
2001-06-06,6,3
2001-06-07,8,2.56
2001-06-08,5,3.12
2001-06-09,7,2.21
2001-06-10,24,3.01
2001-06-11,6,2.05
2001-06-12,11,2.67
2001-06-13,9,2.43
2001-06-14,3,2.13
2001-06-15,12,2.67
2001-06-16,4,2.69
2001-06-17,8,2.34
2001-06-18,8,2.65
2001-06-19,5,2.3
2001-06-20,6,3.01
2001-06-21,1,2.43
2001-06-22,2,1.9
2001-06-23,7,2.69
2001-06-24,5,2.09
2001-06-25,7,2.17
2001-06-26,6,2.48
2001-06-27,6,2.21
2001-06-28,3,2.21
2001-06-29,8,2.34
2001-06-30,7,2.68
2001-07-01,3,3.3
2001-07-02,7,2.34
2001-07-03,7,2.67
2001-07-04,3,2.41
2001-07-05,5,2.17
2001-07-06,1,1.8
2001-07-07,6,2.72
2001-07-08,5,2.11
2001-07-09,2,1.92
2001-07-10,6,2.72
2001-07-11,9,2.56
2001-07-12,2,2.95
2001-07-13,2,2.52
2001-07-14,48,3.91
2001-07-15,52,2.81
2001-07-16,64,3.5
2001-07-17,210,5.17
2001-07-18,112,2.97
2001-07-19,36,3.48
2001-07-20,193,4.43
2001-07-21,59,3.4
2001-07-22,16,2.62
2001-07-23,24,3.7
2001-07-24,27,3.29
2001-07-25,12,2.82
2001-07-26,19,2.56
2001-07-27,45,3.07
2001-07-28,75,4.01
2001-07-29,27,2.58
2001-07-30,18,3.66
2001-07-31,21,3.49
2001-08-01,25,3.62
2001-08-02,17,2.56
2001-08-03,20,2.88
2001-08-04,11,3.16
2001-08-05,9,2.72
2001-08-06,7,1.97
2001-08-07,13,2.83
2001-08-08,5,1.9
2001-08-09,7,2.49
2001-08-10,7,2.15
2001-08-11,13,2.44
2001-08-12,4,1.95
2001-08-13,16,2.7
2001-08-14,6,2.25
2001-08-15,24,2.6
2001-08-16,14,2.4
2001-08-17,3,2.74
2001-08-18,4,2.58
2001-08-19,7,2.78
2001-08-20,8,3.22
2001-08-21,4,2.04
2001-08-22,7,3.12
2001-08-23,20,3.06
2001-08-24,7,2.35
2001-08-25,3,2.34
2001-08-26,9,2.67
2001-08-27,10,2.13
2001-08-28,12,2.2
2001-08-29,7,2.02
2001-08-30,6,1.85
2001-08-31,3,2.65
2001-09-01,3,2.71
2001-09-02,10,2.25
2001-09-03,10,2.68
2001-09-04,13,2.22
2001-09-05,10,2.25
2001-09-06,14,2.22
2001-09-07,9,2.6
2001-09-08,2,2.02
2001-09-09,4,2
2001-09-10,6,2.37
2001-09-11,2,1.8
2001-09-12,2,1.95
2001-09-13,1,1.74
2001-09-14,4,2.1
2001-09-15,4,2.19
2001-09-16,4,2.07
2001-09-17,9,2.04
2001-09-18,2,2.15
2001-09-19,3,2.18
2001-09-20,7,2.85
2001-09-21,4,1.9
2001-09-22,1,1.93
2001-09-23,8,2
2001-09-24,10,2.49
2001-09-25,12,3.07
2001-09-26,1,1.9
2001-09-27,9,2.2
2001-09-28,4,2.3
2001-09-29,1,1.84
2001-10-01,3,2.6
2001-10-02,4,2.96
2001-10-03,3,2.58
2001-10-04,1,1.84
2001-10-05,1,2
2001-10-06,3,2.62
2001-10-07,1,2
2001-10-08,11,2.37
2001-10-09,5,2.55
2001-10-10,6,2.97
2001-10-11,10,3.07
2001-10-12,3,1.9
2001-10-13,2,2.26
2001-10-14,4,1.84
2001-10-15,2,2.39
2001-10-16,7,2.17
2001-10-17,5,3.47
2001-10-18,10,2.35
2001-10-19,2,1.91
2001-10-20,1,1.98
2001-10-21,3,2.2
2001-10-22,1,1.9
2001-10-23,2,1.9
2001-10-24,4,2.35
2001-10-25,6,2.92
2001-10-26,2,1.91
2001-10-27,5,2.41
2001-10-28,6,2.29
2001-10-29,5,2.97
2001-10-30,1,1.77
2001-10-31,3,2.04
2001-11-01,3,2.75
2001-11-02,2,1.87
2001-11-03,4,2.14
2001-11-04,2,1.85
2001-11-05,3,2.1
2001-11-07,2,1.96
2001-11-08,4,2.46
2001-11-09,5,2.33
2001-11-10,2,1.99
2001-11-11,1,1.83
2001-11-12,2,1.8
2001-11-13,1,2.35
2001-11-14,8,2.94
2001-11-15,4,2.83
2001-11-16,4,2.13
2001-11-17,3,2.22
2001-11-18,4,2.16
2001-11-19,1,2.1
2001-11-20,2,2.19
2001-11-21,6,3
2001-11-22,2,2.11
2001-11-23,2,3.23
2001-11-24,2,2.24
2001-11-25,4,2.77
2001-11-26,1,1.84
2001-11-28,2,2.15
2001-11-30,2,2.7
2001-12-01,1,1.75
2001-12-02,2,2.09
2001-12-03,1,1.8
2001-12-04,1,1.93
2001-12-05,3,2.42
2001-12-06,4,2.56
2001-12-07,5,2.38
2001-12-10,6,2.64
2001-12-11,2,2.79
2001-12-12,5,2.1
2001-12-13,2,3.05
2001-12-14,2,2.22
2001-12-15,5,2.67
2001-12-16,3,2.03
2001-12-17,1,1.95
2001-12-18,1,1.93
2001-12-19,2,2.34
2001-12-20,2,1.92
2001-12-21,2,1.92
2001-12-22,4,1.99
2001-12-25,2,2
2001-12-26,4,2.16
2001-12-27,1,1.95
2001-12-28,4,2.47
2001-12-29,2,1.71
2001-12-30,2,2.04
2001-12-31,1,1.85
2002-01-01,1,1.76
2002-01-02,2,1.8
2002-01-03,2,2.56
2002-01-04,1,1.77
2002-01-05,3,1.75
2002-01-06,6,2.45
2002-01-07,2,2.03
2002-01-08,3,2.51
2002-01-09,1,1.8
2002-01-10,1,2.01
2002-01-11,1,2.43
2002-01-12,2,2.22
2002-01-13,4,2.4
2002-01-14,4,2.49
2002-01-15,5,2.78
2002-01-16,3,2.08
2002-01-17,2,2.08
2002-01-19,2,1.84
2002-01-20,3,2.21
2002-01-21,2,2.47
2002-01-22,2,3.3
2002-01-23,1,1.84
2002-01-24,3,2.13
2002-01-25,3,2.21
2002-01-28,2,3.04
2002-01-29,2,1.82
2002-01-30,1,2.37
2002-01-31,3,1.79
2002-02-01,1,1.7
2002-02-02,2,2.66
2002-02-03,5,2.21
2002-02-04,3,2.7
2002-02-05,2,1.7
2002-02-07,2,2.61
2002-02-08,4,2.59
2002-02-09,5,2.22
2002-02-10,2,1.7
2002-02-11,3,2.32
2002-02-12,1,1.7
2002-02-14,1,1.76
2002-02-16,2,2.88
2002-02-18,2,1.8
2002-02-19,4,2.18
2002-02-20,3,1.88
2002-02-22,2,2.92
2002-02-23,1,1.8
2002-02-24,2,2.98
2002-02-25,4,3.23
2002-02-26,1,1.8
2002-02-27,1,1.7
2002-02-28,1,2.07
2002-03-01,2,1.87
2002-03-03,2,3.23
2002-03-04,3,2.55
2002-03-07,1,1.9
2002-03-08,4,2
2002-03-09,1,1.72
2002-03-10,1,2.73
2002-03-11,1,1.7
2002-03-12,2,1.87
2002-03-14,1,3.28
2002-03-15,6,3.43
2002-03-16,4,2.06
2002-03-17,1,1.7
2002-03-18,1,1.9
2002-03-20,3,2.74
2002-03-21,1,1.77
2002-03-22,1,2.94
2002-03-24,1,1.76
2002-03-25,3,2.82
2002-03-26,1,1.7
2002-03-27,2,3
2002-03-28,1,1.9
2002-03-31,1,1.79
2002-04-02,1,2.27
2002-04-04,1,2
2002-04-05,3,4.39
2002-04-07,4,2.58
2002-04-08,4,2.46
2002-04-09,4,2.53
2002-04-10,2,2.18
2002-04-11,2,2.25
2002-04-13,1,2.26
2002-04-14,1,1.97
2002-04-18,1,1.71
2002-04-19,4,2.02
2002-04-20,1,1.76
2002-04-24,2,1.98
2002-04-25,2,2.41
2002-04-27,3,2.11
2002-04-28,3,2.34
2002-04-29,1,2.11
2002-04-30,1,1.79
2002-05-01,4,3.01
2002-05-02,8,3.84
2002-05-03,4,2.98
2002-05-04,1,1.9
2002-05-05,2,2.63
2002-05-06,5,2.58
2002-05-07,4,3.42
2002-05-09,2,2.2
2002-05-10,2,2.91
2002-05-11,1,2.45
2002-05-12,1,1.88
2002-05-13,1,1.83
2002-05-15,2,2.23
2002-05-17,2,2.12
2002-05-20,3,2.54
2002-05-21,1,2.69
2002-05-22,1,2
2002-05-24,1,1.7
2002-05-25,3,2.72
2002-05-26,1,2.42
2002-05-27,3,2.2
2002-05-28,1,1.74
2002-05-30,1,1.75
2002-05-31,2,1.95
2002-06-01,1,1.7
2002-06-02,4,2.45
2002-06-05,1,2.83
2002-06-07,2,1.92
2002-06-08,3,2.25
2002-06-09,2,2.78
2002-06-10,1,1.81
2002-06-11,3,2.36
2002-06-12,1,1.86
2002-06-13,1,2.09
2002-06-16,2,1.93
2002-06-18,2,2.81
2002-06-19,2,1.94
2002-06-21,2,1.95
2002-06-22,2,1.82
2002-06-23,4,2.14
2002-06-24,5,1.87
2002-06-25,4,2.32
2002-06-26,3,1.94
2002-06-27,3,1.89
2002-06-28,1,1.77
2002-06-29,1,1.77
2002-07-01,2,2.07
2002-07-02,3,1.95
2002-07-04,2,1.94
2002-07-05,2,1.98
2002-07-06,1,2.3
2002-07-07,6,2.25
2002-07-08,4,1.8
2002-07-09,3,2.43
2002-07-10,9,2.94
2002-07-12,7,2.59
2002-07-13,4,2.01
2002-07-14,3,2.38
2002-07-15,4,2.45
2002-07-16,4,1.95
2002-07-17,2,1.82
2002-07-18,3,2.06
2002-07-19,1,1.75
2002-07-20,3,2.81
2002-07-21,7,2.53
2002-07-23,1,1.89
2002-07-24,4,2.93
2002-07-25,2,2.08
2002-07-27,1,2.2
2002-07-28,3,1.94
2002-07-29,3,2.55
2002-07-30,1,1.9
2002-07-31,5,3.73
2002-08-01,2,2.07
2002-08-02,4,2.41
2002-08-03,2,2.56
2002-08-04,2,2.34
2002-08-05,3,2.22
2002-08-08,1,1.89
2002-08-10,2,2.16
2002-08-12,1,2
2002-08-13,3,1.96
2002-08-14,1,1.74
2002-08-15,2,1.93
2002-08-19,1,2.57
2002-08-20,2,2.46
2002-08-21,1,1.98
2002-08-22,1,2.04
2002-08-23,3,2.54
2002-08-24,1,1.79
2002-08-25,3,2.42
2002-08-26,2,2.22
2002-08-27,1,1.74
2002-08-28,2,2.62
2002-08-31,1,1.7
2002-09-01,2,2.37
2002-09-02,1,1.88
2002-09-05,3,2.17
2002-09-07,4,3.53
2002-09-09,2,2.38
2002-09-10,4,2.71
2002-09-11,1,2.35
2002-09-12,1,1.8
2002-09-13,4,1.72
2002-09-14,3,2.63
2002-09-16,2,1.7
2002-09-17,1,1.84
2002-09-18,2,2.24
2002-09-19,2,3.84
2002-09-20,1,2.67
2002-09-25,3,1.8
2002-09-26,1,2.15
2002-09-27,2,1.94
2002-09-28,15,4.13
2002-09-29,8,3.08
2002-09-30,2,1.9
2002-10-01,3,2.5
2002-10-02,3,2.44
2002-10-03,2,1.77
2002-10-04,2,3.35
2002-10-05,6,3.28
2002-10-06,4,2.27
2002-10-07,3,2.58
2002-10-08,1,1.83
2002-10-09,1,2.59
2002-10-11,1,1.98
2002-10-12,3,2
2002-10-15,3,2.04
2002-10-16,2,1.92
2002-10-17,1,2.29
2002-10-18,2,2.96
2002-10-19,2,1.76
2002-10-24,1,2.48
2002-10-25,4,2.11
2002-10-26,1,2.04
2002-10-27,2,2.1
2002-10-29,24,4.77
2002-10-30,2,2.21
2002-10-31,6,2.6
2002-11-01,1,2.78
2002-11-02,2,1.94
2002-11-03,7,2.69
2002-11-04,6,2.08
2002-11-05,1,2.83
2002-11-07,2,3.08
2002-11-08,2,2.82
2002-11-09,6,3.06
2002-11-10,3,2.23
2002-11-11,4,2.63
2002-11-12,2,1.88
2002-11-13,2,2.39
2002-11-14,6,2.72
2002-11-16,2,1.95
2002-11-17,1,2.4
2002-11-18,6,2.43
2002-11-19,1,1.78
2002-11-21,2,1.93
2002-11-22,5,2.85
2002-11-23,3,1.95
2002-11-24,5,2.77
2002-11-25,8,2.13
2002-11-26,2,2.1
2002-11-27,2,2.12
2002-11-28,3,3.03
2002-11-29,7,2.32
2002-12-01,1,2.56
2002-12-02,6,2.2
2002-12-03,1,1.73
2002-12-04,1,2.12
2002-12-05,2,2.5
2002-12-06,1,1.98
2002-12-07,2,2.07
2002-12-08,3,1.89
2002-12-09,1,2
2002-12-10,3,2.2
2002-12-11,2,1.97
2002-12-12,3,2.59
2002-12-13,1,1.78
2002-12-14,5,2.05
2002-12-16,2,2.33
2002-12-18,1,2.87
2002-12-19,4,2.7
2002-12-20,4,2.19
2002-12-21,4,1.89
2002-12-22,5,2.14
2002-12-23,8,2.64
2002-12-24,8,2.69
2002-12-25,5,2.1
2002-12-27,3,1.87
2002-12-28,3,2.4
2002-12-29,8,3.15
2002-12-30,4,2.31
2002-12-31,2,2.36
2003-01-01,4,3.03
2003-01-02,10,3.64
2003-01-03,21,2.85
2003-01-04,11,2.88
2003-01-05,16,2.99
2003-01-06,16,2.9
2003-01-07,5,2.35
2003-01-08,9,2.44
2003-01-09,16,2.93
2003-01-10,9,2.33
2003-01-11,7,2.77
2003-01-12,4,2.99
2003-01-13,1,2.41
2003-01-14,2,2
2003-01-15,2,3.25
2003-01-16,4,2.71
2003-01-17,7,2.84
2003-01-18,3,2.17
2003-01-19,1,2.11
2003-01-20,3,1.91
2003-01-21,1,2.5
2003-01-22,1,1.86
2003-01-23,1,1.78
2003-01-24,2,1.84
2003-01-25,26,4.54
2003-01-26,10,3.05
2003-01-27,6,2.44
2003-01-28,7,2.19
2003-01-29,22,2.99
2003-01-30,8,2.76
2003-01-31,10,2.55
2003-02-01,7,2.89
2003-02-02,4,2.2
2003-02-03,3,2.17
2003-02-04,2,2.07
2003-02-05,5,2.39
2003-02-06,5,2.11
2003-02-07,5,2.17
2003-02-08,1,2.09
2003-02-09,13,3.17
2003-02-10,7,2.39
2003-02-11,7,2.18
2003-02-12,1,2.33
2003-02-13,3,2.11
2003-02-14,5,2.3
2003-02-15,3,1.98
2003-02-16,3,2.22
2003-02-17,2,2.14
2003-02-18,4,2.11
2003-02-20,3,2.61
2003-02-21,2,2.05
2003-02-22,3,2.63
2003-02-23,5,2.96
2003-02-25,3,1.99
2003-02-26,2,2.18
2003-02-27,2,2.13
2003-02-28,2,2.17
2003-03-01,1,1.76
2003-03-02,3,1.99
2003-03-03,5,2.39
2003-03-04,3,2.5
2003-03-05,5,3.04
2003-03-08,1,1.96
2003-03-09,2,1.84
2003-03-10,2,2.85
2003-03-11,3,2.22
2003-03-12,1,1.7
2003-03-13,1,1.84
2003-03-15,3,2.52
2003-03-16,3,2.2
2003-03-17,2,2.15
2003-03-18,1,2.12
2003-03-19,3,2.29
2003-03-20,4,1.94
2003-03-22,4,1.97
2003-03-23,1,1.9
2003-03-25,2,2.17
2003-03-26,1,2
2003-03-27,3,2.47
2003-03-28,1,2.03
2003-03-29,3,2.02
2003-03-30,6,1.76
2003-03-31,4,1.91
2003-04-01,2,2.29
2003-04-05,4,2.52
2003-04-06,3,1.76
2003-04-07,2,2.02
2003-04-09,3,1.88
2003-04-10,1,1.74
2003-04-11,1,2.86
2003-04-12,1,1.81
2003-04-13,3,2.29
2003-04-14,1,2.13
2003-04-16,2,2.03
2003-04-20,3,2.26
2003-04-22,2,1.9
2003-04-23,3,2.69
2003-04-24,1,1.84
2003-04-25,1,1.7
2003-04-26,2,2.5
2003-04-27,1,1.7
2003-04-29,3,2.59
2003-05-01,1,1.7
2003-05-05,1,1.79
2003-05-07,1,2.52
2003-05-08,1,1.81
2003-05-09,1,1.77
2003-05-10,1,2.85
2003-05-12,1,1.7
2003-05-13,4,2.52
2003-05-14,1,1.85
2003-05-15,2,3.63
2003-05-16,2,2.22
2003-05-17,2,2.89
2003-05-19,5,2.88
2003-05-20,3,2.78
2003-05-21,3,2.3
2003-05-22,9,2.85
2003-05-23,3,3.04
2003-05-24,1,2.71
2003-05-25,3,2.64
2003-05-26,1,2.18
2003-05-27,1,2.02
2003-05-28,1,1.7
2003-05-29,1,1.8
2003-05-30,2,2.4
2003-06-01,4,2.12
2003-06-02,2,2.11
2003-06-06,2,2.58
2003-06-07,1,1.9
2003-06-09,4,2.17
2003-06-10,1,1.8
2003-06-11,4,2.4
2003-06-12,2,1.84
2003-06-13,2,1.73
2003-06-14,2,2.09
2003-06-15,1,2.83
2003-06-16,3,1.84
2003-06-17,1,2.02
2003-06-20,1,1.93
2003-06-21,2,1.81
2003-06-22,2,2.76
2003-06-23,1,1.82
2003-06-24,2,1.94
2003-06-25,1,1.83
2003-06-27,3,1.94
2003-06-29,1,2.07
2003-06-30,1,1.94
2003-07-01,2,2.33
2003-07-04,2,1.87
2003-07-05,1,1.86
2003-07-06,3,1.92
2003-07-07,1,1.77
2003-07-08,4,2.57
2003-07-09,1,1.95
2003-07-11,2,1.79
2003-07-12,5,2.83
2003-07-15,1,4.15
2003-07-16,2,1.84
2003-07-17,3,1.96
2003-07-19,1,1.7
2003-07-21,2,2.31
2003-07-26,1,1.85
2003-07-27,2,2.09
2003-07-28,1,1.76
2003-07-29,1,2.35
2003-07-30,1,1.8
2003-08-04,2,2.09
2003-08-05,1,1.72
2003-08-07,2,2.87
2003-08-09,2,2.34
2003-08-10,1,1.76
2003-08-12,3,2.02
2003-08-15,3,2.48
2003-08-16,4,1.99
2003-08-17,3,1.76
2003-08-19,5,3.65
2003-08-20,1,1.8
2003-08-21,2,1.84
2003-08-22,1,1.93
2003-08-23,2,1.84
2003-08-24,2,1.94
2003-08-25,1,2.64
2003-08-28,2,1.81
2003-08-29,1,2.32
2003-08-30,1,2.22
2003-08-31,1,2.1
2003-09-01,1,1.84
2003-09-05,2,1.9
2003-09-06,7,2.91
2003-09-07,1,1.85
2003-09-09,3,2.35
2003-09-14,3,2.15
2003-09-15,2,2.09
2003-09-18,3,2.1
2003-09-19,2,1.87
2003-09-20,1,1.84
2003-09-21,1,1.8
2003-09-22,3,1.91
2003-09-23,2,1.76
2003-09-24,1,1.74
2003-09-27,1,1.8
2003-09-28,3,2.18
2003-09-30,1,1.73
2003-10-01,2,2.04
2003-10-02,1,1.83
2003-10-06,6,2.2
2003-10-07,2,2.59
2003-10-08,1,1.74
2003-10-09,2,2.46
2003-10-10,4,2.38
2003-10-11,1,1.9
2003-10-14,1,1.89
2003-10-15,1,1.87
2003-10-17,1,1.85
2003-10-18,4,2.74
2003-10-19,4,2
2003-10-20,2,2.06
2003-10-21,6,2.26
2003-10-22,5,1.97
2003-10-23,1,1.7
2003-10-24,2,2
2003-10-25,1,1.73
2003-10-26,1,1.81
2003-10-27,1,1.89
2003-10-28,1,1.73
2003-10-29,2,2.99
2003-11-01,1,3.28
2003-11-02,3,1.85
2003-11-04,1,1.7
2003-11-06,1,2.02
2003-11-07,1,1.71
2003-11-08,3,2.81
2003-11-10,1,2.01
2003-11-11,1,1.77
2003-11-12,1,1.76
2003-11-16,5,2.18
2003-11-17,3,2.53
2003-11-19,1,1.75
2003-11-21,1,2.29
2003-11-23,1,2.12
2003-11-24,1,1.7
2003-11-27,1,1.8
2003-12-03,4,1.95
2003-12-04,3,3.73
2003-12-05,1,2.36
2003-12-06,1,1.97
2003-12-07,3,3.18
2003-12-08,7,2.33
2003-12-09,4,2.55
2003-12-11,1,2.69
2003-12-12,1,1.77
2003-12-14,2,2.07
2003-12-15,1,1.79
2003-12-16,1,1.87
2003-12-17,2,2.46
2003-12-19,1,1.98
2003-12-20,2,3.33
2003-12-22,1,1.83
2003-12-23,1,2.09
2003-12-24,1,1.8
2003-12-25,1,1.76
2003-12-26,1,2.04
2003-12-28,1,1.73
2003-12-30,4,2.69
2003-12-31,3,2.44
2004-01-01,2,3.2
2004-01-04,2,1.99
2004-01-05,1,1.75
2004-01-08,1,1.75
2004-01-09,4,2.97
2004-01-10,3,2.67
2004-01-11,2,2.84
2004-01-12,1,2.15
2004-01-13,2,1.86
2004-01-14,1,2.04
2004-01-16,1,2.55
2004-01-17,1,1.8
2004-01-19,2,2.02
2004-01-20,1,1.7
2004-01-21,3,1.8
2004-01-22,1,1.8
2004-01-23,3,2.07
2004-01-26,1,3.08
2004-01-29,2,2
2004-01-30,1,1.83
2004-02-01,1,1.72
2004-02-02,2,1.89
2004-02-04,1,1.91
2004-02-05,4,2.41
2004-02-06,2,1.9
2004-02-07,2,1.88
2004-02-08,1,1.7
2004-02-09,4,2.08
2004-02-11,1,2.56
2004-02-12,2,1.9
2004-02-14,1,2.1
2004-02-15,4,2.26
2004-02-16,2,1.92
2004-02-17,1,1.78
2004-02-19,1,2.06
2004-02-20,4,2.55
2004-02-21,2,2.48
2004-02-23,1,2.26
2004-02-24,5,2.41
2004-02-25,3,2.5
2004-02-26,1,1.94
2004-02-27,1,1.97
2004-02-28,1,2
2004-02-29,4,2.88
2004-03-02,1,2.04
2004-03-03,2,2.01
2004-03-04,1,1.73
2004-03-05,2,2.26
2004-03-07,1,1.7
2004-03-08,1,2.19
2004-03-11,4,2.81
2004-03-12,1,2.05
2004-03-13,2,1.8
2004-03-14,1,2.02
2004-03-15,1,1.7
2004-03-16,2,2.53
2004-03-17,1,1.8
2004-03-18,3,2.53
2004-03-20,4,2.48
2004-03-21,3,1.71
2004-03-22,2,1.8
2004-03-23,3,2.2
2004-03-25,1,2.11
2004-03-27,1,1.73
2004-03-28,12,3.82
2004-03-29,9,2.19
2004-03-30,9,2.95
2004-03-31,9,3.11
2004-04-01,3,2.76
2004-04-02,10,3.17
2004-04-04,6,1.95
2004-04-05,3,2.7
2004-04-07,3,2.1
2004-04-08,2,2.14
2004-04-09,1,2.4
2004-04-13,1,1.8
2004-04-14,1,1.99
2004-04-16,5,2.14
2004-04-18,3,2.4
2004-04-19,1,2.28
2004-04-20,3,2.87
2004-04-21,2,2.48
2004-04-22,3,2
2004-04-23,2,2.13
2004-04-26,2,2.83
2004-04-27,2,1.82
2004-04-28,1,1.83
2004-04-29,1,1.9
2004-04-30,1,1.9
2004-05-04,2,1.86
2004-05-06,3,2.4
2004-05-07,2,2.46
2004-05-10,1,1.7
2004-05-12,2,2.09
2004-05-15,3,2.24
2004-05-16,2,2.08
2004-05-17,1,1.9
2004-05-18,1,1.72
2004-05-19,4,2.32
2004-05-21,3,2.2
2004-05-22,1,2.26
2004-05-23,2,1.88
2004-05-25,6,2.27
2004-05-26,3,1.91
2004-05-28,1,1.7
2004-05-29,1,1.9
2004-06-01,2,1.87
2004-06-02,1,2.13
2004-06-04,1,1.9
2004-06-07,2,2.01
2004-06-08,2,2.2
2004-06-11,1,1.7
2004-06-12,1,2.62
2004-06-13,3,2.3
2004-06-14,1,2.68
2004-06-15,1,1.9
2004-06-16,1,1.7
2004-06-17,3,3.13
2004-06-18,1,2.24
2004-06-21,3,1.96
2004-06-22,1,1.7
2004-06-23,1,2.11
2004-06-25,5,2.85
2004-06-27,1,1.8
2004-06-28,2,1.82
2004-06-29,12,3.71
2004-06-30,3,2.76
2004-07-02,2,2.89
2004-07-03,2,2.02
2004-07-04,1,1.7
2004-07-05,2,2.24
2004-07-09,2,1.93
2004-07-10,2,1.85
2004-07-14,1,1.92
2004-07-15,2,1.8
2004-07-17,2,2.53
2004-07-18,1,1.8
2004-07-19,3,1.94
2004-07-20,1,1.73
2004-07-21,1,1.88
2004-07-23,2,2.24
2004-07-24,5,2.37
2004-07-25,1,1.91
2004-07-26,1,1.7
2004-07-27,1,1.75
2004-07-28,1,2.84
2004-07-31,1,1.85
2004-08-02,2,1.8
2004-08-03,1,1.9
2004-08-04,1,1.9
2004-08-05,1,2.08
2004-08-06,7,1.88
2004-08-08,1,1.94
2004-08-09,3,1.98
2004-08-10,2,1.8
2004-08-11,3,2.14
2004-08-12,2,2.99
2004-08-13,1,2.33
2004-08-14,2,1.92
2004-08-15,1,1.76
2004-08-16,4,2.39
2004-08-17,2,1.8
2004-08-18,1,2.51
2004-08-19,2,1.8
2004-08-20,1,2
2004-08-23,2,3.16
2004-08-24,1,1.75
2004-08-25,1,1.9
2004-08-26,2,2.34
2004-08-27,3,2.53
2004-08-28,1,1.96
2004-08-29,1,1.93
2004-08-30,2,2.17
2004-08-31,1,3.17
2004-09-02,1,1.85
2004-09-03,2,2.13
2004-09-05,2,2
2004-09-07,1,1.7
2004-09-09,1,3.67
2004-09-11,1,2.78
2004-09-12,2,2.04
2004-09-13,1,2.03
2004-09-14,2,3.11
2004-09-15,2,3.13
2004-09-16,1,2.05
2004-09-17,1,1.76
2004-09-20,2,2.55
2004-09-21,1,1.8
2004-09-23,2,2.25
2004-09-24,2,2.09
2004-09-25,1,1.92
2004-09-27,2,2.41
2004-09-28,1,1.76
2004-09-29,7,5.03
2004-09-30,16,2.78
2004-10-01,10,2.97
2004-10-02,3,2.05
2004-10-03,4,2.42
2004-10-04,2,2.05
2004-10-05,2,1.99
2004-10-06,4,2.38
2004-10-07,2,1.97
2004-10-08,1,1.89
2004-10-09,7,3.28
2004-10-10,3,3.03
2004-10-11,1,1.9
2004-10-12,1,1.72
2004-10-13,2,1.89
2004-10-14,1,2.09
2004-10-15,1,2.09
2004-10-16,3,2.37
2004-10-18,5,2.4
2004-10-19,2,2.63
2004-10-20,3,2.02
2004-10-21,2,1.88
2004-10-22,3,2.02
2004-10-23,2,2.07
2004-10-24,2,1.83
2004-10-25,1,1.8
2004-10-26,1,1.76
2004-10-27,3,2.49
2004-10-28,1,2.22
2004-10-29,1,1.73
2004-10-31,4,2.29
2004-11-01,1,3.2
2004-11-02,3,2.45
2004-11-03,4,2.43
2004-11-04,4,2.1
2004-11-05,4,2.61
2004-11-07,3,2.6
2004-11-08,3,2.02
2004-11-09,4,3.65
2004-11-11,6,3.68
2004-11-12,3,2.88
2004-11-13,2,2.66
2004-11-15,1,1.7
2004-11-16,2,2.09
2004-11-17,2,1.8
2004-11-18,1,1.78
2004-11-19,2,2.08
2004-11-22,1,2
2004-11-23,1,2.41
2004-11-24,3,2.07
2004-11-28,3,2.18
2004-11-29,1,2
2004-11-30,1,1.86
2004-12-01,1,1.86
2004-12-02,2,2.09
2004-12-03,2,2.35
2004-12-04,1,1.73
2004-12-05,2,3.12
2004-12-07,2,2.18
2004-12-08,2,1.76
2004-12-09,3,2.02
2004-12-10,2,2.07
2004-12-12,1,1.73
2004-12-13,1,1.79
2004-12-14,1,1.79
2004-12-15,1,2.22
2004-12-16,1,2.47
2004-12-17,2,1.9
2004-12-20,2,2.16
2004-12-24,2,2.39
2004-12-25,1,2.36
2004-12-27,2,2.05
2004-12-30,2,1.86
2004-12-31,2,1.82
2005-01-01,2,1.81
2005-01-02,2,1.91
2005-01-03,1,1.73
2005-01-05,1,1.84
2005-01-06,3,2.04
2005-01-07,1,1.94
2005-01-08,4,2.3
2005-01-09,2,2.08
2005-01-11,3,2.84
2005-01-13,6,2.12
2005-01-14,1,1.81
2005-01-15,2,1.81
2005-01-16,2,2.58
2005-01-17,1,1.8
2005-01-18,1,1.8
2005-01-23,1,1.94
2005-01-24,2,2.07
2005-01-25,1,2.28
2005-01-27,3,2.53
2005-01-28,2,1.72
2005-02-02,1,2.48
2005-02-03,1,1.72
2005-02-07,2,1.87
2005-02-08,1,3.03
2005-02-09,1,1.82
2005-02-10,1,2.09
2005-02-11,1,1.8
2005-02-13,2,2.34
2005-02-14,1,2.8
2005-02-15,1,3.44
2005-02-16,2,2.52
2005-02-18,1,1.98
2005-02-19,1,1.72
2005-02-20,1,1.94
2005-02-21,1,1.81
2005-02-23,1,1.76
2005-02-25,1,1.8
2005-02-26,2,2.08
2005-02-28,1,2.13
2005-03-01,1,1.81
2005-03-02,3,2.03
2005-03-03,2,2.09
2005-03-04,1,2
2005-03-05,1,2.27
2005-03-06,1,1.72
2005-03-08,1,2.42
2005-03-12,1,1.7
2005-03-13,2,1.88
2005-03-14,2,2.41
2005-03-15,3,2.78
2005-03-21,1,2.24
2005-03-23,1,1.92
2005-03-25,1,2.26
2005-03-26,2,2.48
2005-03-30,1,1.72
2005-03-31,1,3.24
2005-04-02,2,2.15
2005-04-03,1,2.74
2005-04-04,2,2.47
2005-04-05,1,1.84
2005-04-07,1,2.45
2005-04-08,3,1.92
2005-04-09,1,2.24
2005-04-10,2,2.02
2005-04-11,2,1.99
2005-04-12,2,1.89
2005-04-14,2,1.89
2005-04-15,3,1.79
2005-04-16,2,1.96
2005-04-19,1,1.7
2005-04-20,1,2.58
2005-04-23,1,1.99
2005-04-24,3,2.44
2005-04-25,1,1.89
2005-04-26,2,2.37
2005-04-27,1,1.79
2005-04-28,1,2.58
2005-04-30,3,2.54
2005-05-01,1,1.85
2005-05-02,2,1.87
2005-05-03,3,2.2
2005-05-04,2,2.18
2005-05-07,2,2.07
2005-05-09,1,3.17
2005-05-10,2,2.09
2005-05-11,4,2.26
2005-05-12,4,3.18
2005-05-13,3,2
2005-05-15,2,2.47
2005-05-16,2,1.88
2005-05-17,3,2.66
2005-05-18,2,2.28
2005-05-20,1,2.29
2005-05-21,1,1.88
2005-05-22,2,2.16
2005-05-25,1,2.28
2005-05-27,1,1.82
2005-05-28,2,1.78
2005-05-30,2,1.81
2005-05-31,3,2.27
2005-06-02,1,3.33
2005-06-03,2,1.9
2005-06-04,2,2.31
2005-06-05,1,1.76
2005-06-06,2,1.83
2005-06-07,2,2.13
2005-06-08,3,2.37
2005-06-10,2,2.16
2005-06-12,1,1.86
2005-06-14,2,2.78
2005-06-15,1,1.78
2005-06-16,3,2.26
2005-06-17,1,2.25
2005-06-18,2,2.25
2005-06-20,1,1.9
2005-06-23,1,1.76
2005-06-24,3,3.05
2005-06-26,3,2.02
2005-06-27,1,1.77
2005-06-28,4,2.05
2005-06-30,1,1.82
2005-07-01,3,1.95
2005-07-02,3,2
2005-07-03,1,1.72
2005-07-04,4,1.91
2005-07-05,2,1.96
2005-07-07,3,2.45
2005-07-09,2,1.84
2005-07-10,1,1.8
2005-07-11,3,3.34
2005-07-12,3,2.61
2005-07-13,14,3.11
2005-07-14,16,3.14
2005-07-15,4,2.38
2005-07-16,5,3.77
2005-07-17,3,2.12
2005-07-18,1,1.88
2005-07-20,2,1.92
2005-07-21,1,1.76
2005-07-22,2,1.74
2005-07-23,1,2
2005-07-25,2,1.8
2005-07-26,2,2.14
2005-07-27,1,1.82
2005-07-31,6,2.76
2005-08-02,2,1.97
2005-08-03,1,1.93
2005-08-04,2,1.93
2005-08-05,2,2.83
2005-08-06,18,4.38
2005-08-07,1,2.16
2005-08-08,2,1.82
2005-08-09,2,2.55
2005-08-10,3,2.69
2005-08-11,1,1.77
2005-08-15,1,2.38
2005-08-17,1,1.89
2005-08-18,1,1.83
2005-08-19,1,1.85
2005-08-21,1,1.77
2005-08-24,1,1.88
2005-09-01,2,2.1
2005-09-04,2,2.37
2005-09-06,2,3.36
2005-09-08,1,1.79
2005-09-09,1,1.79
2005-09-10,1,1.75
2005-09-15,1,2.12
2005-09-20,3,2.21
2005-09-21,2,2.16
2005-09-22,4,2.56
2005-09-24,5,2.77
2005-09-25,1,3.64
2005-09-26,1,2.22
2005-09-27,1,2.62
2005-09-28,2,2.19
2005-09-29,1,1.91
2005-09-30,1,1.82
2005-10-03,1,2.17
2005-10-05,1,1.75
2005-10-09,1,1.71
2005-10-10,1,3.34
2005-10-13,1,1.81
2005-10-16,1,1.72
2005-10-18,1,1.96
2005-10-21,1,1.83
2005-10-23,1,1.7
2005-10-25,1,2.46
2005-10-26,3,1.84
2005-10-27,3,2.49
2005-10-28,2,2.02
2005-10-29,3,3.58
2005-10-30,2,2.74
2005-10-31,1,1.91
2005-11-05,1,2.21
2005-11-08,1,2.18
2005-11-11,1,1.79
2005-11-14,1,2.99
2005-11-15,1,2
2005-11-17,1,1.75
2005-11-20,2,2.17
2005-11-23,2,3.16
2005-11-24,1,2.48
2005-11-25,1,3.05
2005-11-27,1,2.1
2005-11-28,1,1.8
2005-11-30,2,1.98
2005-12-01,1,2.91
2005-12-02,1,1.79
2005-12-03,1,1.76
2005-12-04,1,1.97
2005-12-10,1,2.06
2005-12-12,1,2.29
2005-12-13,1,3.79
2005-12-14,2,2.22
2005-12-15,1,2.22
2005-12-17,2,2.19
2005-12-18,1,2.21
2005-12-19,2,2.01
2005-12-22,1,2.12
2005-12-25,1,1.7
2005-12-27,2,2.57
2005-12-30,2,2.56
2006-01-01,1,2.97
2006-01-03,2,2.54
2006-01-04,2,2.11
2006-01-06,1,2.59
2006-01-07,1,1.79
2006-01-08,1,1.79
2006-01-09,1,1.81
2006-01-10,1,1.71
2006-01-15,1,1.98
2006-01-16,1,2.26
2006-01-17,3,2.32
2006-01-18,1,1.82
2006-01-21,2,2.37
2006-01-22,2,2.39
2006-01-23,2,2.03
2006-01-24,2,2.78
2006-01-27,4,2.29
2006-01-29,1,2
2006-01-30,1,1.88
2006-01-31,1,1.92
2006-02-01,4,2.24
2006-02-04,1,1.83
2006-02-05,5,2.52
2006-02-07,1,2.84
2006-02-08,2,2.86
2006-02-09,1,2.36
2006-02-10,5,2.53
2006-02-11,2,2.03
2006-02-12,1,1.82
2006-02-14,1,1.71
2006-02-15,2,1.85
2006-02-20,1,2.44
2006-02-21,3,2.43
2006-02-23,1,2.81
2006-02-26,1,1.98
2006-02-28,1,2.45
2006-03-01,3,2.54
2006-03-02,1,2.08
2006-03-03,3,3.71
2006-03-04,1,2.87
2006-03-08,1,2.08
2006-03-09,1,2.72
2006-03-11,1,2.85
2006-03-13,1,2.01
2006-03-14,1,3.15
2006-03-15,1,1.81
2006-03-16,3,2.33
2006-03-17,1,2.01
2006-03-20,1,3.43
2006-03-22,2,2.08
2006-03-23,1,3.11
2006-03-25,1,2.49
2006-03-29,2,4.11
2006-04-01,1,2.25
2006-04-03,1,2.18
2006-04-06,3,2.57
2006-04-08,1,1.7
2006-04-10,3,2.6
2006-04-11,1,1.79
2006-04-13,1,1.85
2006-04-14,1,2.79
2006-04-15,1,1.75
2006-04-16,1,1.73
2006-04-17,1,1.93
2006-04-19,3,2.4
2006-04-20,1,1.9
2006-04-21,1,1.85
2006-04-23,1,2.1
2006-04-26,1,1.98
2006-05-01,1,1.74
2006-05-02,1,1.76
2006-05-04,2,2.69
2006-05-05,1,1.81
2006-05-06,2,2.68
2006-05-10,1,2.21
2006-05-12,1,2.14
2006-05-16,1,2.3
2006-05-18,1,1.75
2006-05-20,2,2.48
2006-05-22,1,1.83
2006-05-23,3,2.32
2006-05-25,1,1.79
2006-05-26,1,2.01
2006-05-27,1,2.57
2006-05-28,2,2.31
2006-05-29,3,2.28
2006-05-31,1,1.82
2006-06-02,1,2.12
2006-06-03,1,2.93
2006-06-06,1,2.44
2006-06-09,2,1.88
2006-06-11,2,2.04
2006-06-12,1,2.74
2006-06-13,1,1.78
2006-06-14,1,2.15
2006-06-18,4,2.43
2006-06-19,4,2.93
2006-06-21,1,2.27
2006-06-23,1,2.08
2006-06-24,1,1.82
2006-06-25,1,2.2
2006-06-26,2,2.18
2006-06-27,1,1.91
2006-07-06,2,2.06
2006-07-07,2,2.48
2006-07-09,5,2.75
2006-07-10,2,2.17
2006-07-12,4,4.02
2006-07-13,3,2.71
2006-07-14,2,3.03
2006-07-15,1,1.72
2006-07-16,1,1.82
2006-07-18,2,2.21
2006-07-19,2,3.49
2006-07-20,1,1.7
2006-07-23,3,2.57
2006-07-24,2,1.71
2006-07-25,1,1.82
2006-07-28,1,1.83
2006-07-29,3,2.07
2006-07-31,1,2.23
2006-08-01,1,1.7
2006-08-02,2,2.86
2006-08-05,3,2.32
2006-08-08,3,2.11
2006-08-10,2,2.18
2006-08-12,4,2.57
2006-08-13,3,2.61
2006-08-14,1,1.81
2006-08-15,1,2.44
2006-08-17,3,2.11
2006-08-18,2,1.93
2006-08-22,3,2.22
2006-08-23,5,2.71
2006-08-24,1,3.33
2006-08-26,1,1.96
2006-08-29,2,2.38
2006-08-31,2,1.87
2006-09-01,1,1.75
2006-09-02,1,2.19
2006-09-03,1,2.38
2006-09-05,1,1.7
2006-09-06,1,2.21
2006-09-07,1,2.3
2006-09-09,1,2.78
2006-09-13,2,1.97
2006-09-14,2,2.52
2006-09-16,1,1.88
2006-09-18,1,3.08
2006-09-20,1,1.81
2006-09-21,1,2.16
2006-09-22,2,2.07
2006-09-24,1,2.64
2006-09-26,1,1.71
2006-10-01,1,1.86
2006-10-05,1,2.19
2006-10-07,2,1.83
2006-10-08,1,1.72
2006-10-09,1,1.74
2006-10-11,1,3.2
2006-10-12,1,2.8
2006-10-16,2,2.04
2006-10-18,1,2.05
2006-10-24,2,2.71
2006-10-27,1,1.73
2006-11-04,2,2.11
2006-11-06,5,2.78
2006-11-10,1,2.91
2006-11-11,1,2.06
2006-11-12,1,2.12
2006-11-13,1,1.71
2006-11-14,2,2.22
2006-11-15,2,2.29
2006-11-18,1,2.73
2006-11-19,2,2.07
2006-11-20,5,2.18
2006-11-21,1,2.31
2006-11-22,2,2.58
2006-11-23,1,1.82
2006-11-24,2,2.1
2006-11-27,10,3.88
2006-11-28,3,3.17
2006-11-30,2,3.13
2006-12-01,2,1.98
2006-12-02,1,2.09
2006-12-04,2,2.15
2006-12-06,2,2.34
2006-12-07,3,3.24
2006-12-08,2,1.87
2006-12-17,1,2.71
2006-12-18,1,1.82
2006-12-19,1,1.79
2006-12-23,1,2.37
2006-12-24,1,2.1
2006-12-25,2,2.46
2006-12-28,1,1.94
2006-12-29,1,1.82
2006-12-30,2,1.99
2006-12-31,6,3.32
2007-01-01,2,1.95
2007-01-02,3,2.09
2007-01-03,2,2.09
2007-01-04,3,1.9
2007-01-05,1,1.74
2007-01-06,1,1.77
2007-01-09,2,2.64
2007-01-11,2,2.76
2007-01-12,3,2.19
2007-01-13,1,1.97
2007-01-15,2,2.16
2007-01-17,5,3
2007-01-18,1,1.77
2007-01-19,1,1.73
2007-01-21,1,2.23
2007-01-25,1,2.32
2007-01-29,1,1.73
2007-01-31,4,2.85
2007-02-02,1,2.08
2007-02-06,2,1.89
2007-02-11,3,2.25
2007-02-13,1,1.85
2007-02-14,1,2.07
2007-02-15,3,2.93
2007-02-17,1,1.84
2007-02-21,1,2.01
2007-02-22,1,2.34
2007-02-24,2,2.64
2007-02-28,2,2.46
2007-03-01,3,2.37
2007-03-02,1,2.09
2007-03-03,1,2.06
2007-03-06,1,1.74
2007-03-08,2,2.7
2007-03-09,2,2.49
2007-03-10,1,2.3
2007-03-13,1,2.06
2007-03-15,1,2.45
2007-03-18,1,2.44
2007-03-19,2,2.65
2007-03-23,1,2.57
2007-03-24,2,2.51
2007-03-25,1,2.82
2007-03-27,6,3.23
2007-03-30,3,4.11
2007-03-31,1,1.76
2007-04-04,1,1.73
2007-04-05,1,2.1
2007-04-07,4,2.92
2007-04-10,1,1.96
2007-04-15,2,2.33
2007-04-16,1,1.97
2007-04-17,2,2.34
2007-04-18,1,2.37
2007-04-19,1,1.94
2007-04-20,1,1.93
2007-04-24,1,2.38
2007-04-25,4,3.05
2007-04-26,2,2.1
2007-04-27,1,1.82
2007-04-28,1,2.23
2007-04-29,1,2.4
2007-04-30,1,2.57
2007-05-01,1,2.8
2007-05-02,2,2.7
2007-05-03,2,2.55
2007-05-06,2,2.21
2007-05-08,1,1.74
2007-05-09,1,1.73
2007-05-12,1,2.19
2007-05-14,2,2.41
2007-05-15,1,2.14
2007-05-16,2,2.01
2007-05-17,1,3.11
2007-05-19,2,2.71
2007-05-21,1,2.03
2007-05-22,3,2.1
2007-05-23,1,1.74
2007-05-24,1,1.9
2007-05-27,1,2.02
2007-05-28,2,1.85
2007-05-29,2,2.62
2007-05-30,1,2.25
2007-05-31,1,1.78
2007-06-02,1,2.31
2007-06-04,1,1.97
2007-06-05,1,1.82
2007-06-07,3,2.14
2007-06-11,1,2.57
2007-06-12,1,1.98
2007-06-14,1,1.83
2007-06-17,4,2.66
2007-06-18,2,2.28
2007-06-21,1,2.33
2007-06-22,1,2.71
2007-06-23,1,2.43
2007-06-24,4,1.94
2007-06-26,5,2.21
2007-06-27,3,2.22
2007-06-28,1,2.84
2007-06-29,1,1.89
2007-07-01,1,3.1
2007-07-03,1,2.11
2007-07-06,3,2.25
2007-07-09,3,1.99
2007-07-10,1,1.87
2007-07-11,1,2.53
2007-07-12,1,1.76
2007-07-13,2,1.97
2007-07-15,1,1.72
2007-07-16,1,1.73
2007-07-17,1,2.02
2007-07-20,3,2.61
2007-07-21,2,2.02
2007-07-22,1,3.47
2007-07-23,1,2.39
2007-07-25,1,2
2007-07-28,1,1.82
2007-08-01,2,1.85
2007-08-02,1,2.35
2007-08-03,4,2.29
2007-08-05,1,1.72
2007-08-06,1,1.74
2007-08-08,1,1.8
2007-08-10,2,3.01
2007-08-13,1,2.34
2007-08-14,3,2.65
2007-08-15,1,1.8
2007-08-16,1,2.32
2007-08-17,1,1.79
2007-08-18,1,1.9
2007-08-19,2,1.79
2007-08-23,2,2.69
2007-08-24,2,2.5
2007-08-25,2,2.42
2007-08-27,2,3.49
2007-08-28,1,2.06
2007-08-29,2,3.01
2007-08-30,4,3.43
2007-08-31,1,2.05
2007-09-01,4,2.39
2007-09-03,3,2.91
2007-09-04,2,2.07
2007-09-06,1,2.24
2007-09-08,1,2.23
2007-09-09,1,1.7
2007-09-10,1,2.45
2007-09-13,2,1.94
2007-09-14,1,1.71
2007-09-15,3,2.48
2007-09-19,1,2.02
2007-09-20,2,3.27
2007-09-22,1,2.23
2007-09-24,3,2.73
2007-09-25,1,1.93
2007-09-26,1,2.16
2007-09-27,1,2.28
2007-09-29,1,2.16
2007-10-02,1,2.12
2007-10-03,1,2.88
2007-10-04,1,2.52
2007-10-05,2,1.75
2007-10-06,1,1.87
2007-10-08,3,2.61
2007-10-09,2,2.78
2007-10-12,2,1.85
2007-10-13,2,2.27
2007-10-14,1,2.06
2007-10-16,2,1.84
2007-10-17,1,2.48
2007-10-19,1,2.09
2007-10-20,3,2.2
2007-10-21,1,2.67
2007-10-23,1,2.36
2007-10-24,2,4.34
2007-10-25,2,2.39
2007-10-28,1,1.7
2007-10-30,1,2.88
2007-11-01,1,2.53
2007-11-03,3,2.54
2007-11-06,1,1.89
2007-11-07,1,1.98
2007-11-09,1,1.86
2007-11-10,1,1.71
2007-11-12,1,2.01
2007-11-13,1,2.17
2007-11-14,1,1.74
2007-11-15,2,3.06
2007-11-16,1,1.72
2007-11-17,2,2.24
2007-11-18,1,1.75
2007-11-21,5,2.56
2007-11-22,2,2.02
2007-11-23,1,1.87
2007-11-26,2,2.49
2007-11-27,1,2.35
2007-11-28,1,3.06
2007-12-01,1,1.72
2007-12-02,3,2.77
2007-12-03,1,1.86
2007-12-04,3,2.25
2007-12-06,2,1.94
2007-12-11,2,1.72
2007-12-14,1,1.89
2007-12-18,1,1.94
2007-12-22,2,2.66
2007-12-25,1,1.91
2007-12-26,1,1.8
2007-12-27,2,1.74
2008-01-01,2,2.3
2008-01-04,1,2.03
2008-01-05,1,1.99
2008-01-08,1,2.3
2008-01-10,1,2.03
2008-01-11,3,3.9
2008-01-12,2,1.97
2008-01-13,1,2.27
2008-01-14,1,1.87
2008-01-15,1,2.31
2008-01-17,3,2.12
2008-01-18,4,2.85
2008-01-21,1,2.08
2008-01-25,1,1.81
2008-01-26,1,1.76
2008-01-29,1,1.73
2008-01-30,1,2.16
2008-01-31,1,1.95
2008-02-01,1,2.47
2008-02-03,2,1.95
2008-02-04,1,1.79
2008-02-05,4,1.99
2008-02-07,1,2.18
2008-02-09,2,1.74
2008-02-10,2,2.75
2008-02-11,1,2.05
2008-02-13,1,1.83
2008-02-14,1,1.73
2008-02-15,2,1.99
2008-02-16,1,3.58
2008-02-17,1,2.31
2008-02-19,2,2.45
2008-02-20,1,2.1
2008-02-23,2,2
2008-02-24,2,2.21
2008-02-25,2,2.18
2008-02-26,2,2.98
2008-02-27,3,2.77
2008-02-28,1,1.7
2008-02-29,1,2.04
2008-03-01,1,1.84
2008-03-02,1,3.47
2008-03-03,2,2.68
2008-03-04,1,1.84
2008-03-06,1,2.16
2008-03-07,2,2.2
2008-03-10,1,2
2008-03-12,1,1.8
2008-03-13,1,1.92
2008-03-16,1,2.34
2008-03-17,2,2.22
2008-03-19,1,2.39
2008-03-20,2,2.63
2008-03-21,1,2.86
2008-03-22,1,1.71
2008-03-24,1,2.31
2008-03-26,1,2.26
2008-03-27,1,2.05
2008-03-28,1,1.96
2008-03-30,2,2.74
2008-03-31,1,2.08
2008-04-03,2,1.9
2008-04-04,3,1.99
2008-04-06,3,2.99
2008-04-07,3,3.59
2008-04-08,1,1.87
2008-04-09,2,2.3
2008-04-10,1,1.76
2008-04-12,1,2.33
2008-04-13,1,2.24
2008-04-14,3,2.42
2008-04-15,1,1.88
2008-04-22,3,3.03
2008-04-23,5,4.14
2008-04-24,2,2.41
2008-04-25,2,2.37
2008-04-26,1,1.72
2008-04-27,1,2.62
2008-04-28,2,2.31
2008-04-29,1,2.51
2008-04-30,1,1.77
2008-05-01,7,4.43
2008-05-02,10,3.69
2008-05-05,1,1.85
2008-05-06,1,1.88
2008-05-07,5,2.6
2008-05-09,2,3.32
2008-05-10,6,3.08
2008-05-13,2,2.37
2008-05-14,1,2.12
2008-05-17,3,2.03
2008-05-18,2,1.84
2008-05-20,3,3.73
2008-05-22,2,2.22
2008-05-24,2,2.79
2008-05-26,2,1.74
2008-05-29,1,1.81
2008-05-30,1,1.93
2008-06-03,1,2.07
2008-06-05,1,2.2
2008-06-07,2,2.02
2008-06-10,1,2.37
2008-06-11,1,1.81
2008-06-12,1,1.79
2008-06-16,3,2.26
2008-06-17,3,3.02
2008-06-20,1,1.86
2008-06-21,1,1.83
2008-06-22,1,1.95
2008-06-23,1,2.05
2008-06-25,1,1.7
2008-06-26,2,2.07
2008-06-27,2,1.84
2008-06-28,2,2.43
2008-06-29,2,2.01
2008-06-30,1,2.26
2008-07-01,2,2.73
2008-07-02,1,1.83
2008-07-03,3,2.31
2008-07-04,2,3.4
2008-07-06,1,3.32
2008-07-08,2,1.87
2008-07-09,1,2.63
2008-07-11,1,3.37
2008-07-12,2,2.09
2008-07-13,1,2.45
2008-07-14,1,2.7
2008-07-16,1,2.29
2008-07-17,2,2.77
2008-07-21,2,2.81
2008-07-22,1,2.07
2008-07-24,2,2.69
2008-07-25,1,2.28
2008-07-26,1,1.78
2008-07-27,1,1.8
2008-07-29,1,3.04
2008-07-31,1,1.74
2008-08-02,1,2.35
2008-08-03,1,2.28
2008-08-04,1,1.72
2008-08-05,1,1.73
2008-08-08,3,2.6
2008-08-09,2,1.75
2008-08-10,3,2.38
2008-08-11,2,2.18
2008-08-12,1,1.8
2008-08-14,1,1.74
2008-08-18,2,2.39
2008-08-19,2,1.98
2008-08-21,2,1.97
2008-08-22,2,3
2008-08-23,4,1.96
2008-08-29,1,2.25
2008-08-31,2,1.97
2008-09-01,1,2.29
2008-09-04,1,1.85
2008-09-06,2,1.98
2008-09-10,1,1.75
2008-09-11,1,2.02
2008-09-12,1,2.63
2008-09-13,1,1.73
2008-09-14,4,2.81
2008-09-15,2,2.2
2008-09-16,1,2.32
2008-09-17,1,2.33
2008-09-18,2,2.28
2008-09-19,1,1.78
2008-09-23,4,2.72
2008-09-24,1,2.17
2008-09-25,3,2.25
2008-09-26,1,1.9
2008-09-27,1,3.06
2008-09-28,1,1.73
2008-10-01,1,1.83
2008-10-04,3,2.57
2008-10-07,1,2.22
2008-10-08,1,2.23
2008-10-09,3,3.23
2008-10-12,1,2.61
2008-10-13,1,1.76
2008-10-14,1,1.87
2008-10-16,1,1.89
2008-10-17,2,1.89
2008-10-18,1,1.78
2008-10-19,2,2.99
2008-10-20,1,1.93
2008-10-21,1,2.39
2008-10-22,3,2.29
2008-10-24,1,3.15
2008-10-25,1,2.37
2008-10-26,1,1.96
2008-10-27,2,1.9
2008-11-02,1,1.85
2008-11-04,1,1.71
2008-11-05,1,1.83
2008-11-06,1,2.65
2008-11-07,1,2.48
2008-11-11,1,1.76
2008-11-14,1,2.17
2008-11-15,1,1.74
2008-11-16,1,2.28
2008-11-17,1,1.82
2008-11-20,1,2.15
2008-11-22,1,2.21
2008-11-23,6,2.73
2008-11-24,3,2.79
2008-11-25,5,3.86
2008-11-27,1,2.57
2008-11-28,2,2.26
2008-11-29,5,4.03
2008-11-30,21,4.04
2008-12-01,4,2.26
2008-12-02,21,4.03
2008-12-03,16,2.83
2008-12-04,6,2.74
2008-12-05,5,2.77
2008-12-06,30,5.06
2008-12-07,4,3.28
2008-12-08,7,3.43
2008-12-09,5,3.1
2008-12-10,5,2.66
2008-12-11,3,2.56
2008-12-12,4,2.85
2008-12-13,9,4.01
2008-12-14,12,3.37
2008-12-15,6,2.34
2008-12-16,2,3.12
2008-12-17,7,2.71
2008-12-18,4,2.63
2008-12-19,2,2.48
2008-12-20,2,1.83
2008-12-21,1,2.17
2008-12-22,2,1.99
2008-12-23,1,1.88
2008-12-24,3,2
2008-12-25,1,1.86
2008-12-26,1,2.39
2008-12-27,1,1.81
2008-12-29,4,2.49
2008-12-30,3,2.18
2009-01-02,1,1.79
2009-01-03,1,1.99
2009-01-04,1,1.84
2009-01-05,2,1.99
2009-01-07,1,1.99
2009-01-08,4,2.47
2009-01-09,2,2.28
2009-01-10,1,2.61
2009-01-12,2,3.4
2009-01-13,2,1.9
2009-01-14,1,1.8
2009-01-15,2,2.13
2009-01-16,2,2.6
2009-01-18,2,1.89
2009-01-19,1,1.93
2009-01-21,4,2.19
2009-01-22,3,2.25
2009-01-23,2,2.4
2009-01-24,1,3.12
2009-01-25,4,2.63
2009-01-26,1,2.29
2009-01-27,4,2.2
2009-01-28,2,2.78
2009-01-31,4,4.39
2009-02-01,1,2.99
2009-02-02,1,1.84
2009-02-03,1,2.26
2009-02-04,1,2.13
2009-02-06,1,1.88
2009-02-07,1,1.89
2009-02-08,3,3.07
2009-02-09,2,2.76
2009-02-10,2,1.71
2009-02-12,2,1.82
2009-02-13,4,2.8
2009-02-14,2,2.58
2009-02-15,2,2.82
2009-02-18,2,1.98
2009-02-19,8,2.9
2009-02-20,5,3.68
2009-02-21,1,2.05
2009-02-23,2,2.33
2009-02-25,3,1.97
2009-02-26,2,2.57
2009-02-27,1,2.32
2009-02-28,2,1.83
2009-03-01,2,1.87
2009-03-06,2,2.47
2009-03-07,2,2.25
2009-03-08,1,1.98
2009-03-10,2,1.92
2009-03-12,1,2.01
2009-03-13,3,3.21
2009-03-15,1,2.14
2009-03-16,1,2.54
2009-03-17,1,1.71
2009-03-18,4,2.2
2009-03-19,1,2.04
2009-03-20,4,2.25
2009-03-22,1,1.97
2009-03-23,2,2.32
2009-03-24,4,2.74
2009-03-25,7,3.13
2009-03-26,5,2.29
2009-03-27,2,2.27
2009-03-28,1,1.93
2009-03-30,1,2.03
2009-03-31,1,1.98
2009-04-01,2,2.63
2009-04-02,2,1.86
2009-04-03,1,1.7
2009-04-06,1,1.77
2009-04-08,1,1.9
2009-04-10,1,2
2009-04-13,1,1.76
2009-04-14,1,1.85
2009-04-16,2,2.08
2009-04-17,2,1.88
2009-04-18,1,1.79
2009-04-20,2,1.76
2009-04-23,1,2.06
2009-04-25,2,1.93
2009-04-26,2,2.04
2009-04-28,1,1.7
2009-04-29,2,2.83
2009-04-30,1,1.75
2009-05-03,1,1.81
2009-05-05,1,2.78
2009-05-07,1,1.73
2009-05-08,1,1.88
2009-05-10,1,2.08
2009-05-11,3,2.44
2009-05-12,2,1.94
2009-05-14,3,2.36
2009-05-16,1,2.63
2009-05-17,3,1.9
2009-05-20,2,1.86
2009-05-21,2,2.74
2009-05-22,2,2.96
2009-05-23,6,4.73
2009-05-24,6,2.9
2009-05-25,7,3.36
2009-05-26,4,3.09
2009-05-27,3,2.99
2009-05-28,2,2.24
2009-05-29,3,2.16
2009-05-31,2,3
2009-06-01,4,2.31
2009-06-02,2,2.93
2009-06-04,1,1.97
2009-06-05,1,1.73
2009-06-07,2,1.97
2009-06-08,2,2.07
2009-06-09,2,2.8
2009-06-10,2,3.35
2009-06-11,1,2.09
2009-06-13,2,2.94
2009-06-14,1,2.79
2009-06-15,1,2.56
2009-06-18,4,2.77
2009-06-20,5,2.82
2009-06-21,2,2.51
2009-06-22,2,2.37
2009-06-23,2,2.08
2009-06-24,1,1.77
2009-06-25,1,2.65
2009-06-26,5,2.72
2009-06-28,1,2.06
2009-06-29,6,2.37
2009-06-30,2,2.02
2009-07-07,1,1.96
2009-07-09,1,2.39
2009-07-11,1,2.06
2009-07-12,1,2.11
2009-07-14,3,3.77
2009-07-16,4,2.5
2009-07-17,1,2.19
2009-07-19,3,2.54
2009-07-20,4,2.45
2009-07-21,2,1.79
2009-07-22,1,1.99
2009-07-23,2,2.49
2009-07-25,1,2.28
2009-07-27,1,2.18
2009-07-30,1,1.71
2009-07-31,3,2.07
2009-08-01,1,2.46
2009-08-04,2,2.07
2009-08-05,1,1.72
2009-08-09,1,2.13
2009-08-10,2,2.54
2009-08-13,1,3.14
2009-08-15,1,1.84
2009-08-17,1,2.03
2009-08-18,1,2.15
2009-08-20,1,1.83
2009-08-21,2,3.03
2009-08-22,1,1.85
2009-08-23,6,2.54
2009-08-24,4,2.37
2009-08-25,2,2.12
2009-08-26,4,2.31
2009-08-27,1,3.59
2009-08-29,1,2.44
2009-08-30,18,3.89
2009-09-01,7,2.99
2009-09-02,5,3.02
2009-09-03,1,1.7
2009-09-04,1,3
2009-09-08,2,2.15
2009-09-09,1,2.15
2009-09-10,1,2.32
2009-09-11,2,2.21
2009-09-12,1,1.77
2009-09-13,1,3.37
2009-09-16,2,2.21
2009-09-17,4,2.42
2009-09-21,2,2.18
2009-09-23,2,2.72
2009-09-24,1,2.79
2009-09-25,1,2.74
2009-09-26,2,2.57
2009-09-28,4,2.57
2009-09-30,1,2
2009-10-01,53,5
2009-10-02,9,2.74
2009-10-03,111,5.19
2009-10-04,27,3.48
2009-10-05,11,2.37
2009-10-06,14,3.98
2009-10-07,4,2.05
2009-10-08,10,3
2009-10-09,7,4.29
2009-10-10,4,2.31
2009-10-11,5,2.29
2009-10-12,3,1.81
2009-10-13,3,2.25
2009-10-14,4,2.2
2009-10-15,2,2.23
2009-10-16,5,2.39
2009-10-17,5,2.55
2009-10-18,4,2.38
2009-10-19,4,2.47
2009-10-20,2,1.96
2009-10-21,2,1.87
2009-10-22,2,1.95
2009-10-23,1,1.97
2009-10-24,1,2.51
2009-10-25,4,2.12
2009-10-26,1,2.18
2009-10-27,3,2.89
2009-10-28,7,3.03
2009-10-29,3,2.48
2009-10-30,5,2.14
2009-10-31,2,1.98
2009-11-01,1,3.05
2009-11-02,9,3.67
2009-11-03,2,2.59
2009-11-04,3,2.21
2009-11-05,1,2.37
2009-11-06,1,2.04
2009-11-07,5,2.18
2009-11-08,5,2.55
2009-11-09,3,2.77
2009-11-10,3,2.05
2009-11-11,2,2.54
2009-11-13,3,2.16
2009-11-14,1,1.77
2009-11-16,4,4.6
2009-11-17,3,2.96
2009-11-18,1,2.17
2009-11-19,3,2.26
2009-11-20,1,2.25
2009-11-21,1,1.72
2009-11-22,1,3.15
2009-11-23,2,1.89
2009-11-24,2,1.85
2009-11-25,3,2.39
2009-11-26,3,1.94
2009-11-27,1,3.47
2009-11-28,1,2.85
2009-11-29,2,2.25
2009-11-30,1,1.87
2009-12-01,4,2.41
2009-12-02,2,3.07
2009-12-03,1,1.82
2009-12-04,1,1.91
2009-12-05,1,2.02
2009-12-06,1,1.82
2009-12-07,1,2.22
2009-12-08,4,2.17
2009-12-09,1,1.7
2009-12-10,3,1.88
2009-12-12,2,1.8
2009-12-13,1,2.37
2009-12-14,2,1.89
2009-12-15,1,2.98
2009-12-16,1,1.85
2009-12-17,4,2.44
2009-12-18,1,1.79
2009-12-19,2,1.92
2009-12-22,1,1.84
2009-12-23,1,1.89
2009-12-24,3,2.33
2009-12-25,1,1.98
2009-12-26,2,2.57
2009-12-29,2,2.49
2009-12-30,3,3.64
2009-12-31,2,3.19
2010-01-01,3,2.86
2010-01-02,2,2.02
2010-01-04,4,3.39
2010-01-05,1,2.76
2010-01-06,1,2.03
2010-01-08,1,2
2010-01-09,1,1.73
2010-01-10,2,3.04
2010-01-13,1,2.56
2010-01-14,8,3.48
2010-01-15,26,4.41
2010-01-16,10,3.43
2010-01-17,3,2.34
2010-01-18,7,2.91
2010-01-19,1,1.89
2010-01-20,2,1.98
2010-01-21,2,1.89
2010-01-22,2,1.9
2010-01-23,1,2.02
2010-01-26,1,1.88
2010-01-28,2,2.39
2010-01-29,1,1.77
2010-01-30,2,2.64
2010-01-31,2,2.16
2010-02-01,1,2.79
2010-02-02,1,2.01
2010-02-03,1,1.72
2010-02-05,3,2.46
2010-02-07,1,2.91
2010-02-08,4,2.46
2010-02-09,1,2.01
2010-02-10,1,1.84
2010-02-11,1,2.01
2010-02-12,3,2.32
2010-02-13,1,2.03
2010-02-14,6,2.98
2010-02-15,6,4.05
2010-02-16,1,1.81
2010-02-17,2,1.94
2010-02-18,1,2.35
2010-02-19,1,2.74
2010-02-21,2,2.73
2010-02-22,1,2.5
2010-02-23,3,2.34
2010-02-24,1,2.33
2010-02-26,4,2.8
2010-02-27,10,3.45
2010-02-28,6,3.43
2010-03-01,8,3.76
2010-03-02,4,3.47
2010-03-03,1,2.81
2010-03-05,2,2.94
2010-03-06,2,2.43
2010-03-07,1,1.98
2010-03-08,8,3.28
2010-03-09,9,3.66
2010-03-10,1,3.01
2010-03-11,1,2.06
2010-03-12,7,2.68
2010-03-18,1,1.7
2010-03-19,1,2.61
2010-03-20,1,1.77
2010-03-21,1,1.87
2010-03-22,2,2.33
2010-03-24,1,1.75
2010-03-25,1,1.76
2010-03-26,1,2.46
2010-03-28,1,2.23
2010-03-29,2,2.14
2010-03-30,1,1.82
2010-04-01,1,1.93
2010-04-02,5,2.73
2010-04-05,3,2.24
2010-04-06,1,1.96
2010-04-07,1,2.13
2010-04-08,1,2.06
2010-04-09,2,1.93
2010-04-10,6,2.79
2010-04-11,1,2.39
2010-04-14,1,1.79
2010-04-16,1,1.97
2010-04-17,1,1.79
2010-04-18,1,2.16
2010-04-19,2,2.46
2010-04-20,3,2.27
2010-04-21,2,1.78
2010-04-23,5,2.76
2010-04-24,3,2.07
2010-04-25,1,2.17
2010-04-26,1,2.19
2010-04-28,2,2.19
2010-05-01,2,2.98
2010-05-02,1,2.36
2010-05-05,1,1.92
2010-05-06,2,3.71
2010-05-07,3,2.69
2010-05-08,1,1.79
2010-05-09,1,1.86
2010-05-10,4,3.85
2010-05-12,1,1.9
2010-05-14,3,3.47
2010-05-15,5,2.58
2010-05-16,4,2.81
2010-05-18,1,1.74
2010-05-19,1,2.34
2010-05-20,2,1.8
2010-05-21,2,2.49
2010-05-22,2,2.52
2010-05-25,1,1.76
2010-05-26,1,1.83
2010-05-27,1,1.82
2010-05-28,2,2.99
2010-05-29,2,1.91
2010-06-02,1,2.09
2010-06-03,2,2.65
2010-06-04,1,2.3
2010-06-06,2,2.96
2010-06-08,1,2.56
2010-06-10,1,1.83
2010-06-11,1,1.74
2010-06-12,1,1.94
2010-06-15,2,2.19
2010-06-16,3,2.41
2010-06-17,4,3.37
2010-06-18,1,1.88
2010-06-19,1,2.03
2010-06-23,1,1.89
2010-06-24,1,1.87
2010-06-25,2,3
2010-06-26,1,1.73
2010-06-27,5,3.78
2010-06-29,4,2.7
2010-06-30,1,1.87
2010-07-01,3,3.74
2010-07-02,1,1.7
2010-07-03,1,2.19
2010-07-04,2,2.21
2010-07-05,1,2.09
2010-07-09,4,3.15
2010-07-11,2,2.06
2010-07-13,1,2.65
2010-07-14,2,2.08
2010-07-16,1,1.86
2010-07-17,1,2.08
2010-07-19,3,2.41
2010-07-20,2,1.83
2010-07-21,1,2.74
2010-07-25,2,2.22
2010-07-26,1,2.11
2010-07-27,2,2.69
2010-07-30,1,1.74
2010-07-31,2,1.78
2010-08-04,1,1.83
2010-08-06,1,1.8
2010-08-07,2,2.24
2010-08-09,1,1.94
2010-08-12,1,1.8
2010-08-18,1,1.88
2010-08-19,1,2.25
2010-08-22,1,1.81
2010-08-25,4,2.83
2010-08-30,1,1.71
2010-09-03,3,2.47
2010-09-04,4,2.65
2010-09-05,1,2.59
2010-09-06,2,2.99
2010-09-07,7,3.45
2010-09-08,3,2.84
2010-09-09,2,2.01
2010-09-10,1,1.86
2010-09-12,1,3.12
2010-09-13,2,2.67
2010-09-15,3,2.82
2010-09-16,4,3.88
2010-09-17,1,1.82
2010-09-19,2,2.29
2010-09-20,3,2.06
2010-09-22,2,2.17
2010-09-23,1,2.08
2010-09-24,3,2.28
2010-09-28,1,1.91
2010-09-29,1,1.78
2010-10-03,1,2.4
2010-10-05,1,2.05
2010-10-06,1,2.29
2010-10-07,1,1.77
2010-10-08,1,1.85
2010-10-10,1,2.5
2010-10-12,3,3.06
2010-10-13,1,2.22
2010-10-14,1,2.18
2010-10-19,5,2.58
2010-10-20,1,1.7
2010-10-21,1,2.2
2010-10-22,1,2.19
2010-10-23,2,2.55
2010-10-24,8,2.93
2010-10-25,2,3.73
2010-10-26,1,1.9
2010-10-27,2,1.83
2010-10-28,1,2.09
2010-10-29,5,2.78
2010-10-30,3,2.73
2010-10-31,1,3.1
2010-11-01,1,1.72
2010-11-02,1,2.63
2010-11-03,2,2.48
2010-11-04,2,2.1
2010-11-05,2,2.28
2010-11-06,2,2.18
2010-11-07,1,2.39
2010-11-08,1,2.52
2010-11-09,1,1.9
2010-11-10,3,2.13
2010-11-12,1,2.94
2010-11-14,1,2.16
2010-11-15,1,1.89
2010-11-16,1,2.13
2010-11-18,3,2.36
2010-11-19,1,1.86
2010-11-21,2,2.54
2010-11-22,1,1.95
2010-11-25,4,3.74
2010-11-26,1,1.75
2010-12-01,3,3.28
2010-12-03,2,1.83
2010-12-08,1,2.34
2010-12-09,1,2.2
2010-12-17,1,2.09
2010-12-18,1,1.83
2010-12-20,1,1.97
2010-12-21,1,2.38
2010-12-22,1,1.82
2010-12-23,2,1.74
2010-12-26,1,1.7
2010-12-27,1,1.79
2010-12-28,2,3.6
2010-12-29,1,1.82
2011-01-06,2,2.04
2011-01-07,1,2.28
2011-01-08,5,2.24
2011-01-09,2,2.07
2011-01-14,3,1.96
2011-01-18,2,2.27
2011-01-20,3,2.06
2011-01-24,2,2.58
2011-01-27,1,3.17
2011-01-28,1,1.86
2011-02-01,4,2.49
2011-02-03,1,1.93
2011-02-04,1,1.76
2011-02-05,4,2.47
2011-02-08,1,2.03
2011-02-09,2,1.94
2011-02-10,1,2.46
2011-02-14,1,1.78
2011-02-15,1,1.71
2011-02-17,1,1.7
2011-02-18,1,1.82
2011-02-19,1,1.98
2011-02-21,5,2.5
2011-02-23,2,2.94
2011-02-24,4,3.48
2011-02-25,6,2.02
2011-02-26,1,2.24
2011-02-27,2,2.36
2011-02-28,1,1.77
2011-03-01,1,2.21
2011-03-02,2,2.64
2011-03-03,2,2.5
2011-03-05,2,1.95
2011-03-06,1,1.75
2011-03-08,3,2.12
2011-03-10,2,3.15
2011-03-11,1,3.35
2011-03-12,1,1.89
2011-03-14,1,1.91
2011-03-16,1,2.2
2011-03-17,1,1.89
2011-03-18,3,2.27
2011-03-19,1,2.23
2011-03-21,1,2.67
2011-03-22,1,2.23
2011-03-25,1,1.95
2011-03-26,1,1.79
2011-03-28,1,1.77
2011-03-29,1,1.7
2011-03-30,1,1.87
2011-04-04,1,2.2
2011-04-05,1,1.89
2011-04-07,1,2.88
2011-04-08,2,2.12
2011-04-09,1,2.5
2011-04-10,1,2.05
2011-04-11,2,2.53
2011-04-15,5,2.59
2011-04-16,1,1.83
2011-04-20,2,2.5
2011-04-21,2,2.43
2011-04-23,2,2.34
2011-04-24,1,2.28
2011-04-25,1,1.78
2011-04-26,3,3.24
2011-04-27,1,2.73
2011-04-28,1,1.83
2011-04-29,1,1.75
2011-05-03,1,4.45
2011-05-04,12,3.61
2011-05-05,2,2.06
2011-05-08,2,2.5
2011-05-09,3,2.36
2011-05-10,1,1.85
2011-05-11,1,1.9
2011-05-13,2,3.22
2011-05-14,1,1.97
2011-05-15,4,3.35
2011-05-20,1,2.16
2011-05-22,1,1.98
2011-05-23,1,2.12
2011-05-24,1,1.72
2011-05-26,1,1.8
2011-05-27,1,1.72
2011-05-28,1,2.31
2011-06-05,1,1.96
2011-06-06,1,1.96
2011-06-09,1,1.74
2011-06-11,1,2.08
2011-06-12,1,2.37
2011-06-16,1,1.96
2011-06-20,1,1.86
2011-06-25,2,3.27
2011-06-27,1,2.7
2011-07-01,1,2
2011-07-02,1,1.82
2011-07-03,1,1.74
2011-07-04,1,2.41
2011-07-06,1,1.85
2011-07-07,2,3.36
2011-07-11,1,1.92
2011-07-12,1,2.68
2011-07-15,1,1.76
2011-07-16,1,2.1
2011-07-18,1,2.47
2011-07-21,1,1.76
2011-07-22,1,2.1
2011-07-23,2,1.86
2011-07-24,2,1.76
2011-07-26,1,2.8
2011-07-27,3,2.52
2011-07-28,12,2.65
2011-07-31,1,1.91
2011-08-01,1,2.05
2011-08-02,1,1.71
2011-08-04,2,2.75
2011-08-06,1,1.91
2011-08-07,3,2.86
2011-08-08,2,2.21
2011-08-09,3,2.99
2011-08-11,1,2.15
2011-08-14,2,2.26
2011-08-16,1,2.09
2011-08-17,1,2.69
2011-08-19,1,1.79
2011-08-20,1,1.83
2011-08-21,2,3.22
2011-08-24,1,2.01
2011-08-25,1,1.99
2011-08-26,1,1.7
2011-08-29,1,1.72
2011-08-31,1,1.72
2011-09-06,1,1.84
2011-09-08,1,2.28
2011-09-09,2,2.2
2011-09-10,2,1.76
2011-09-12,1,1.76
2011-09-13,1,2.47
2011-09-16,1,2.32
2011-09-17,3,1.96
2011-09-18,2,1.91
2011-09-20,4,2.85
2011-09-22,3,3.79
2011-09-23,3,3.13
2011-09-26,1,1.88
2011-09-27,1,2.92
2011-09-28,2,1.97
2011-09-29,1,2.75
2011-10-01,2,2.13
2011-10-02,1,1.81
2011-10-04,1,2.62
2011-10-05,1,2.47
2011-10-07,3,2.38
2011-10-08,2,3.12
2011-10-11,1,3.44
2011-10-12,2,2.18
2011-10-13,2,2.06
2011-10-14,1,1.91
2011-10-15,1,2.07
2011-10-17,4,3.78
2011-10-18,1,1.82
2011-10-19,1,2.23
2011-10-20,1,1.93
2011-10-21,1,1.93
2011-10-22,1,2.43
2011-10-26,1,2.67
2011-10-27,2,2.16
2011-10-28,1,2.54
2011-10-31,1,2.85
2011-11-01,3,4.1
2011-11-02,1,2.32
2011-11-06,1,2.81
2011-11-07,1,1.87
2011-11-11,2,2.22
2011-11-12,1,1.73
2011-11-13,1,2.03
2011-11-15,2,3.36
2011-11-18,3,2.49
2011-11-20,2,1.74
2011-11-25,1,1.83
2011-11-26,1,1.81
2011-11-27,1,2.24
2011-11-28,3,2.49
2011-12-02,5,2.47
2011-12-04,1,1.76
2011-12-05,2,1.76
2011-12-06,3,2.55
2011-12-07,1,1.96
2011-12-08,1,1.71
2011-12-09,2,2.52
2011-12-13,1,1.74
2011-12-16,3,2.21
2011-12-22,2,1.77
2011-12-24,1,1.87
2011-12-25,1,1.82
2011-12-26,3,2.16
2011-12-27,1,1.75
2011-12-28,2,2.15
2011-12-29,1,1.93
2011-12-30,3,2
2012-01-02,3,2.01
2012-01-04,1,1.85
2012-01-06,6,3.25
2012-01-07,3,2.28
2012-01-08,3,2.2
2012-01-09,1,1.91
2012-01-17,1,1.9
2012-01-20,1,2.63
2012-01-21,3,2.51
2012-01-24,1,2.1
2012-01-25,2,1.92
2012-01-26,5,2.92
2012-01-28,5,2.5
2012-01-31,1,2
2012-02-02,3,2.93
2012-02-03,3,2.98
2012-02-04,2,2.44
2012-02-05,1,1.99
2012-02-06,1,1.73
2012-02-07,2,2.12
2012-02-12,4,2.86
2012-02-14,2,2.2
2012-02-15,1,2.3
2012-02-18,2,2.71
2012-02-20,3,2.55
2012-02-21,1,2.13
2012-02-23,1,2.58
2012-02-24,3,2.08
2012-03-02,1,1.92
2012-03-03,2,2.44
2012-03-05,3,2.7
2012-03-06,1,1.7
2012-03-10,1,1.74
2012-03-11,2,2.36
2012-03-14,2,2.85
2012-03-15,1,1.99
2012-03-22,1,1.7
2012-03-24,2,2.11
2012-03-26,2,2.15
2012-03-30,1,1.77
2012-04-02,1,1.72
2012-04-03,3,2.14
2012-04-06,1,1.79
2012-04-08,1,1.78
2012-04-13,1,1.88
2012-04-14,1,1.84
2012-04-15,1,2.22
2012-04-18,1,2.16
2012-04-19,1,1.82
2012-04-21,1,1.91
2012-04-22,1,1.75
2012-04-26,2,2.19
2012-04-29,1,2.1
2012-05-01,1,1.84
2012-05-02,2,2.03
2012-05-04,1,1.86
2012-05-05,1,2.6
2012-05-08,1,1.84
2012-05-09,1,1.73
2012-05-11,1,1.7
2012-05-13,3,2.63
2012-05-15,2,2.13
2012-05-18,2,1.78
2012-05-19,2,1.94
2012-05-20,2,2.11
2012-05-21,2,3.61
2012-05-24,1,3.17
2012-05-26,1,1.86
2012-05-27,4,3.43
2012-05-28,3,2.76
2012-05-29,4,2.64
2012-05-30,2,2.35
2012-05-31,1,2.13
2012-06-01,2,2.37
2012-06-03,1,1.91
2012-06-04,3,1.93
2012-06-05,1,2.36
2012-06-06,2,2.96
2012-06-07,1,2.04
2012-06-10,1,3.07
2012-06-11,2,1.79
2012-06-13,1,1.82
2012-06-14,1,1.96
2012-06-17,1,1.74
2012-06-23,1,2.21
2012-06-24,1,1.86
2012-06-26,1,2.35
2012-06-28,4,2.12
2012-06-30,1,1.78
2012-07-01,1,1.73
2012-07-02,1,2.25
2012-07-03,2,1.87
2012-07-09,2,1.96
2012-07-10,2,2.19
2012-07-14,1,1.93
2012-07-18,1,2.42
2012-07-20,1,1.78
2012-07-24,1,2.55
2012-07-27,2,2.72
2012-07-30,1,2.62
2012-07-31,1,2.81
2012-08-01,1,1.9
2012-08-02,5,2.92
2012-08-03,2,2.6
2012-08-04,2,2.97
2012-08-09,2,2.86
2012-08-10,4,2.82
2012-08-11,4,2.42
2012-08-12,2,1.88
2012-08-13,2,3.54
2012-08-14,1,2.5
2012-08-15,1,2.22
2012-08-16,1,1.73
2012-08-19,1,1.87
2012-08-20,1,2.61
2012-08-22,2,1.85
2012-08-23,1,1.75
2012-08-24,2,2.28
2012-08-25,1,3
2012-08-26,2,2.47
2012-08-27,3,3.31
2012-08-28,7,3.25
2012-08-29,5,3.47
2012-08-30,6,2.01
2012-08-31,1,2
2012-09-01,1,2.35
2012-09-03,1,2.22
2012-09-04,2,2.88
2012-09-06,1,2.08
2012-09-09,7,2.4
2012-09-10,1,2.45
2012-09-11,1,2.49
2012-09-12,1,1.72
2012-09-13,1,1.83
2012-09-15,1,2.19
2012-09-16,1,2.62
2012-09-17,5,2.48
2012-09-18,1,1.79
2012-09-19,4,2.48
2012-09-20,1,2.08
2012-09-21,2,2.16
2012-09-22,3,2.75
2012-09-23,6,2.77
2012-09-24,3,1.98
2012-09-25,3,2.82
2012-09-26,3,2.58
2012-10-01,2,2.53
2012-10-02,2,3.14
2012-10-03,1,1.93
2012-10-04,1,1.99
2012-10-05,2,3.47
2012-10-06,2,2.23
2012-10-07,2,2.12
2012-10-08,1,1.91
2012-10-09,1,1.99
2012-10-10,2,2.25
2012-10-11,2,2.06
2012-10-12,4,2.65
2012-10-13,2,2.16
2012-10-14,3,2.46
2012-10-15,5,2.47
2012-10-18,2,2.2
2012-10-19,2,1.83
2012-10-22,1,2.31
2012-10-23,1,1.97
2012-10-24,2,1.87
2012-10-25,2,1.9
2012-10-26,3,2.47
2012-10-28,4,2.39
2012-10-29,1,2.35
2012-10-30,2,2.85
2012-10-31,2,2.58
2012-11-01,1,1.73
2012-11-02,2,2.63
2012-11-05,1,1.85
2012-11-06,2,2.02
2012-11-07,1,2.35
2012-11-09,2,2.29
2012-11-12,2,2.58
2012-11-13,4,2.94
2012-11-16,1,2.7
2012-11-17,2,1.94
2012-11-18,3,2.41
2012-11-19,1,1.7
2012-11-20,4,1.87
2012-11-21,1,1.97
2012-11-22,2,1.87
2012-11-23,4,2.67
2012-11-25,1,1.8
2012-11-26,1,1.85
2012-11-27,3,2.99
2012-11-29,2,1.91
2012-11-30,7,3.69
2012-12-02,8,3.64
2012-12-03,4,2.72
2012-12-04,4,2.19
2012-12-05,4,2.99
2012-12-06,2,2.38
2012-12-07,3,2.51
2012-12-08,2,2.35
2012-12-09,2,2.69
2012-12-10,2,2.35
2012-12-11,3,2.57
2012-12-12,1,2.71
2012-12-13,2,1.92
2012-12-14,1,2.13
2012-12-15,1,2.38
2012-12-17,1,1.73
2012-12-19,1,1.9
2012-12-20,1,1.78
2012-12-23,1,1.85
2012-12-24,1,2.3
2012-12-25,1,1.8
2012-12-26,2,2.02
2012-12-28,1,2.15
2012-12-29,1,2.06
2012-12-30,5,3.45
2012-12-31,1,2.27
2013-01-01,2,1.81
2013-01-02,1,1.75
2013-01-03,1,2.24
2013-01-04,1,1.71
2013-01-07,1,1.84
2013-01-09,1,1.86
2013-01-10,3,2.3
2013-01-11,2,2.03
2013-01-13,1,1.91
2013-01-14,1,1.87
2013-01-16,7,3.59
2013-01-17,3,2.27
2013-01-18,2,2.35
2013-01-19,1,1.71
2013-01-21,4,2.08
2013-01-22,2,1.93
2013-01-23,1,1.75
2013-01-24,2,2.53
2013-01-25,1,1.83
2013-01-26,1,2.26
2013-01-28,1,1.93
2013-02-02,1,1.97
2013-02-03,2,2.68
2013-02-05,1,2.48
2013-02-06,1,1.9
2013-02-08,1,1.74
2013-02-11,1,2.68
2013-02-12,1,3
2013-02-14,4,3.01
2013-02-16,1,1.77
2013-02-17,1,1.74
2013-02-18,2,2.05
2013-02-19,3,2.82
2013-02-24,1,1.7
2013-02-25,1,2.08
2013-02-26,1,2.19
2013-03-01,4,4.14
2013-03-02,1,1.82
2013-03-03,2,1.93
2013-03-06,2,2.27
2013-03-09,2,1.85
2013-03-11,2,1.93
2013-03-12,3,1.99
2013-03-14,3,2.12
2013-03-15,1,1.85
2013-03-16,1,2.24
2013-03-20,1,2.01
2013-03-21,2,2.77
2013-03-22,1,2.5
2013-03-25,1,1.86
2013-03-26,3,2.17
2013-03-27,1,2.3
2013-03-28,4,2.58
2013-03-29,2,2.06
2013-03-30,2,1.97
2013-03-31,1,1.92
2013-04-01,1,1.84
2013-04-05,2,2.62
2013-04-06,5,2.44
2013-04-07,6,3.22
2013-04-08,5,2.92
2013-04-09,1,1.71
2013-04-10,1,1.71
2013-04-11,1,1.73
2013-04-12,1,2
2013-04-13,2,2.1
2013-04-14,1,2.67
2013-04-15,2,3.11
2013-04-16,3,2.7
2013-04-17,2,2.6
2013-04-20,1,1.98
2013-04-21,3,2.39
2013-04-23,2,2.23
2013-04-24,2,1.82
2013-04-25,2,2.56
2013-04-28,1,1.76
2013-04-29,1,1.76
2013-04-30,1,2.06
2013-05-01,3,3.17
2013-05-02,1,2.06
2013-05-03,4,2.19
2013-05-04,3,2.06
2013-05-05,4,2.42
2013-05-09,1,1.79
2013-05-10,1,1.9
2013-05-11,1,2
2013-05-14,1,2.08
2013-05-17,1,1.84
2013-05-20,1,2.09
2013-05-26,2,3.3
2013-05-28,2,2.34
2013-05-31,1,1.99
2013-06-01,2,3.17
2013-06-02,4,2.63
2013-06-04,2,2.5
2013-06-06,1,1.78
2013-06-07,2,2.31
2013-06-08,2,2.35
2013-06-09,1,2.35
2013-06-10,2,2.06
2013-06-11,3,2.61
2013-06-13,1,1.7
2013-06-15,1,1.83
2013-06-17,1,2.18
2013-06-21,1,1.89
2013-06-22,3,2.87
2013-06-24,2,2.01
2013-06-25,3,2.22
2013-06-26,2,2.47
2013-06-27,1,2.26
2013-06-29,1,1.77
2013-07-03,1,1.87
2013-07-06,1,1.7
2013-07-08,3,2.46
2013-07-09,1,1.89
2013-07-12,1,2.37
2013-07-15,1,1.98
2013-07-17,1,2.16
2013-07-18,1,1.89
2013-07-22,2,2.63
2013-07-23,2,1.91
2013-07-24,2,4.29
2013-07-25,1,1.9
2013-07-28,2,3.18
2013-07-30,2,2.83
2013-08-01,1,2.19
2013-08-02,2,1.84
2013-08-03,3,2.25
2013-08-04,7,3.91
2013-08-05,4,2.76
2013-08-07,2,1.89
2013-08-09,1,2.02
2013-08-10,2,2.31
2013-08-11,2,1.89
2013-08-12,2,3.75
2013-08-13,1,1.71
2013-08-14,1,2.33
2013-08-16,1,3.32
2013-08-20,2,3.09
2013-08-22,2,2.13
2013-08-24,1,2.81
2013-08-25,8,4.19
2013-08-26,1,2.23
2013-08-27,2,2.54
2013-08-28,1,1.83
2013-08-29,1,2.65
2013-08-30,2,2.47
2013-08-31,2,1.83
2013-09-01,1,1.85
2013-09-03,2,1.73
2013-09-04,2,2.26
2013-09-05,1,1.98
2013-09-06,1,2.04
2013-09-07,1,1.83
2013-09-09,2,2.78
2013-09-10,1,3.16
2013-09-11,2,2.24
2013-09-12,1,1.93
2013-09-14,1,1.82
2013-09-15,3,2.48
2013-09-17,2,2.17
2013-09-18,1,2.34
2013-09-19,1,2
2013-09-20,3,1.94
2013-09-21,2,2.51
2013-09-22,4,1.99
2013-09-23,2,2.81
2013-09-24,3,2.39
2013-09-25,2,1.81
2013-09-26,3,1.76
2013-09-27,1,2.26
2013-09-28,1,1.82
2013-09-30,1,1.96
2013-10-01,2,2.48
2013-10-02,2,2.07
2013-10-03,3,2.06
2013-10-05,2,2.41
2013-10-06,21,4.28
2013-10-07,4,2.6
2013-10-08,1,2.65
2013-10-09,1,1.89
2013-10-10,3,3.4
2013-10-11,2,1.96
2013-10-14,5,2.78
2013-10-15,2,3.17
2013-10-16,1,1.79
2013-10-18,1,2.27
2013-10-19,1,1.96
2013-10-20,1,1.77
2013-10-22,1,1.7
2013-10-24,1,1.91
2013-10-26,1,1.83
2013-10-30,1,2.18
2013-10-31,1,2.12
2013-11-01,2,2.23
2013-11-02,2,3.19
2013-11-03,2,2.44
2013-11-04,2,2.02
2013-11-06,3,2.43
2013-11-07,2,2.21
2013-11-11,1,1.82
2013-11-12,2,1.72
2013-11-13,1,1.7
2013-11-16,1,1.82
2013-11-17,2,1.73
2013-11-18,1,2.64
2013-11-19,2,2.24
2013-11-20,2,2.87
2013-11-21,1,2.24
2013-11-22,1,2.74
2013-11-23,2,2.23
2013-11-25,2,1.99
2013-11-27,1,1.72
2013-11-28,2,1.9
2013-11-29,2,2.23
2013-12-01,2,1.85
2013-12-03,1,1.76
2013-12-05,2,3.19
2013-12-06,2,2.61
2013-12-07,2,1.86
2013-12-08,1,1.85
2013-12-09,1,1.78
2013-12-10,1,1.7
2013-12-11,2,2.55
2013-12-12,4,2.82
2013-12-13,1,1.71
2013-12-14,1,1.76
2013-12-16,2,2.38
2013-12-19,2,2.03
2013-12-23,24,4.3
2013-12-24,3,1.91
2013-12-25,5,3.27
2013-12-26,1,2.54
2013-12-27,5,2.76
2013-12-28,1,1.84
2014-01-01,1,3.02
2014-01-03,1,1.88
2014-01-05,1,2.07
2014-01-06,1,1.77
2014-01-07,1,1.73
2014-01-08,2,2.57
2014-01-09,3,2.47
2014-01-10,2,1.88
2014-01-11,1,1.89
2014-01-13,1,2.27
2014-01-15,1,1.7
2014-01-16,1,1.77
2014-01-18,2,3.15
2014-01-25,1,2.01
2014-01-27,1,3.39
2014-01-29,3,2.84
2014-01-30,1,2.25
2014-01-31,1,1.75
2014-02-01,3,2.42
2014-02-05,2,2.22
2014-02-06,2,2.03
2014-02-08,1,1.95
2014-02-09,3,1.9
2014-02-10,2,2.84
2014-02-13,1,1.85
2014-02-15,2,2.45
2014-02-17,1,2.03
2014-02-18,3,2.44
2014-02-19,1,1.96
2014-02-20,4,3.68
2014-02-21,2,1.92
2014-02-22,1,1.94
2014-02-23,1,2.1
2014-02-24,1,1.82
2014-02-25,1,2.46
2014-02-26,1,1.72
2014-03-02,1,2.87
2014-03-03,1,2.04
2014-03-04,10,3.78
2014-03-05,8,2.92
2014-03-06,1,1.78
2014-03-07,2,3.13
2014-03-08,3,2.39
2014-03-09,3,3.13
2014-03-10,1,2.16
2014-03-11,2,2.62
2014-03-13,10,4.39
2014-03-14,2,2.55
2014-03-15,4,3.92
2014-03-16,1,1.84
2014-03-17,4,2.17
2014-03-18,1,2.43
2014-03-20,3,2.27
2014-03-21,1,1.87
2014-03-23,5,2.55
2014-03-24,2,1.94
2014-03-25,2,2.6
2014-03-26,6,3.15
2014-03-27,2,2.27
2014-03-28,1,2.04
2014-03-29,1,2.24
2014-03-30,5,2.87
2014-03-31,3,2.61
2014-04-01,1,1.88
2014-04-02,2,2.09
2014-04-03,2,1.81
2014-04-05,1,1.83
2014-04-06,1,2.33
2014-04-07,1,1.79
2014-04-08,2,3.01
2014-04-09,1,2.42
2014-04-10,1,1.86
2014-04-11,2,2.24
2014-04-13,1,2.37
2014-04-17,1,2.17
2014-04-18,2,2.1
2014-04-19,2,4.24
2014-04-20,2,3.14
2014-04-21,1,2.16
2014-04-23,1,2.02
2014-04-24,1,1.7
2014-04-27,1,1.85
2014-04-28,3,2.54
2014-04-29,2,2.83
2014-04-30,1,2.65
2014-05-03,1,2.1
2014-05-04,1,2.39
2014-05-06,2,3.51
2014-05-07,4,2.55
2014-05-10,1,2.27
2014-05-12,2,1.98
2014-05-13,1,1.79
2014-05-14,2,1.81
2014-05-15,1,2.09
2014-05-18,2,2.41
2014-05-24,1,1.85
2014-05-26,1,2.16
2014-05-27,2,3.03
2014-05-28,1,1.74
2014-05-31,1,2.6
2014-06-02,1,2.6
2014-06-03,3,2.61
2014-06-04,2,2.1
2014-06-05,3,3.12
2014-06-06,1,1.85
2014-06-07,3,2.11
2014-06-08,1,1.7
2014-06-09,1,2.11
2014-06-10,2,2.06
2014-06-11,2,3.62
2014-06-12,2,2.85
2014-06-13,1,1.89
2014-06-14,2,2.28
2014-06-15,2,3.01
2014-06-16,2,2.85
2014-06-17,1,1.9
2014-06-19,3,2.13
2014-06-21,1,2.2
2014-06-26,1,1.73
2014-06-27,1,3.78
2014-06-28,1,3.03
2014-06-29,1,1.85
2014-06-30,1,3.1
2014-07-01,7,3.03
2014-07-02,8,3.1
2014-07-03,2,1.95
2014-07-04,6,2.65
2014-07-05,3,3.01
2014-07-06,7,3.4
2014-07-07,2,1.85
2014-07-08,2,1.97
2014-07-09,1,3.63
2014-07-12,1,1.77
2014-07-14,3,2.65
2014-07-15,1,2.07
2014-07-17,1,2.04
2014-07-18,1,2.73
2014-07-19,1,2.03
2014-07-20,2,3.24
2014-07-23,1,1.75
2014-07-25,1,1.8
2014-07-26,1,1.75
2014-07-27,3,2.77
2014-07-28,1,1.88
2014-07-29,1,1.89
2014-07-30,2,2.74
2014-07-31,2,2.37
2014-08-03,2,2.82
2014-08-06,2,2.17
2014-08-07,1,1.97
2014-08-09,1,3.17
2014-08-11,1,1.84
2014-08-12,3,3.16
2014-08-14,1,2.29
2014-08-18,1,2.16
2014-08-19,1,2.03
2014-08-20,1,2.47
2014-08-21,2,1.98
2014-08-25,1,1.9
2014-08-27,1,1.75
2014-08-30,3,2.35
2014-09-01,2,1.81
2014-09-02,1,1.71
2014-09-05,2,2.57
2014-09-07,2,2.08
2014-09-08,4,3.64
2014-09-09,3,1.98
2014-09-10,2,2.21
2014-09-11,1,2.21
2014-09-12,2,3.3
2014-09-13,2,1.82
2014-09-15,8,3.18
2014-09-16,3,2.15
2014-09-17,4,2.33
2014-09-20,1,3.1
2014-09-21,1,1.9
2014-09-22,1,1.86
2014-09-23,1,1.86
2014-09-25,1,2.8
2014-09-28,1,2.12
2014-10-04,2,2.04
2014-10-06,1,3.68
2014-10-07,1,1.96
2014-10-10,1,2.49
2014-10-11,1,1.94
2014-10-12,1,1.71
2014-10-13,2,2.39
2014-10-14,1,1.83
2014-10-15,1,2.42
2014-10-17,1,3.09
2014-10-19,1,2.58
2014-10-20,1,2.23
2014-10-22,1,1.7
2014-10-23,2,2.07
2014-10-25,5,3.61
2014-10-28,2,2.43
2014-10-29,1,2.4
2014-10-30,2,3.01
2014-11-01,2,2.13
2014-11-06,3,2.06
2014-11-07,1,1.78
2014-11-08,1,2
2014-11-09,2,2.01
2014-11-13,2,2.09
2014-11-16,2,2.69
2014-11-17,2,1.94
2014-11-18,1,2.93
2014-11-19,3,2.01
2014-11-21,2,2.38
2014-11-22,1,2.06
2014-11-23,1,1.9
2014-11-24,2,2.6
2014-11-25,1,1.95
2014-12-01,1,1.95
2014-12-02,1,2.26
2014-12-06,3,3.46
2014-12-07,2,3.09
2014-12-08,2,2.38
2014-12-10,1,1.91
2014-12-14,1,1.81
2014-12-15,1,1.87
2014-12-16,1,2.1
2014-12-19,2,2.14
2014-12-21,1,2.12
2014-12-25,1,2.28
2014-12-26,2,2.39
2014-12-29,1,1.92
2014-12-30,1,3.47
2014-12-31,4,3.11
2015-01-03,3,2.77
2015-01-04,5,4.25
2015-01-05,2,2.6
2015-01-06,2,1.76
2015-01-07,2,2.02
2015-01-08,1,1.86
2015-01-10,1,2.45
2015-01-11,1,1.8
2015-01-14,3,2.49
2015-01-16,1,2.37
2015-01-20,2,1.83
2015-01-21,1,2.4
2015-01-22,2,1.88
2015-01-24,1,1.98
2015-01-25,2,1.93
2015-01-27,3,3.45
2015-01-28,3,2.85
2015-01-29,2,2.27
2015-01-30,1,2.45
2015-01-31,1,2.51
2015-02-02,1,2.66
2015-02-03,2,2.46
2015-02-04,1,1.91
2015-02-05,2,2.6
2015-02-07,1,2.69
2015-02-08,3,2.36
2015-02-10,1,1.72
2015-02-11,1,1.77
2015-02-13,1,1.91
2015-02-15,1,2.19
2015-02-16,4,2.03
2015-02-17,1,2.07
2015-02-18,1,1.89
2015-02-20,2,2.6
2015-02-22,2,2.02
2015-02-26,1,1.95
2015-02-27,1,1.8
2015-02-28,3,1.93
2015-03-02,1,1.7
2015-03-04,2,2.05
2015-03-05,3,2.22
2015-03-06,1,1.86
2015-03-08,3,1.95
2015-03-10,3,2.29
2015-03-11,6,2.42
2015-03-13,2,2
2015-03-14,1,3.2
2015-03-15,1,1.83
2015-03-16,1,1.72
2015-03-17,1,1.76
2015-03-19,1,2.39
2015-03-21,1,2.39
2015-03-23,2,2.16
2015-03-24,2,3.56
2015-03-25,4,2.61
2015-03-28,1,1.93
2015-03-30,4,4.04
2015-03-31,1,1.84
2015-04-01,5,2.38
2015-04-02,3,2.37
2015-04-03,1,1.82
2015-04-04,2,2.26
2015-04-05,1,1.76
2015-04-06,1,1.72
2015-04-07,5,2.35
2015-04-10,2,1.92
2015-04-12,2,2.35
2015-04-13,1,2.34
2015-04-14,1,1.94
2015-04-15,1,1.81
2015-04-23,3,2.33
2015-04-24,4,2.56
2015-04-25,2,2.62
2015-04-26,1,2.15
2015-04-27,3,2.57
2015-04-29,2,2.18
2015-04-30,1,2.47
2015-05-01,2,2.41
2015-05-02,1,2.5
2015-05-05,2,2.6
2015-05-06,2,2.18
2015-05-07,2,2.32
2015-05-09,3,2.65
2015-05-10,1,1.89
2015-05-18,1,2.63
2015-05-21,2,1.92
2015-05-22,1,1.94
2015-05-24,1,2.45
2015-05-26,2,2.02
2015-05-27,2,2.58
2015-05-28,1,1.72
2015-05-29,4,2.67
2015-05-30,1,2.25
2015-06-01,4,2.9
2015-06-02,7,3.51
2015-06-03,1,1.73
2015-06-04,2,3.52
2015-06-05,1,3.31
2015-06-06,1,1.83
2015-06-07,1,1.7
2015-06-08,8,2.94
2015-06-10,5,2.54
2015-06-11,1,1.96
2015-06-13,2,2.29
2015-06-14,1,3.63
2015-06-18,1,1.99
2015-06-19,3,2.62
2015-06-20,2,2.67
2015-06-23,1,1.83
2015-06-25,2,2.28
2015-06-26,1,2.52
2015-06-29,3,2.24
2015-06-30,3,2.17
2015-07-03,1,1.72
2015-07-04,2,1.79
2015-07-05,2,2.94
2015-07-07,1,1.89
2015-07-09,1,1.95
2015-07-10,1,1.96
2015-07-11,1,1.76
2015-07-14,1,2.54
2015-07-15,1,2.17
2015-07-21,1,1.85
2015-07-22,1,2.88
2015-07-23,1,1.75
2015-07-24,1,1.7
2015-07-26,1,1.7
2015-07-27,1,2.57
2015-08-06,1,1.94
2015-08-08,1,1.83
2015-08-09,3,2.56
2015-08-11,1,1.87
2015-08-12,2,1.78
2015-08-15,1,1.8
2015-08-18,1,1.75
2015-08-23,1,2.65
2015-08-26,1,2.15
2015-08-31,1,1.84
2015-09-02,1,1.76
2015-09-04,1,2.42
2015-09-07,2,1.79
2015-09-11,1,1.78
2015-09-12,1,1.91
2015-09-14,2,2.25
2015-09-15,4,2.8
2015-09-19,2,2.03
2015-09-21,1,1.88
2015-09-22,1,1.77
2015-09-24,1,1.93
2015-09-25,1,2.56
2015-09-27,1,1.81
2015-09-29,1,1.77
2015-09-30,2,1.99
2015-10-01,1,1.8
2015-10-03,2,2.74
2015-10-04,3,2.09
2015-10-05,2,2.41
2015-10-10,1,1.96
2015-10-12,1,2.23
2015-10-15,2,2.44
2015-10-16,2,2.26
2015-10-17,1,1.83
2015-10-20,1,1.75
2015-10-21,1,1.89
2015-10-22,1,1.75
2015-10-24,1,2.05
2015-10-25,1,1.82
2015-10-26,1,2.05
2015-10-30,1,1.73
2015-11-01,1,2.85
2015-11-02,1,2.65
2015-11-06,2,2.58
2015-11-07,3,2.47
2015-11-09,3,2.89
2015-11-12,2,2.67
2015-11-18,1,2.3
2015-11-19,1,2.1
2015-11-20,1,2.12
2015-11-24,1,2.18
2015-11-25,2,2.36
2015-11-26,2,2.48
2015-11-27,1,2.09
2015-11-30,1,2.6
2015-12-02,1,1.79
2015-12-05,2,2.02
2015-12-06,2,2.64
2015-12-07,1,1.83
2015-12-08,2,2.34
2015-12-16,2,1.83
2015-12-18,1,1.93
2015-12-19,3,2.38
2015-12-21,2,1.75
2015-12-23,1,1.8
2015-12-24,1,1.88
2015-12-26,6,3.78
2015-12-27,3,4.25
2015-12-28,2,1.8
2015-12-29,2,3
2015-12-30,2,2.28
2016-01-01,3,2.45
2016-01-02,1,2.13
2016-01-03,1,2.7
2016-01-04,1,1.75
2016-01-07,2,1.78
2016-01-08,1,2.44
2016-01-10,1,1.94
2016-01-12,5,2.88
2016-01-13,6,2.6
2016-01-14,8,3.61
2016-01-15,2,2.5
2016-01-16,5,2.92
2016-01-17,2,2.09
2016-01-18,1,1.83
2016-01-19,10,3.65
2016-01-20,6,3.16
2016-01-21,2,2.57
2016-01-22,2,2.01
2016-01-24,8,4.11
2016-01-25,4,2.23
2016-01-26,1,2.41
2016-01-27,1,2.49
2016-01-28,1,2.01
2016-01-30,2,2.26
2016-02-01,3,2.52
2016-02-02,2,2.87
2016-02-04,1,2.87
2016-02-05,2,1.86
2016-02-07,2,2.58
2016-02-08,1,2.19
2016-02-10,2,2.07
2016-02-11,1,2.41
2016-02-15,2,2.09
2016-02-17,1,2.88
2016-02-18,3,2.79
2016-02-20,7,4.31
2016-02-21,2,2.09
2016-02-23,9,4.1
2016-02-24,4,2.77
2016-02-25,3,2.2
2016-02-26,2,1.98
2016-02-27,3,1.9
2016-02-28,2,2.74
2016-02-29,2,2.15
2016-03-03,4,2.83
2016-03-05,2,1.88
2016-03-06,6,2.47
2016-03-08,3,1.92
2016-03-09,1,2.17
2016-03-11,1,1.75
2016-03-12,4,2.77
2016-03-15,1,1.7
2016-03-16,4,2.47
2016-03-17,3,2.62
2016-03-18,5,3.11
2016-03-20,5,2.55
2016-03-21,2,1.73
2016-03-22,3,2.1
2016-03-23,1,1.83
2016-03-24,2,2.26
2016-03-25,1,2.88
2016-03-29,1,2.39
2016-03-30,3,2.47
2016-03-31,4,2.2
2016-04-02,1,2.37
2016-04-03,1,1.93
2016-04-05,1,1.99
2016-04-06,2,3.21
2016-04-10,2,1.82
2016-04-12,2,3.11
2016-04-13,2,2.16
2016-04-15,1,2.85
2016-04-17,2,2.09
2016-04-19,1,1.9
2016-04-20,2,2.74
2016-04-23,5,2.67
2016-04-28,2,2.49
2016-04-30,2,2.15
2016-05-01,1,2.1
2016-05-06,1,1.8
2016-05-07,1,1.75
2016-05-09,3,2.13
2016-05-10,2,2.09
2016-05-12,3,2.43
2016-05-13,1,3.49
2016-05-14,1,2.13
2016-05-15,1,2.92
2016-05-16,1,2.03
2016-05-20,1,1.73
2016-05-26,1,1.8
2016-05-28,1,2.08
2016-05-29,1,1.98
2016-05-30,1,2.28
2016-06-02,14,3.31
2016-06-03,5,2.31
2016-06-04,1,2.08
2016-06-05,1,2.03
2016-06-07,1,2.61
2016-06-09,3,2.14
2016-06-10,2,1.9
2016-06-11,1,1.72
2016-06-13,2,1.82
2016-06-17,4,2.74
2016-06-18,2,2.08
2016-06-20,1,2.02
2016-06-21,1,2.52
2016-06-24,1,2.14
2016-06-25,2,2.09
2016-06-26,1,2.01
2016-06-27,2,2.27
2016-06-29,5,2.92
2016-06-30,2,1.91
2016-07-01,2,2.18
2016-07-02,3,2.25
2016-07-06,1,1.91
2016-07-09,1,1.74
2016-07-10,2,2.36
2016-07-11,7,3
2016-07-12,7,2.55
2016-07-14,3,2.31
2016-07-15,2,2.68
2016-07-21,1,1.88
2016-07-25,1,2.01
2016-07-29,1,1.8
2016-07-31,1,1.95
2016-08-03,1,2.21
2016-08-09,1,2.78
2016-08-11,1,1.84
2016-08-12,1,1.79
2016-08-13,2,2.49
2016-08-14,2,1.99
2016-08-15,1,1.74
2016-08-18,6,3.53
2016-08-19,1,2.58
2016-08-20,2,3.08
2016-08-21,1,2.09
2016-08-25,5,2.23
2016-08-27,2,2.94
2016-08-28,1,2.66
2016-08-29,1,2.4
2016-09-02,1,1.91
2016-09-03,2,3.47
2016-09-06,2,2.24
2016-09-09,1,1.78
2016-09-10,1,1.92
2016-09-22,1,2.7
2016-09-25,1,3.37
2016-09-27,1,2.07
2016-09-28,4,2.33
2016-09-29,4,3.04
2016-09-30,1,1.72
2016-10-04,1,2.19
2016-10-05,3,2.47
2016-10-06,2,2.31
2016-10-08,2,2.25
2016-10-10,1,2.45
2016-10-15,1,1.7
2016-10-16,1,1.7
2016-10-17,1,2.83
2016-10-20,1,1.7
2016-10-22,1,2.23
2016-10-30,4,2.8
2016-10-31,2,1.99
2016-11-01,1,2.22
2016-11-02,3,2.55
2016-11-03,4,2.55
2016-11-08,1,2.22
2016-11-10,1,2.43
2016-11-12,1,2.46
2016-11-17,2,2.59
2016-11-18,1,2.35
2016-11-20,3,2.74
2016-11-21,3,2.61
2016-11-24,1,1.96
2016-11-25,3,2.55
2016-11-26,1,1.82
2016-11-28,3,2.87
2016-11-29,3,2.53
2016-11-30,1,2.01
2016-12-01,1,1.75
2016-12-06,2,2.09
2016-12-07,5,1.86
2016-12-08,2,2.39
2016-12-09,2,2.57
2016-12-10,1,1.92
2016-12-12,1,1.79
2016-12-13,1,1.82
2016-12-14,1,1.77
2016-12-16,2,2
2016-12-26,2,2.87
2016-12-27,1,1.83
2016-12-28,1,1.73
2016-12-29,1,1.81
2017-01-02,1,2.67
2017-01-04,1,2.52
2017-01-06,1,2.45
2017-01-07,3,2.42
2017-01-08,1,2.81
2017-01-09,1,2.21
2017-01-15,1,1.75
2017-01-16,1,1.99
2017-01-17,1,1.82
2017-01-22,1,1.99
2017-01-30,1,1.77
2017-01-31,2,2.77
2017-02-02,1,1.7
2017-02-05,2,2.2
2017-02-07,1,1.7
2017-02-09,3,2.48
2017-02-14,2,1.94
2017-02-15,1,3.39
2017-02-19,1,1.96
2017-02-20,1,1.97
2017-02-28,3,2.16
2017-03-01,1,2.42
2017-03-03,1,2.09
2017-03-04,3,2.32
2017-03-06,1,1.98
2017-03-09,2,2.21
2017-03-11,1,2.32
2017-03-12,1,2.5
2017-03-13,1,2.24
2017-03-16,1,1.86
2017-03-18,1,1.73
2017-03-20,1,1.97
2017-03-24,1,2.16
2017-03-25,2,2.44
2017-03-26,1,2.5
2017-03-27,1,3.56
2017-03-29,1,1.74
2017-03-30,2,2.86
2017-03-31,1,1.87
2017-04-05,3,2.58
2017-04-06,1,1.92
2017-04-07,2,1.8
2017-04-09,1,2.56
2017-04-11,2,2.17
2017-04-12,1,2.09
2017-04-17,1,1.71
2017-04-22,1,1.94
2017-04-23,1,2.1
2017-04-24,1,3.13
2017-04-30,1,1.96
2017-05-07,1,2.77
2017-05-10,3,2.36
2017-05-13,2,2.99
2017-05-16,2,1.74
2017-05-18,1,1.83
2017-05-20,1,2
2017-05-21,2,2.09
2017-05-25,3,3.71
2017-05-26,1,1.86
2017-05-27,1,1.91
2017-05-29,3,2.03
2017-05-30,1,3.45
2017-05-31,2,1.9
2017-06-04,1,3.64
2017-06-06,4,2.08
2017-06-08,6,3.25
2017-06-11,3,2.86
2017-06-13,1,2.05
2017-06-14,1,1.81
2017-06-16,2,2
2017-06-17,1,1.76
2017-06-18,1,2.98
2017-06-19,1,1.9
2017-06-23,1,1.74
2017-06-24,1,1.77
2017-06-26,1,1.76
2017-06-27,2,1.96
2017-07-03,2,2.08
2017-07-04,2,3.19
2017-07-05,1,2.4
2017-07-06,1,1.89
2017-07-07,2,1.93
2017-07-08,1,2.23
2017-07-09,2,2.03
2017-07-11,2,2.23
2017-07-12,1,1.75
2017-07-16,1,3.43
2017-07-21,1,2.64
2017-07-22,3,1.92
2017-07-23,2,2.74
2017-07-24,3,2.51
2017-07-26,1,2.12
2017-07-28,4,3.47
2017-07-29,1,2.32
2017-08-01,2,2.17
2017-08-02,1,1.71
2017-08-05,1,1.83
2017-08-08,2,2.21
2017-08-11,2,2.18
2017-08-14,1,1.81
2017-08-16,2,2.21
2017-08-17,1,2.17
2017-08-18,1,2.72
2017-08-22,5,4.12
2017-08-23,2,1.94
2017-08-24,1,1.82
2017-08-26,1,2.49
2017-08-27,3,3.43
2017-08-29,1,1.78
2017-09-02,3,2.97
2017-09-03,1,1.9
2017-09-04,1,2.02
2017-09-05,1,2.43
2017-09-10,1,1.83
2017-09-11,3,2.29
2017-09-13,1,2.3
2017-09-16,1,1.72
2017-09-18,2,2.36
2017-09-19,4,3.65
2017-09-20,1,1.86
2017-09-21,3,2.27
2017-09-22,2,1.8
2017-09-23,2,2.34
2017-09-27,1,1.8
2017-10-01,1,1.75
2017-10-03,1,1.7
2017-10-05,3,2.12
2017-10-07,2,2.21
2017-10-08,1,2.29
2017-10-09,3,2.48
2017-10-12,2,2.03
2017-10-13,2,1.88
2017-10-14,1,2.07
2017-10-16,1,1.78
2017-10-17,2,2.18
2017-10-18,2,2.15
2017-10-22,1,1.73
2017-10-29,1,1.91
2017-10-30,1,1.81
2017-10-31,1,2.05
2017-11-03,1,1.73
2017-11-08,1,1.92
2017-11-09,1,2.17
2017-11-10,2,1.92
2017-11-16,1,1.73
2017-11-17,2,2.91
2017-11-19,1,1.8
2017-11-20,1,2.02
2017-11-21,5,2.97
2017-11-23,2,2.87
2017-11-25,1,2.01
2017-11-26,1,1.93
2017-11-29,2,3.11
2017-11-30,1,1.77
2017-12-04,2,2.5
2017-12-06,2,2.9
2017-12-08,1,1.84
2017-12-10,1,1.91
2017-12-11,2,1.96
2017-12-12,2,2.02
2017-12-13,1,2.34
2017-12-18,1,1.99
2017-12-20,7,2.96
2017-12-21,3,2.01
2017-12-22,1,2.65
2017-12-25,1,3.05
2017-12-27,1,1.92
2017-12-29,1,2.83
2018-01-02,1,2.56
2018-01-03,2,2.7
2018-01-05,1,1.94
2018-01-09,1,2.43
2018-01-12,1,2.68
2018-01-13,1,1.82
2018-01-14,2,3.71
2018-01-15,1,2.48
2018-01-16,1,2.15
2018-01-21,1,2.1
2018-01-22,1,2.95
2018-01-26,1,2.45
2018-01-29,1,1.95
2018-02-03,2,1.81
2018-02-04,5,2.7
2018-02-10,1,2.14
2018-02-13,1,2.13
2018-02-14,1,2.4
2018-02-15,1,3.31
2018-02-18,1,2.15
2018-02-21,2,2.24
2018-02-24,1,2.77
2018-02-26,2,2.15
2018-02-27,1,2.34
2018-03-01,3,2.83
2018-03-02,2,2.52
2018-03-03,2,2.34
2018-03-07,1,1.8
2018-03-08,1,2.11
2018-03-09,2,2.1
2018-03-11,2,2.69
2018-03-13,1,2.64
2018-03-14,1,2.77
2018-03-17,1,1.85
2018-03-22,2,3.04
2018-03-23,3,3.06
2018-03-24,2,1.75
2018-03-25,2,2.34
2018-03-26,1,2.17
2018-03-27,1,2.17
2018-03-30,1,2.19
2018-04-01,4,2.28
2018-04-02,1,2.01
2018-04-03,2,2.84
2018-04-04,1,2.17
2018-04-05,1,2.03
2018-04-06,1,1.72
2018-04-12,1,1.84
2018-04-13,3,3.69
2018-04-16,1,1.72
2018-04-22,1,2.07
2018-04-23,1,1.91
2018-04-25,2,2.87
2018-04-26,1,2.22
2018-04-27,1,1.97
2018-04-30,1,2.17
2018-05-01,3,1.99
2018-05-02,2,2.03
2018-05-04,1,2.09
2018-05-13,1,1.87
2018-05-14,1,2.16
2018-05-16,2,1.98
2018-05-17,1,2.23
2018-05-18,1,2.11
2018-05-21,4,2.5
2018-05-22,2,2.16
2018-05-23,1,2.2
2018-05-24,1,2.01
2018-05-29,1,2.25
2018-06-03,1,1.87
2018-06-04,1,2.26
2018-06-09,2,2.48
2018-06-10,1,1.85
2018-06-19,3,2.14
2018-06-20,1,3.32
2018-06-21,1,1.74
2018-06-22,1,1.84
2018-06-24,1,2.1
2018-06-25,4,2.64
2018-06-27,2,2.29
2018-06-29,1,1.81
2018-06-30,5,3.13
2018-07-03,2,1.99
2018-07-04,2,2.54
2018-07-07,1,3.55
2018-07-08,1,1.85
2018-07-09,1,2.13
2018-07-12,3,2.13
2018-07-15,1,1.76
2018-07-17,2,2.14
2018-07-18,2,2.69
2018-07-21,3,2.84
2018-07-22,3,2.18
2018-07-23,1,1.81
2018-07-26,2,1.83
2018-07-28,3,1.9
2018-07-30,3,2.53
2018-08-01,2,2.5
2018-08-04,1,1.83
2018-08-08,1,1.97
2018-08-09,1,1.74
2018-08-11,1,1.82
2018-08-12,1,1.84
2018-08-13,1,1.76
2018-08-16,1,2
2018-08-18,1,1.87
2018-08-19,2,1.94
2018-08-20,1,2
2018-08-21,1,1.83
2018-08-22,1,2.38
2018-08-24,1,2.39
2018-08-26,1,1.88
2018-08-31,2,2
2018-09-04,1,2.07
2018-09-05,1,1.93
2018-09-13,2,1.85
2018-09-14,1,1.93
2018-09-16,2,2.7
2018-09-19,1,1.96
2018-09-21,1,1.91
2018-09-28,1,3.18
2018-09-29,2,1.9
2018-10-01,2,1.77
2018-10-04,1,1.71
2018-10-08,2,3.23
2018-10-12,3,2.39
2018-10-15,2,2.44
2018-10-16,2,2.17
2018-10-17,1,1.77
2018-10-20,1,1.79
2018-10-21,1,2.43
2018-10-22,1,1.75
2018-10-23,2,2.47
2018-10-24,1,1.99
2018-10-25,3,3.02
2018-10-27,2,3.07
2018-10-29,1,1.81
2018-10-30,2,2.19
2018-10-31,1,2.48
2018-11-01,2,1.86
2018-11-04,2,1.75
2018-11-05,2,1.94
2018-11-06,2,3.48
2018-11-07,1,1.71
2018-11-09,1,2.98
2018-11-12,4,2.38
2018-11-13,1,1.93
2018-11-14,1,2.64
2018-11-15,1,1.98
2018-11-18,1,1.89
2018-11-23,1,2.01
2018-11-24,1,1.95
2018-11-25,1,1.85
2018-11-26,1,2.48
2018-11-27,1,1.85
2018-11-28,2,2.19
2018-11-29,2,2.57
2018-11-30,4,2.36
2018-12-02,1,1.8
2018-12-05,4,4.2
2018-12-07,1,2.11
2018-12-08,1,2.39
2018-12-09,1,1.82
2018-12-10,1,1.76
2018-12-11,3,2.69
2018-12-12,3,2.12
2018-12-13,1,1.82
2018-12-15,2,2.2
2018-12-16,1,1.94
2018-12-17,2,3.62
2018-12-18,1,1.91
2018-12-19,2,1.96
2018-12-22,1,1.75
2018-12-23,1,1.72
2018-12-26,1,1.71
2019-01-02,1,2.29
2019-01-03,1,2.1
2019-01-05,1,1.85
2019-01-06,1,2.36
2019-01-07,2,2.64
2019-01-09,2,2.11
2019-01-11,1,2.84
2019-01-19,1,1.96
2019-01-21,1,1.9
2019-01-22,1,1.91
2019-01-23,1,2.83
2019-01-24,3,2.23
2019-01-29,1,1.84
2019-01-31,3,3.17
2019-02-05,2,1.84
2019-02-06,1,2.46
2019-02-07,31,3.97
2019-02-08,10,2.94
2019-02-09,1,2.09
2019-02-10,3,2.91
2019-02-14,1,1.71
2019-02-16,3,2.3
2019-02-17,2,3.43
2019-02-20,4,2.17
2019-02-21,1,2.4
2019-02-22,1,1.8
2019-02-23,1,1.8
2019-02-25,1,1.91
2019-02-26,1,1.94
2019-02-27,1,2.06
2019-02-28,1,2.82
2019-03-02,1,1.78
2019-03-03,3,2.27
2019-03-06,1,2
2019-03-13,2,1.95
2019-03-14,2,2.41
2019-03-15,2,2.15
2019-03-16,2,1.87
2019-03-17,2,1.85
2019-03-18,4,2.71
2019-03-19,5,2.29
2019-03-20,5,3.2
2019-03-22,4,2.51
2019-03-25,2,1.78
2019-03-26,1,1.8
2019-03-27,1,2.37
2019-03-30,1,1.75
2019-03-31,1,1.87
2019-04-01,1,2.13
2019-04-02,3,2.82
2019-04-03,1,2.18
2019-04-05,1,2.06
2019-04-07,3,2.31
2019-04-12,7,2.29
2019-04-13,2,2.65
2019-04-14,2,2.22
2019-04-15,1,1.77
2019-04-16,1,1.71
2019-04-17,1,2.09
2019-04-18,2,2.11
2019-04-20,2,1.9
2019-04-21,1,1.79
2019-04-22,2,3.3
2019-04-24,1,2.2
2019-04-25,1,1.82
2019-04-27,2,2.37
2019-04-28,1,1.99
2019-04-29,1,2.34
2019-05-02,4,2.37
2019-05-03,1,2.31
2019-05-07,2,2
2019-05-09,1,2.36
2019-05-10,2,2.83
2019-05-11,4,2.61
2019-05-13,3,3.08
2019-05-14,2,1.97
2019-05-15,1,2.13
2019-05-16,1,1.84
2019-05-17,1,1.76
2019-05-19,1,1.9
2019-05-20,2,2.91
2019-05-22,3,3.32
2019-05-24,2,2.02
2019-05-25,6,2.17
2019-05-26,1,2.15
2019-05-27,1,2.33
2019-05-28,12,2.64
2019-05-29,10,2.62
2019-05-31,2,2.17
2019-06-05,3,2.9
2019-06-06,3,2.63
2019-06-10,1,3.46
2019-06-11,1,2.09
2019-06-12,1,2.17
2019-06-13,5,2.28
2019-06-15,3,1.93
2019-06-16,2,3.26
2019-06-17,1,1.77
2019-06-18,1,2.16
2019-06-19,2,3.15
2019-06-21,3,2.17
2019-06-22,1,2.28
2019-06-24,1,1.77
2019-06-25,1,2.04
2019-06-26,1,1.89
2019-06-27,1,2.32
2019-06-28,2,2.2
2019-06-30,1,2.07
2019-07-02,15,3.44
2019-07-03,4,2.42
2019-07-04,525,6.4
2019-07-05,527,5.37
2019-07-06,2731,7.1
2019-07-07,987,4.53
2019-07-08,632,3.9
2019-07-09,464,3.58
2019-07-10,420,4.18
2019-07-11,418,4.52
2019-07-12,327,4.9
2019-07-13,222,3.83
2019-07-14,202,3.4
2019-07-15,178,4.21
2019-07-16,162,4.47
2019-07-17,160,4.37
2019-07-18,152,4.64
2019-07-19,142,3.65
2019-07-20,108,3.67
2019-07-21,88,3.36
2019-07-22,86,3.14
2019-07-23,90,4.15
2019-07-24,74,3.75
2019-07-25,48,3.23
2019-07-26,106,4.74
2019-07-27,59,3.91
2019-07-28,67,3.47
2019-07-29,58,3.53
2019-07-30,65,3.5
2019-07-31,35,3.1
2019-08-01,47,3.17
2019-08-02,42,3.47
2019-08-03,38,2.83
2019-08-04,39,3.3
2019-08-05,39,2.67
2019-08-06,28,2.79
2019-08-07,35,3.27
2019-08-08,26,2.89
2019-08-09,45,3.16
2019-08-10,31,2.72
2019-08-11,29,3.22
2019-08-12,27,2.84
2019-08-13,24,2.76
2019-08-14,39,3.75
2019-08-15,39,3.92
2019-08-16,37,3.29
2019-08-17,18,3.04
2019-08-18,31,3.47
2019-08-19,27,3.54
2019-08-20,20,3.18
2019-08-21,29,3.41
2019-08-22,53,4.89
2019-08-23,49,4.33
2019-08-24,19,3.45
2019-08-25,18,3.13
2019-08-26,29,2.89
2019-08-27,22,2.62
2019-08-28,24,3.29
2019-08-29,20,2.9
2019-08-30,17,2.72
2019-08-31,15,2.72
2019-09-01,19,2.82
2019-09-02,10,2.51
2019-09-03,24,3.47
2019-09-04,11,2.54
2019-09-05,16,2.48
2019-09-06,12,2.77
2019-09-07,16,2.95
2019-09-08,24,3.59
2019-09-09,10,2.8
2019-09-10,21,2.96
2019-09-11,16,2.54
2019-09-12,11,2.43
2019-09-13,14,2.52
2019-09-14,10,2.11
2019-09-15,14,2.21
2019-09-16,13,2.49
2019-09-17,15,2.72
2019-09-18,9,2.5
2019-09-19,8,2.58
2019-09-20,20,2.9
2019-09-21,6,3.44
2019-09-22,9,2.18
2019-09-23,14,3.32
2019-09-24,5,3.55
2019-09-25,18,2.7
2019-09-26,9,3.27
2019-09-27,18,3.23
2019-09-28,12,2.99
2019-09-29,11,3.44
2019-09-30,12,2.88
2019-10-01,15,3.59
2019-10-02,9,2.92
2019-10-03,7,2.15
2019-10-04,12,2.4
2019-10-05,8,2.77
2019-10-06,9,2.39
2019-10-07,10,2.53
2019-10-08,11,2.74
2019-10-09,10,2.63
2019-10-10,9,2.32
2019-10-11,7,2.79
2019-10-12,7,2.3
2019-10-13,9,3.07
2019-10-14,8,2.88
2019-10-15,12,2.72
2019-10-16,10,2.82
2019-10-17,8,3.02
2019-10-18,11,3.76
2019-10-19,9,2.46
2019-10-20,9,2.72
2019-10-21,14,3.58
2019-10-22,9,2.71
2019-10-23,5,3.02
2019-10-24,6,2.21
2019-10-25,5,2.3
2019-10-26,11,3.06
2019-10-27,14,2.95
2019-10-28,5,2.48
2019-10-29,13,2.91
2019-10-30,7,3.58
2019-10-31,12,2.9
2019-11-01,10,2.45
2019-11-02,9,2.47
2019-11-03,18,3.53
2019-11-04,4,2.24
2019-11-05,9,3.12
2019-11-06,7,2.2
2019-11-07,12,3.47
2019-11-08,11,2.51
2019-11-09,8,2.73
2019-11-10,5,2.82
2019-11-11,6,2.48
2019-11-12,1,2.13
2019-11-13,11,3.92
2019-11-14,10,2.39
2019-11-15,2,2.19
2019-11-16,15,3.53
2019-11-17,11,3.62
2019-11-18,14,2.74
2019-11-19,14,3.13
2019-11-20,8,3.34
2019-11-21,5,2.71
2019-11-22,6,2.39
2019-11-23,10,2.66
2019-11-24,5,2.73
2019-11-25,5,3.06
2019-11-26,8,3.59
2019-11-27,8,2.31
2019-11-28,11,3.5
2019-11-29,5,3.72
2019-11-30,11,2.71
2019-12-01,9,2.75
2019-12-02,7,2.54
2019-12-03,7,2.36
2019-12-04,6,2.43
2019-12-05,13,3.79
2019-12-06,5,3.31
2019-12-07,3,2.19
2019-12-08,8,2.82
2019-12-09,5,2.92
2019-12-10,6,2.99
2019-12-11,6,2.7
2019-12-12,6,3.51
2019-12-13,2,2.24
2019-12-14,1,2.87
2019-12-15,3,1.83
2019-12-16,11,3.56
2019-12-17,6,3.6
2019-12-18,6,2.57
2019-12-19,8,3.05
2019-12-20,22,3.17
2019-12-21,23,3.91
2019-12-22,10,2.4
2019-12-23,4,2.28
2019-12-24,8,2.82
2019-12-25,9,2.84
2019-12-26,11,3.32
2019-12-27,5,3.95
2019-12-28,7,3.15
2019-12-29,6,2.2
2019-12-30,6,2.92
2019-12-31,3,2.38
2020-01-01,4,2.71
2020-01-02,7,2.31
2020-01-03,9,3.14
2020-01-04,5,2.78
2020-01-05,6,2.89
2020-01-06,3,2.77
2020-01-07,6,2.36
2020-01-08,5,3.48
2020-01-09,4,2.47
2020-01-10,4,2.08
2020-01-11,7,2.8
2020-01-12,3,2.18
2020-01-13,5,2.28
2020-01-14,2,2.59
2020-01-15,4,2.5
2020-01-16,7,2.49
2020-01-17,7,3.01
2020-01-18,5,2.6
2020-01-19,2,2.32
2020-01-20,6,2.53
2020-01-21,9,3.07
2020-01-22,6,2.35
2020-01-23,8,2.32
2020-01-24,3,2.2
2020-01-25,13,4.62
2020-01-26,3,1.9
2020-01-27,4,3.09
2020-01-28,4,2.57
2020-01-29,3,2.04
2020-01-30,5,2.84
2020-01-31,8,2.75
2020-02-01,4,2.44
2020-02-02,2,2.7
2020-02-03,5,2.84
2020-02-04,3,2.67
2020-02-05,7,2.4
2020-02-06,1,2.95
2020-02-07,2,2.42
2020-02-08,4,3.93
2020-02-09,9,2.81
2020-02-10,6,2.04
2020-02-11,2,2.07
2020-02-12,4,1.82
2020-02-13,4,3.16
2020-02-14,5,2.51
2020-02-15,4,2.25
2020-02-16,5,2.12
2020-02-17,3,2.13
2020-02-18,4,3.15
2020-02-19,8,2.53
2020-02-20,4,3.18
2020-02-21,7,3.52
2020-02-22,5,2.61
2020-02-23,4,2.45
2020-02-24,6,2.53
2020-02-25,6,3.32
2020-02-26,6,2.48
2020-02-27,5,1.87
2020-02-28,3,2.24
2020-02-29,9,3.1
2020-03-01,3,2.63
2020-03-02,6,2.32
2020-03-03,5,3.25
2020-03-04,5,2.97
2020-03-05,10,2.29
2020-03-06,2,2.1
2020-03-07,11,3.66
2020-03-08,5,3.81
2020-03-09,2,2.26
2020-03-10,4,2.18
2020-03-11,5,2.76
2020-03-12,3,2.37
2020-03-13,7,2
2020-03-14,3,2.02
2020-03-15,2,2.04
2020-03-16,9,2.55
2020-03-17,4,3.45
2020-03-18,4,2.75
2020-03-19,4,2.07
2020-03-20,6,3.59
2020-03-21,6,2.41
2020-03-22,4,2.51
2020-03-23,10,4.32
2020-03-24,8,2.98
2020-03-25,3,2.89
2020-03-26,7,3.04
2020-03-27,4,2.55
2020-03-29,2,2.45
2020-03-30,2,2.51
2020-03-31,4,2.66
2020-04-01,7,2.43
2020-04-02,8,2.59
2020-04-03,3,2.72
2020-04-04,7,3.49
2020-04-05,9,2.73
2020-04-06,2,3.03
2020-04-07,4,2.96
2020-04-08,1,2.22
2020-04-09,1,2.47
2020-04-10,3,2.22
2020-04-11,2,2.04
2020-04-12,3,2.42
2020-04-13,9,3.19
2020-04-14,6,3.26
2020-04-15,3,2.55
2020-04-16,5,2.22
2020-04-17,7,2.44
2020-04-18,9,3.44
2020-04-19,1,1.87
2020-04-20,3,2.74
2020-04-21,7,2.67
2020-04-22,4,2.18
2020-04-23,3,2.7
2020-04-24,3,1.96
2020-04-25,4,2.13
2020-04-26,6,2.31
2020-04-27,2,4
2020-04-28,4,2.57
2020-04-29,3,2.77
2020-04-30,5,2.38
2020-05-01,5,2.09
2020-05-02,3,2.01
2020-05-03,3,2.14
2020-05-04,4,2.62
2020-05-05,2,2.98
2020-05-06,6,2.75
2020-05-07,4,2.77
2020-05-08,6,2.62
2020-05-09,6,2.93
2020-05-10,3,2.42
2020-05-11,4,2.58
2020-05-13,3,2.93
2020-05-14,4,3.26
2020-05-15,6,2.58
2020-05-16,10,3.4
2020-05-17,7,3.11
2020-05-18,4,2.4
2020-05-20,4,3.58
2020-05-21,3,2.2
2020-05-22,5,1.79
2020-05-24,7,3.78
2020-05-25,2,1.94
2020-05-26,4,2.29
2020-05-27,3,3.66
2020-05-28,1,1.96
2020-05-29,5,2.01
2020-05-30,2,2.31
2020-05-31,4,2.44
2020-06-01,2,2.33
2020-06-02,6,2.64
2020-06-03,10,3.9
2020-06-04,84,5.51
2020-06-05,14,2.71
2020-06-06,4,2.22
2020-06-07,10,3.49
2020-06-08,6,4.29
2020-06-09,5,2.21
2020-06-10,2,2.01
2020-06-11,5,3.62
2020-06-12,6,2.43
2020-06-13,8,3.14
2020-06-14,5,2.29
2020-06-15,4,2.02
2020-06-16,12,3.8
2020-06-17,7,2.91
2020-06-18,5,2.9
2020-06-19,6,2.54
2020-06-20,4,2.47
2020-06-21,3,2.32
2020-06-22,4,2.34
2020-06-23,44,4.65
2020-06-24,112,5.8
2020-06-25,89,3.47
2020-06-26,38,3.33
2020-06-27,18,2.88
2020-06-28,15,2.15
2020-06-29,15,3.55
2020-06-30,13,2.39
2020-07-01,5,2.42
2020-07-02,8,2.3
2020-07-03,4,2
2020-07-04,9,2.23
2020-07-05,10,2.77
2020-07-06,11,3.03
2020-07-07,5,2.22
2020-07-08,8,2.07
2020-07-09,3,2.38
2020-07-10,7,2.25
2020-07-11,4,2.11
2020-07-12,7,2.09
2020-07-13,3,2.31
2020-07-14,5,3.58
2020-07-15,6,2.73
2020-07-16,4,2.38
2020-07-17,6,2.93
2020-07-18,5,2.31
2020-07-19,2,2.13
2020-07-20,2,1.84
2020-07-21,1,1.75
2020-07-22,1,1.71
2020-07-23,8,3.67
2020-07-24,11,3.74
2020-07-25,10,2.57
2020-07-26,5,2.56
2020-07-27,3,2.13
2020-07-28,3,2.02
2020-07-29,2,2.08
2020-07-30,3,2.27
2020-07-31,4,2.13
2020-08-01,3,2.09
2020-08-03,5,2.46
2020-08-04,2,2.72
2020-08-05,3,2.37
2020-08-06,2,2.17
2020-08-07,2,2.26
2020-08-08,7,2.63
2020-08-09,1,1.78
2020-08-10,4,2.26
2020-08-11,2,2.38
2020-08-12,5,2.56
2020-08-13,2,2.3
2020-08-14,4,2.24
2020-08-15,5,2.28
2020-08-16,9,3.13
2020-08-17,1,1.82
2020-08-18,2,2.06
2020-08-19,10,4.72
2020-08-20,5,2.26
2020-08-21,6,3.6
2020-08-22,2,2.83
2020-08-23,2,1.9
2020-08-24,2,2.19
2020-08-25,5,2.39
2020-08-26,4,2.28
2020-08-27,3,3.16
2020-08-28,2,2.06
2020-08-29,2,2.93
2020-08-31,2,2.38
2020-09-02,2,3.45
2020-09-03,2,1.78
2020-09-04,3,3
2020-09-05,3,3.04
2020-09-06,2,2.54
2020-09-07,2,1.98
2020-09-08,3,2.7
2020-09-09,2,2.12
2020-09-11,9,4.22
2020-09-12,5,2.69
2020-09-13,1,1.91
2020-09-14,3,2.49
2020-09-15,4,2.21
2020-09-16,5,2.1
2020-09-17,4,3.07
2020-09-18,3,2.38
2020-09-20,2,2.84
2020-09-21,1,1.7
2020-09-22,1,1.91
2020-09-23,4,3.2
2020-09-24,2,2.52
2020-09-25,1,2.16
2020-09-26,2,2.41
2020-09-27,2,2.23
2020-09-29,4,2.47
2020-09-30,5,2.51
2020-10-01,3,2.07
2020-10-02,6,3.4
2020-10-03,4,3.35
2020-10-04,5,2.29
2020-10-05,3,2.01
2020-10-06,2,2.35
2020-10-07,4,1.89
2020-10-08,3,2.42
2020-10-09,1,1.89
2020-10-10,6,2.22
2020-10-11,4,2.52
2020-10-12,3,2.59
2020-10-13,1,1.82
2020-10-14,5,2.88
2020-10-16,3,2.1
2020-10-17,1,1.77
2020-10-18,2,2.22
2020-10-19,6,3.47
2020-10-20,2,1.94
2020-10-21,3,2.4
2020-10-22,13,3.3
2020-10-23,4,2.45
2020-10-24,3,2.27
2020-10-25,3,2.71
2020-10-26,4,2.63
2020-10-27,5,3.3
2020-10-28,3,2.44
2020-10-29,8,2.58
2020-10-30,4,2.12
2020-10-31,6,3.02
2020-11-02,2,2.64
2020-11-04,1,1.74
2020-11-05,4,2.7
2020-11-06,3,2.19
2020-11-07,3,2.15
2020-11-08,2,1.94
2020-11-09,2,3.1
2020-11-10,1,2.04
2020-11-11,2,2.04
2020-11-12,7,2.65
2020-11-13,2,2.43
2020-11-14,1,1.7
2020-11-15,4,2.02
2020-11-16,1,3.59
2020-11-17,4,3.51
2020-11-18,6,2.1
2020-11-19,4,3.06
2020-11-21,3,2.18
2020-11-22,5,2.43
2020-11-23,2,1.91
2020-11-24,2,2.33
2020-11-25,1,2.13
2020-11-26,5,2.93
2020-11-27,1,1.77
2020-11-28,4,2.56
2020-11-29,4,3.09
2020-12-01,7,3.2
2020-12-02,4,2.17
2020-12-03,5,2.36
2020-12-04,2,2.35
2020-12-05,3,2.65
2020-12-06,6,2.04
2020-12-07,1,3.07
2020-12-08,4,2.74
2020-12-09,4,1.91
2020-12-11,4,2.27
2020-12-12,3,1.96
2020-12-13,2,2.46
2020-12-14,6,2.83
2020-12-15,3,2.1
2020-12-16,6,2.38
2020-12-17,4,2.75
2020-12-18,3,2.85
2020-12-19,2,2.17
2020-12-20,1,1.79
2020-12-21,4,2.28
2020-12-22,5,2.08
2020-12-23,1,2.73
2020-12-26,2,2.03
2020-12-27,2,3.5
2020-12-28,2,2.52
2020-12-29,1,2.32
2020-12-30,1,1.84
2020-12-31,3,2.17
2021-01-01,1,2.71
2021-01-02,3,2.97
2021-01-03,5,2.78
2021-01-04,2,2.8
2021-01-05,5,2.68
2021-01-06,4,2.81
2021-01-07,1,1.87
2021-01-08,2,1.92
2021-01-09,1,2
2021-01-10,1,2.07
2021-01-11,4,2.26
2021-01-12,1,1.86
2021-01-13,1,2.54
2021-01-14,2,2.22
2021-01-15,1,2.27
2021-01-16,1,1.73
2021-01-17,11,4.02
2021-01-18,4,3.27
2021-01-20,3,2.63
2021-01-21,6,3.54
2021-01-23,8,2.69
2021-01-24,1,1.78
2021-01-25,1,1.78
2021-01-26,5,2.17
2021-01-27,2,2.24
2021-01-28,2,2.05
2021-01-29,3,3.2
2021-01-31,1,2
2021-02-01,2,1.96
2021-02-03,1,1.81
2021-02-05,3,2.29
2021-02-06,3,2.04
2021-02-07,6,3.41
2021-02-08,2,2.33
2021-02-10,1,1.86
2021-02-11,1,1.92
2021-02-12,3,4.03
2021-02-13,13,2.84
2021-02-14,4,3.6
2021-02-15,3,2.28
2021-02-17,3,2.17
2021-02-19,4,3.03
2021-02-20,6,2.78
2021-02-21,8,3.47
2021-02-22,10,2.42
2021-02-23,2,1.94
2021-02-24,1,2.07
2021-02-25,3,2.85
2021-02-26,5,2.52
2021-02-27,5,3.1
2021-02-28,2,2.66
2021-03-01,8,2.69
2021-03-02,1,2.69
2021-03-03,6,1.94
2021-03-05,9,3.26
2021-03-06,1,2.27
2021-03-08,3,2.53
2021-03-09,1,1.91
2021-03-11,1,1.94
2021-03-12,1,2.01
2021-03-13,1,2.34
2021-03-14,1,1.81
2021-03-15,1,2.29
2021-03-16,2,1.9
2021-03-17,1,1.84
2021-03-18,1,2.46
2021-03-19,1,2.36
2021-03-20,3,2.11
2021-03-21,6,2.8
2021-03-22,1,1.81
2021-03-24,1,3.09
2021-03-25,5,2.8
2021-03-26,1,2.08
2021-03-27,5,2.2
2021-03-28,1,1.79
2021-03-30,2,2.25
2021-03-31,4,2.43
2021-04-01,3,2.29
2021-04-02,2,1.94
2021-04-03,5,2.06
2021-04-04,4,1.93
2021-04-05,2,1.89
2021-04-06,1,1.92
2021-04-07,6,3.64
2021-04-08,2,3.62
2021-04-09,2,2.3
2021-04-11,5,3.13
2021-04-12,1,2.24
2021-04-13,3,1.83
2021-04-14,1,2.19
2021-04-15,7,3.06
2021-04-16,2,2.26
2021-04-19,1,2.43
2021-04-20,1,1.71
2021-04-21,3,1.88
2021-04-23,3,3.01
2021-04-24,2,2.06
2021-04-25,2,2
2021-04-26,2,2.53
2021-04-27,2,2.08
2021-04-28,1,1.7
2021-04-29,3,3.14
2021-04-30,2,1.91
2021-05-01,2,2.14
2021-05-02,2,1.87
2021-05-03,3,2.28
2021-05-04,3,2.55
2021-05-05,1,1.85
2021-05-06,5,2.74
2021-05-07,4,2.13
2021-05-08,1,2.47
2021-05-09,1,2.16
2021-05-10,2,2.48
2021-05-11,1,2.22
2021-05-12,6,2.78
2021-05-14,1,2.27
2021-05-15,2,2.52
2021-05-16,2,1.95
2021-05-17,1,1.98
2021-05-18,2,2.6
2021-05-20,9,3.59
2021-05-21,4,2.78
2021-05-22,4,2.55
2021-05-23,4,2.07
2021-05-24,1,2.09
2021-05-25,3,2.62
2021-05-26,3,2.28
2021-05-27,3,2.98
2021-05-28,4,2.8
2021-05-30,1,2.09
2021-05-31,4,2.11
2021-06-01,4,2.43
2021-06-02,5,2.16
2021-06-04,2,1.92
2021-06-05,2,2.63
2021-06-06,1,1.76
2021-06-07,1,2.3
2021-06-08,2,2.22
2021-06-09,2,2.72
2021-06-10,1,2.12
2021-06-11,1,2.18
2021-06-12,2,2.58
2021-06-15,2,2.08
2021-06-16,9,3.38
2021-06-17,2,3.22
2021-06-18,5,3.09
2021-06-19,2,1.76
2021-06-20,3,2.46
2021-06-21,3,2.1
2021-06-22,2,2.06
2021-06-23,1,1.79
2021-06-24,1,1.84
2021-06-25,3,3.01
2021-06-26,1,2.14
2021-06-27,1,2.09
2021-06-28,4,2.9
2021-06-29,2,2.15
2021-06-30,3,3.23
2021-07-01,1,2.5
2021-07-02,4,2.2
2021-07-03,1,3.47
2021-07-04,1,1.89
2021-07-05,3,2.76
2021-07-06,3,3.53
2021-07-07,1,1.8
2021-07-08,2,2.4
2021-07-10,1,1.73
2021-07-11,5,2.75
2021-07-12,1,2.06
2021-07-13,3,2.37
2021-07-14,2,2.89
2021-07-15,2,2.02
2021-07-16,1,2.59
2021-07-17,1,1.74
2021-07-18,4,2.27
2021-07-19,2,2.12
2021-07-20,4,2.67
2021-07-22,1,1.74
2021-07-23,2,2.11
2021-07-24,1,1.81
2021-07-25,1,1.77
2021-07-26,2,3.21
2021-07-27,2,2.05
2021-07-29,3,1.94
2021-07-30,1,1.77
2021-08-01,1,1.93
2021-08-02,2,2.19
2021-08-03,3,2.72
2021-08-04,2,1.86
2021-08-07,4,2.14
2021-08-08,1,2.13
2021-08-10,8,2.9
2021-08-11,3,1.98
2021-08-12,2,2.4
2021-08-13,1,2.1
2021-08-15,1,1.73
2021-08-16,2,1.83
2021-08-17,1,1.75
2021-08-18,3,2.31
2021-08-19,2,2.01
2021-08-20,3,2.67
2021-08-21,1,1.82
2021-08-22,2,1.8
2021-08-23,1,1.82
2021-08-24,1,1.94
2021-08-27,4,4
2021-08-28,3,2
2021-08-29,1,2.16
2021-08-30,1,1.91
2021-08-31,4,3.12
2021-09-01,1,2.17
2021-09-02,1,1.76
2021-09-03,2,2.27
2021-09-04,4,2.18
2021-09-05,3,3.31
2021-09-06,2,2.85
2021-09-07,1,1.76
2021-09-08,3,2.51
2021-09-10,1,2.28
2021-09-12,1,2.34
2021-09-13,1,1.72
2021-09-14,1,2.23
2021-09-15,1,2.16
2021-09-16,1,1.87
2021-09-17,2,2.13
2021-09-18,2,2.62
2021-09-19,1,2.06
2021-09-21,3,2.76
2021-09-22,4,2.21
2021-09-23,2,2.17
2021-09-24,2,3.44
2021-09-25,1,1.89
2021-09-26,1,1.75
2021-09-28,3,1.98
2021-09-29,2,1.9
2021-09-30,1,2.24
2021-10-01,2,2.43
2021-10-02,3,3.68
2021-10-03,1,2.12
2021-10-04,1,2.24
2021-10-05,4,2.1
2021-10-06,1,1.92
2021-10-07,1,1.74
2021-10-09,1,1.91
2021-10-10,2,1.81
2021-10-11,3,3.08
2021-10-12,1,2.31
2021-10-13,1,1.76
2021-10-14,3,2.2
2021-10-15,2,2.45
2021-10-16,1,2.61
2021-10-17,7,3.98
2021-10-18,1,2.51
2021-10-19,2,2
2021-10-20,4,2.89
2021-10-21,2,1.81
2021-10-22,2,1.8
2021-10-23,3,1.85
2021-10-24,1,1.82
2021-10-25,3,2.18
2021-10-26,3,2.68
2021-10-29,6,3.01
2021-10-30,2,2.3
2021-10-31,2,2.22
2021-11-01,1,2.18
2021-11-02,2,2.47
2021-11-03,2,2.56
2021-11-05,2,3.36
2021-11-07,2,2.64
2021-11-09,5,2.76
2021-11-10,1,1.76
2021-11-11,2,2.64
2021-11-12,1,1.72
2021-11-13,4,2.52
2021-11-14,2,1.93
2021-11-15,3,2.11
2021-11-16,3,2.38
2021-11-18,1,2.07
2021-11-19,2,2.42
2021-11-20,5,2.26
2021-11-21,1,1.71
2021-11-22,1,2.17
2021-11-24,1,1.82
2021-11-25,1,1.75
2021-11-26,2,1.94
2021-11-29,1,1.81
2021-11-30,3,2.78
2021-12-01,3,3.19
2021-12-06,1,2.55
2021-12-07,3,3.12
2021-12-08,1,1.97
2021-12-11,1,1.89
2021-12-12,1,1.73
2021-12-14,1,1.91
2021-12-15,3,2.47
2021-12-17,1,1.77
2021-12-18,2,1.84
2021-12-19,2,3.08
2021-12-20,1,1.82
2021-12-21,3,2.4
2021-12-22,3,2.54
2021-12-23,2,2.28
2021-12-24,5,2.24
2021-12-25,3,2.68
2021-12-26,2,2.25
2021-12-27,1,2.55
2021-12-28,3,2.14
2021-12-29,5,1.92
2021-12-30,1,1.78
2021-12-31,1,2.11
2022-01-01,2,1.79
2022-01-02,2,1.97
2022-01-03,1,1.94
2022-01-04,2,1.86
2022-01-05,2,2.05
2022-01-06,1,2.24
2022-01-07,2,2.07
2022-01-09,2,2.23
2022-01-11,1,1.75
2022-01-13,2,1.85
2022-01-15,2,2.54
2022-01-16,2,2.45
2022-01-17,1,1.83
2022-01-18,1,1.88
2022-01-19,1,1.76
2022-01-20,2,2.53
2022-01-21,1,1.97
2022-01-22,1,2.22
2022-01-24,4,2.19
2022-01-25,1,2.01
2022-01-26,8,3.12
2022-01-27,7,3.51
2022-01-28,1,2.3
2022-01-29,3,2.3
2022-01-30,1,2.47
2022-02-03,3,2.21
2022-02-04,3,2.07
2022-02-05,1,1.91
2022-02-07,3,2.11
2022-02-08,2,1.8
2022-02-09,4,2.73
2022-02-11,4,2.93
2022-02-13,1,1.96
2022-02-14,6,2.63
2022-02-15,2,1.84
2022-02-18,1,1.84
2022-02-19,1,1.93
2022-02-20,1,1.89
2022-02-22,4,2.42
2022-02-23,3,2.82
2022-02-27,1,1.85
2022-02-28,1,1.8
2022-03-01,1,2.3
2022-03-02,1,2.28
2022-03-03,1,1.78
2022-03-05,1,3.27
2022-03-06,4,2.16
2022-03-08,1,1.89
2022-03-11,3,2.15
2022-03-12,7,2.49
2022-03-13,2,2.39
2022-03-14,1,1.77
2022-03-15,2,3.09
2022-03-16,2,2.49
2022-03-18,4,2.86
2022-03-19,3,2.04
2022-03-20,1,2.41
2022-03-23,1,1.75
2022-03-24,3,2.01
2022-03-25,2,1.94
2022-03-27,1,1.77
2022-03-28,4,2.16
2022-03-29,2,2.14
2022-03-30,3,1.98
2022-03-31,1,1.71
2022-04-01,2,2.62
2022-04-02,1,1.87
2022-04-03,2,3.62
2022-04-05,2,2.08
2022-04-06,4,2.06
2022-04-07,2,2.46
2022-04-08,3,3.28
2022-04-09,5,2.52
2022-04-10,6,2.12
2022-04-11,1,2.29
2022-04-12,1,1.9
2022-04-13,1,1.96
2022-04-14,2,2.06
2022-04-16,2,2.7
2022-04-17,1,2.38
2022-04-18,3,1.89
2022-04-19,3,2.73
2022-04-20,2,1.8
2022-04-21,3,2.52
2022-04-22,2,2.1
2022-04-23,4,2.45
2022-04-24,1,2.72
2022-04-26,3,2.06
2022-04-28,3,2.2
2022-04-29,1,2.18
2022-04-30,1,1.77
2022-05-01,1,1.79
2022-05-02,4,3.45
2022-05-03,1,1.96
2022-05-04,2,2.21
2022-05-06,3,1.95
2022-05-07,1,2.7
2022-05-08,3,2.57
2022-05-09,2,1.7
2022-05-10,3,3.53
2022-05-11,2,1.91
2022-05-13,3,3.16
2022-05-14,1,2.31
2022-05-16,3,2.66
2022-05-17,1,1.81
2022-05-18,1,2.62
2022-05-19,2,1.96
2022-05-20,3,2.49
2022-05-21,2,1.85
2022-05-22,1,1.79
2022-05-23,1,1.85
2022-05-24,3,1.99
2022-05-25,1,2.14
2022-05-26,2,4.28
2022-05-27,2,2.02
2022-05-28,3,2.02
2022-05-29,2,1.97
2022-05-30,1,2.29
2022-05-31,2,3.08
2022-06-01,1,1.86
2022-06-03,2,1.8
2022-06-04,2,1.93
2022-06-05,1,2.38
2022-06-06,2,1.86
2022-06-07,1,2.35
2022-06-08,2,3.55
2022-06-09,3,3.21
2022-06-10,2,1.94
2022-06-11,1,1.71
2022-06-12,3,2.22
2022-06-13,4,2.16
2022-06-14,1,1.96
2022-06-15,3,3.24
2022-06-16,3,3.09
2022-06-17,5,2.13
2022-06-18,5,2.26
2022-06-19,2,1.99
2022-06-21,1,2.23
2022-06-23,1,1.85
2022-06-25,4,2.06
2022-06-26,1,2.23
2022-06-27,1,2.1
2022-06-28,2,1.89
2022-06-30,2,1.84
2022-07-01,2,1.93
2022-07-02,1,1.92
2022-07-03,2,2.12
2022-07-04,2,2.27
2022-07-05,1,1.88
2022-07-06,4,3.53
2022-07-07,1,1.95
2022-07-08,2,1.86
2022-07-09,1,2.07
2022-07-10,2,2.13
2022-07-11,2,2.6
2022-07-12,2,2.69
2022-07-13,2,1.89
2022-07-14,3,2.38
2022-07-15,5,4.58
2022-07-17,4,3.8
2022-07-18,2,3.38
2022-07-20,4,2.47
2022-07-21,6,2.29
2022-07-22,5,3.1
2022-07-23,1,1.87
2022-07-25,1,1.7
2022-07-27,1,1.78
2022-07-29,2,2.24
2022-08-01,2,1.98
2022-08-02,1,1.99
2022-08-03,1,1.71
2022-08-04,1,1.89
2022-08-05,1,1.86
2022-08-06,1,1.8
2022-08-09,2,2.49
2022-08-10,4,2.57
2022-08-11,2,2.42
2022-08-13,3,2.36
2022-08-14,2,2.37
2022-08-15,1,2.79
2022-08-16,1,1.96
2022-08-18,2,1.83
2022-08-19,2,2.12
2022-08-20,1,2.39
2022-08-22,4,2.11
2022-08-24,1,1.86
2022-08-26,1,2.1
2022-08-27,2,2.1
2022-08-28,3,3.42
2022-08-29,5,2.18
2022-08-30,2,1.81
2022-09-01,1,2.22
2022-09-02,1,1.86
2022-09-03,2,2.33
2022-09-04,4,2.94
2022-09-05,1,1.92
2022-09-06,2,1.8
2022-09-07,1,2.58
2022-09-08,2,2.35
2022-09-10,1,1.92
2022-09-11,1,2.41
2022-09-14,1,2.74
2022-09-16,3,2.34
2022-09-17,2,2.56
2022-09-18,2,2.9
2022-09-19,1,2.02
2022-09-20,2,2.82
2022-09-21,3,3.04
2022-09-23,1,2.08
2022-09-24,1,2.03
2022-09-25,1,2.12
2022-09-26,1,1.86
2022-09-27,9,3.7
2022-09-28,3,2
2022-09-29,1,2.29
2022-09-30,1,1.72
2022-10-01,2,2
2022-10-02,1,2.38
2022-10-06,1,1.7
2022-10-07,3,2.19
2022-10-08,1,2.47
2022-10-09,3,3.01
2022-10-10,1,2.88
2022-10-12,3,3.67
2022-10-13,2,1.87
2022-10-14,2,2.72
2022-10-16,2,1.92
2022-10-17,2,2.23
2022-10-19,2,2.23
2022-10-20,2,2.21
2022-10-21,4,2.22
2022-10-22,1,1.89
2022-10-23,1,2.09
2022-10-24,2,1.97
2022-10-26,2,2.14
2022-10-27,1,2.62
2022-10-28,2,2.37
2022-10-30,1,1.84
2022-10-31,2,2.86
2022-11-01,1,2.3
2022-11-02,1,1.87
2022-11-03,3,1.82
2022-11-04,3,2.17
2022-11-05,1,2.66
2022-11-08,2,2.2
2022-11-09,1,2.14
2022-11-10,1,2.02
2022-11-11,5,3.19
2022-11-13,2,1.99
2022-11-15,3,1.97
2022-11-16,2,1.85
2022-11-17,2,2.15
2022-11-18,1,1.75
2022-11-19,1,1.79
2022-11-20,1,2.03
2022-11-21,1,1.7
2022-11-22,1,1.79
2022-11-23,2,2.51
2022-11-24,1,2.23
2022-11-26,3,2.52
2022-11-27,3,1.96
2022-11-28,1,2.23
2022-11-29,1,1.7
2022-11-30,3,2.16
2022-12-03,2,1.88
2022-12-06,2,2.23
2022-12-07,7,3.59
2022-12-08,2,2.62
2022-12-09,2,1.76
2022-12-10,1,2.38
2022-12-11,3,2.39
2022-12-12,1,1.73
2022-12-14,1,2.26
2022-12-18,1,2.27
2022-12-21,2,2.9
2022-12-25,2,2.2
2022-12-26,1,2.06
2022-12-27,2,2.99
2022-12-28,1,2.3
2022-12-29,2,2.14
2022-12-30,2,2.31
2023-01-03,2,2.68
2023-01-04,2,3
2023-01-05,1,2.07
2023-01-09,2,2.63
2023-01-10,2,3.15
2023-01-11,3,2.03
2023-01-12,2,2.5
2023-01-14,3,2.34
2023-01-15,1,2.48
2023-01-16,1,1.77
2023-01-17,1,1.73
2023-01-18,1,2.79
2023-01-19,4,3.35
2023-01-20,2,2.11
2023-01-21,1,1.83
2023-01-22,1,2.06
2023-01-24,2,2.16
2023-01-25,1,2.11
2023-01-27,3,2.59
2023-01-28,1,1.78
2023-01-29,2,2.5
2023-01-31,2,2.24
2023-02-02,1,3.11
2023-02-03,1,2.36
2023-02-04,2,2.51
2023-02-05,4,2.2
2023-02-06,2,2.23
2023-02-09,3,2.5
2023-02-10,1,1.86
2023-02-13,4,2.87
2023-02-14,2,1.85
2023-02-15,1,1.96
2023-02-16,1,1.76
2023-02-17,3,2.38
2023-02-18,2,2.9
2023-02-21,1,1.93
2023-02-22,1,1.86
2023-02-23,3,2.11
2023-02-24,1,2.42
2023-02-26,4,2.81
2023-02-27,2,1.89
2023-02-28,2,3.56
2023-03-03,1,1.83
2023-03-04,1,2.39
2023-03-07,1,2.99
2023-03-10,2,1.97
2023-03-12,1,1.7
2023-03-17,1,1.77
2023-03-18,1,1.91
2023-03-19,4,2.72
2023-03-20,1,2.59
2023-03-21,3,1.95
2023-03-22,6,2.11
2023-03-23,4,1.89
2023-03-24,3,3.24
2023-03-25,1,2.87
2023-03-26,1,3.59
2023-03-27,2,2.04
2023-03-29,1,2.94
2023-03-30,1,2.12
2023-03-31,1,1.93
2023-04-01,1,2.59
2023-04-02,2,2.17
2023-04-03,2,3.08
2023-04-04,1,1.7
2023-04-05,3,2.36
2023-04-06,1,2.48
2023-04-07,1,2.12
2023-04-08,3,2.48
2023-04-09,2,2.36
2023-04-10,2,2.59
2023-04-11,2,2.81
2023-04-12,4,2.02
2023-04-13,1,1.7
2023-04-17,2,3.62
2023-04-18,2,2.47
2023-04-19,2,2.05
2023-04-20,1,1.72
2023-04-21,1,1.9
2023-04-25,1,2.04
2023-04-26,1,1.75
2023-04-29,1,1.78
2023-04-30,1,2.22
2023-05-02,5,3.21
2023-05-03,5,3.56
2023-05-04,2,2.36
2023-05-05,2,3.38
2023-05-06,2,1.86
2023-05-08,1,1.9
2023-05-11,1,1.88
2023-05-13,1,1.93
2023-05-15,1,1.96
2023-05-17,1,1.9
2023-05-18,2,1.99
2023-05-19,6,2.58
2023-05-20,3,2.29
2023-05-21,6,2.77
2023-05-22,1,1.89
2023-05-23,3,2.69
2023-05-25,3,2.27
2023-05-26,1,1.78
2023-05-27,4,2.1
2023-05-30,1,2.29
2023-05-31,2,3.06
2023-06-01,1,2.23
2023-06-02,1,2.75
2023-06-03,5,2.67
2023-06-04,2,2.53
2023-06-05,1,2.57
2023-06-06,1,2.33
2023-06-08,1,2.05
2023-06-09,1,2.27
2023-06-10,1,2.37
2023-06-12,2,2.19
2023-06-13,1,2.62
2023-06-14,1,2.44
2023-06-15,1,1.7
2023-06-18,1,2.96
2023-06-19,1,3.57
2023-06-20,1,1.79
2023-06-21,1,2.51
2023-06-24,2,3.48
2023-06-25,2,2.11
2023-06-26,2,2.25
2023-06-27,2,2.4
2023-06-28,1,1.91
2023-06-30,3,3.36
2023-07-01,2,2.16
2023-07-03,1,2.07
2023-07-04,1,1.94
2023-07-05,2,2.21
2023-07-06,1,1.75
2023-07-08,1,2.16
2023-07-09,2,1.99
2023-07-11,1,2.04
2023-07-13,4,1.83
2023-07-14,4,2.82
2023-07-15,2,2.45
2023-07-17,1,2.01
2023-07-19,4,2.17
2023-07-21,1,1.93
2023-07-22,2,2.26
2023-07-24,1,2.18
2023-07-25,1,2.51
2023-07-26,1,2.53
2023-07-27,1,2.19
2023-07-28,1,1.89
2023-08-03,1,2.16
2023-08-05,4,2.65
2023-08-06,4,3.34
2023-08-07,1,2.17
2023-08-08,2,2.63
2023-08-10,2,1.88
2023-08-11,1,1.91
2023-08-12,1,1.78
2023-08-13,1,1.9
2023-08-14,1,1.82
2023-08-18,2,3.02
2023-08-20,1,2.1
2023-08-23,1,2
2023-08-24,2,2.65
2023-08-25,2,2.17
2023-08-28,2,2.33
2023-08-31,1,1.85
2023-09-01,2,1.82
2023-09-06,1,1.85
2023-09-09,1,2.23
2023-09-10,2,1.9
2023-09-12,1,2.11
2023-09-14,1,2.7
2023-09-15,1,1.79
2023-09-20,1,1.8
2023-09-21,1,1.72
2023-09-22,2,2.22
2023-09-24,1,2.57
2023-09-25,1,1.73
2023-09-26,3,2.45
2023-09-27,1,3.04
2023-09-29,2,2.4
2023-10-05,3,3.52
2023-10-07,1,1.82
2023-10-08,1,1.83
2023-10-09,1,2.18
2023-10-10,1,2.38
2023-10-12,1,1.87
2023-10-14,1,1.73
2023-10-16,2,2.16
2023-10-17,2,2.29
2023-10-18,1,1.79
2023-10-22,1,2.19
2023-10-23,3,2.53
2023-10-24,1,1.83
2023-10-25,4,2.37
2023-10-26,2,3.47
2023-10-27,4,2.57
2023-10-28,1,2.25
2023-10-29,3,1.83
2023-10-30,8,2.56
2023-11-02,2,1.99
2023-11-03,2,2.66
2023-11-04,1,2.4
2023-11-05,2,2.1
2023-11-06,1,2.86
2023-11-08,2,2.34
2023-11-12,1,2.28
2023-11-13,2,2.15
2023-11-17,1,2.05
2023-11-19,3,2.53
2023-11-27,2,3.49
2023-11-30,1,1.99
2023-12-02,1,1.78
2023-12-03,2,2.17
2023-12-04,2,2.17
2023-12-06,4,2.88
2023-12-08,1,1.93
2023-12-11,1,1.96
2023-12-13,1,2.05
2023-12-15,1,2.08
2023-12-16,2,2.03
2023-12-17,2,2.03
2023-12-18,3,2.6
2023-12-19,1,2.23
2023-12-22,1,1.85
2023-12-24,1,1.81
2023-12-25,2,2.03
2023-12-26,5,2.94
2023-12-27,8,3.32
2023-12-30,2,3.52
2023-12-31,1,1.72
2024-01-01,2,1.94
2024-01-02,1,1.88
2024-01-03,1,1.79
2024-01-04,1,1.75
2024-01-07,3,2.39
2024-01-08,2,3.05
2024-01-10,1,2.04
2024-01-13,1,1.74
2024-01-14,2,2.47
2024-01-15,1,2.41
2024-01-16,1,2.46
2024-01-17,1,1.83
2024-01-19,1,1.81
2024-01-21,2,2.61
2024-01-24,2,2.45
2024-01-25,1,1.9
2024-01-26,1,1.77
2024-01-28,1,2.65
2024-01-30,3,2.47
2024-02-01,1,1.92
2024-02-02,1,2.14
2024-02-03,1,2.42
2024-02-05,3,3.78
2024-02-06,1,1.78
2024-02-09,2,2.12
2024-02-10,2,2.26
2024-02-12,1,1.98
2024-02-14,1,2.13
2024-02-18,1,1.94
2024-02-19,1,2.27
2024-02-21,4,2.28
2024-02-22,3,2.43
2024-02-24,1,1.92
2024-02-26,3,1.93
2024-02-27,2,2.41
2024-02-29,1,1.79
2024-03-01,1,2.45
2024-03-02,1,2.12
2024-03-03,2,2.23
2024-03-06,1,1.83
2024-03-09,1,1.73
2024-03-11,1,3.09
2024-03-12,1,1.72
2024-03-13,2,2.12
2024-03-14,1,1.74
2024-03-18,1,1.71
2024-03-19,2,2.08
2024-03-20,4,3.26
2024-03-22,1,2.54
2024-03-26,3,2.32
2024-03-28,1,1.99
2024-03-29,1,1.7
2024-03-30,1,2.65
2024-03-31,1,1.94
2024-04-01,2,2.45
2024-04-02,3,1.8
2024-04-03,1,2.5
2024-04-05,2,2.2
2024-04-06,1,2.33
2024-04-07,1,1.78
2024-04-08,1,2.01
2024-04-09,1,2.23
2024-04-13,1,1.73
2024-04-14,4,2.64
2024-04-15,1,1.72
2024-04-16,14,3.91
2024-04-17,3,2.25
2024-04-18,8,4.32
2024-04-19,5,3.16
2024-04-20,4,2.47
2024-04-21,2,2.51
2024-04-22,4,1.87
2024-04-23,1,1.98
2024-04-24,1,2.04
2024-04-25,1,1.9
2024-04-26,1,2.03
2024-04-27,5,2
2024-04-29,1,1.86
2024-05-01,2,1.89
2024-05-04,2,2.41
2024-05-05,2,1.8
2024-05-06,2,2.41
2024-05-07,2,2.74
2024-05-08,2,1.8
2024-05-10,2,2.27
2024-05-12,2,2.63
2024-05-16,1,2.14
2024-05-17,1,1.77
2024-05-18,2,2.32
2024-05-19,3,3.27
2024-05-20,2,2.09
2024-05-21,1,2.93
2024-05-23,1,1.88
2024-05-24,2,2.29
2024-05-25,1,1.88
2024-05-27,1,1.82
2024-05-28,1,1.93
2024-05-30,1,1.93
2024-05-31,2,2.27
2024-06-01,1,1.74
2024-06-03,3,2.59
2024-06-05,1,1.92
2024-06-06,1,1.85
2024-06-09,1,2.06
2024-06-15,2,2.37
2024-06-16,2,3.33
2024-06-17,1,1.94
2024-06-20,2,2.38
2024-06-21,1,1.93
2024-06-22,1,2.92
2024-06-24,2,2.47
2024-06-25,1,1.73
2024-06-26,1,2.17
2024-06-27,1,2.61
2024-06-29,1,3.86
2024-06-30,1,2.4
2024-07-02,1,1.98
2024-07-03,5,2.37
2024-07-04,2,3.13
2024-07-06,2,2.43
2024-07-08,2,2.15
2024-07-09,1,2.11
2024-07-10,1,1.88
2024-07-12,2,1.85
2024-07-13,1,1.93
2024-07-16,1,3.02
2024-07-21,1,1.87
2024-07-22,1,1.73
2024-07-23,2,2.71
2024-07-24,1,3.04
2024-07-27,1,2.07
2024-07-29,8,4.87
2024-07-30,3,2.66
2024-07-31,1,1.82
2024-08-01,2,2.17
2024-08-02,2,2.07
2024-08-03,2,2.23
2024-08-04,2,2.04
2024-08-05,3,2.17
2024-08-06,2,2.05
2024-08-08,1,1.95
2024-08-09,2,2.02
2024-08-10,3,2.77
2024-08-11,4,3.77
2024-08-12,3,2.28
2024-08-13,1,2.18
2024-08-14,5,2.6
2024-08-16,3,2.63
2024-08-18,2,1.78
2024-08-19,3,2.69
2024-08-20,2,2.16
2024-08-21,3,2.28
2024-08-23,3,2.44
2024-08-24,1,1.76
2024-08-26,1,2.29
2024-08-28,2,2.22
2024-08-29,2,2.03
2024-08-31,1,2
2024-09-01,2,2.45
2024-09-02,2,1.9
2024-09-03,2,2.66
2024-09-05,4,2.11
2024-09-09,1,1.89
2024-09-10,2,2.16
2024-09-11,1,1.96
2024-09-13,1,1.73
2024-09-14,1,2.58
2024-09-15,1,1.89
2024-09-16,2,2.61
2024-09-21,1,1.74
2024-09-23,1,2.01
2024-09-24,1,2.01
2024-09-26,4,3.75
2024-09-27,5,2.72
2024-09-28,6,2.5
2024-09-29,1,2.03
2024-10-01,1,2.61
2024-10-02,2,2.91
2024-10-04,1,1.73
2024-10-06,3,3.59
2024-10-08,1,2.11
2024-10-09,1,2.38
2024-10-12,1,3.13
2024-10-13,1,1.99
2024-10-14,1,1.77
2024-10-15,1,1.73
2024-10-21,1,1.89
2024-10-23,2,2.02
2024-10-24,2,2.03
2024-10-25,1,2.08
2024-10-26,1,1.98
2024-10-27,4,3.27
2024-10-29,2,2.54
2024-10-30,1,2.55
2024-10-31,3,2.06
2024-11-01,1,1.76
2024-11-05,1,2.23
2024-11-07,2,2.33
2024-11-08,1,1.71
2024-11-11,2,2.16
2024-11-13,2,3.29
2024-11-14,2,2.37
2024-11-15,1,1.91
2024-11-17,1,2.88
2024-11-18,2,2.36
2024-11-20,3,2.24
2024-11-21,1,2.55
2024-11-23,2,1.94
2024-11-24,1,2.2
2024-11-26,2,2.45
2024-11-27,1,2.31
2024-11-28,1,1.72
2024-12-02,1,2.33
2024-12-03,2,3.1
2024-12-05,4,2.91
2024-12-06,1,1.8
2024-12-07,1,2.1
2024-12-08,1,2.39
2024-12-09,2,1.83
2024-12-12,1,1.92
2024-12-14,1,2.61
2024-12-15,1,1.72
2024-12-16,1,1.7
2024-12-19,1,1.71
2024-12-22,1,3.55
2024-12-23,2,1.92
2024-12-24,1,2.24
2024-12-28,2,2.12
2024-12-29,3,1.87
2024-12-30,2,1.85
2024-12-31,1,2.09
2025-01-01,1,1.88
2025-01-02,2,2.12
2025-01-04,2,2.03
2025-01-07,1,1.91
2025-01-09,1,1.82
2025-01-10,2,1.73
2025-01-11,2,2.07
2025-01-13,2,3.1
2025-01-15,2,2.74
2025-01-16,2,2.02
2025-01-17,2,2.41
2025-01-18,1,3.16
2025-01-19,1,2.38
2025-01-20,1,1.93
2025-01-21,2,2.19
2025-01-22,2,2.6
2025-01-23,3,3.46
2025-01-24,1,2.14
2025-01-27,3,2.23
2025-01-28,2,2.68
2025-01-29,2,2.22
2025-02-01,1,1.94
2025-02-02,1,1.76
2025-02-03,2,1.99
2025-02-07,1,1.85
2025-02-09,1,2.19
2025-02-10,1,3.27
2025-02-11,2,2.57
2025-02-12,1,1.72
2025-02-14,3,2.01
2025-02-15,1,1.74
2025-02-17,1,1.87
2025-02-18,2,3.15
2025-02-19,1,2.19
2025-02-21,1,1.94
2025-02-22,2,2.62
2025-02-25,1,2.5
2025-02-26,4,2.27
2025-02-27,4,2.55
2025-02-28,1,1.9
2025-03-01,1,1.78
2025-03-02,1,2.12
2025-03-03,1,2.45
2025-03-04,2,2.37
2025-03-09,3,2.08
2025-03-10,1,2.64
2025-03-11,2,2.21
2025-03-13,2,2.2
2025-03-15,1,1.75
2025-03-16,4,1.92
2025-03-18,1,1.77
2025-03-21,1,1.84
2025-03-23,2,2.55
2025-03-24,2,2.71
2025-03-25,1,1.83
2025-03-26,1,2.34
2025-03-28,1,2.95
2025-03-29,1,2.58
2025-03-30,1,1.75
2025-03-31,3,2.31
2025-04-01,4,2.98
2025-04-02,4,2.19
2025-04-03,4,2.44
2025-04-04,1,1.9
2025-04-06,1,1.83
2025-04-07,1,1.7
2025-04-08,1,2.54
2025-04-09,3,2.27
2025-04-10,4,3.47
2025-04-11,7,2.08
2025-04-12,4,2.41
2025-04-13,1,2.1
2025-04-14,4,2.99
2025-04-15,6,2.59
2025-04-16,1,2.47
2025-04-17,1,1.99
2025-04-19,3,3.37
2025-04-20,2,2.7
2025-04-23,4,2.8
2025-04-24,4,2.49
2025-04-26,2,1.89
2025-04-27,3,2.32
2025-04-28,4,3.34
2025-04-29,1,2.45
2025-04-30,5,2.42
2025-05-01,7,3.4
2025-05-02,1,2.01
2025-05-03,4,2.38
2025-05-04,1,2.65
2025-05-05,1,1.71
2025-05-06,2,2.24
2025-05-07,1,1.91
2025-05-08,4,2.05
2025-05-09,2,2.04
2025-05-10,1,1.83
2025-05-11,2,1.85
2025-05-14,1,1.77
2025-05-15,2,2.66
2025-05-16,3,2.1
2025-05-17,1,1.82
2025-05-18,1,2.07
2025-05-19,2,1.87
2025-05-21,2,1.98
2025-05-24,1,2.64
2025-05-26,3,2.34
2025-05-27,1,1.95
2025-06-01,1,1.84
2025-06-02,1,1.7
2025-06-04,3,2.35
2025-06-05,3,2.07
2025-06-06,1,1.7
2025-06-07,4,2.68
2025-06-10,2,2.07
2025-06-12,5,2.82
2025-06-13,3,2.72
2025-06-15,6,3.21
2025-06-17,2,2.13
2025-06-18,5,2.49
2025-06-19,1,2.01
2025-06-20,1,1.73
2025-06-22,1,2
2025-06-23,2,2.26
2025-06-25,1,2.7
2025-06-26,2,1.98
2025-06-28,5,2.73
2025-06-29,2,2.44
2025-06-30,2,2.21
2025-07-01,2,1.79
2025-07-02,1,1.84
2025-07-08,1,2.48
2025-07-09,1,1.74
2025-07-12,1,1.78
2025-07-13,4,3.98
2025-07-14,3,2.57
2025-07-15,7,2.64
2025-07-16,5,2.66
2025-07-17,1,3.11
2025-07-18,1,2.1
2025-07-19,2,2.43
2025-07-20,1,2.94
2025-07-21,1,2.21
2025-07-22,3,2.53
2025-07-24,3,1.9
2025-07-25,1,2.22
2025-07-26,1,2.31
2025-07-27,1,1.79
2025-07-28,1,2.12
2025-07-30,1,2.3
2025-08-03,1,1.7
2025-08-04,1,2.05
2025-08-05,5,2.67
2025-08-06,2,1.94
2025-08-07,3,1.98
2025-08-09,1,2.32
2025-08-12,3,2.23
2025-08-13,1,2.27
2025-08-14,1,2.37
2025-08-16,2,1.92
2025-08-17,2,2.86
2025-08-18,2,2.13
2025-08-19,1,2.76
2025-08-20,1,1.79
2025-08-21,1,1.96
2025-08-22,1,1.74
2025-08-24,1,1.95
2025-08-26,2,1.86
2025-08-27,1,1.74
2025-08-28,1,2.02
2025-08-29,3,2.17
2025-08-30,1,1.87
2025-08-31,1,1.85
2025-09-01,3,2.54
2025-09-02,1,1.94
2025-09-04,1,2.01
2025-09-05,1,1.75
2025-09-06,1,1.82
2025-09-07,3,2.29
2025-09-09,4,2.64
2025-09-10,1,3.06
2025-09-11,2,2.57
2025-09-12,3,2.56
2025-09-13,3,2.85
2025-09-14,1,2.4
2025-09-15,1,2.61
2025-09-17,1,1.76
2025-09-18,2,1.82
2025-09-19,2,2.36
2025-09-20,1,1.96
2025-09-21,3,2.85
2025-09-22,1,1.72
2025-09-23,1,2.04
2025-09-24,1,1.7
2025-09-25,3,2.72
2025-09-26,1,2.14
2025-09-27,1,2.01
2025-09-28,2,1.93
2025-09-29,3,3.1
2025-09-30,1,2.13
2025-10-03,2,1.78
2025-10-04,1,1.95
2025-10-06,1,1.95
2025-10-07,2,2.43
2025-10-10,1,2.83
2025-10-16,2,1.98
2025-10-17,1,2.08
2025-10-18,2,2.31
2025-10-22,2,2.52
2025-10-24,1,2.47
2025-10-25,3,2.88
2025-10-26,1,3.07
2025-10-27,3,1.97
2025-10-28,1,1.97
2025-10-30,1,1.87
2025-10-31,2,2.35
2025-11-01,2,1.94
2025-11-03,3,1.92
2025-11-04,3,2.18
2025-11-07,2,2.33
2025-11-11,1,2.5
2025-11-12,2,1.98
2025-11-14,1,1.88
2025-11-19,1,1.93
2025-11-20,1,1.76
2025-11-21,3,2.77
2025-11-23,1,2.52
2025-11-24,1,1.93
2025-11-25,4,2.44
2025-11-26,1,2.06
2025-11-27,1,2.28
2025-11-28,2,2.55
2025-11-29,1,1.73
2025-11-30,2,2.21
2025-12-02,1,2.39
2025-12-03,5,3.2
2025-12-04,1,1.77
2025-12-05,1,2.01
2025-12-06,1,1.7
2025-12-09,1,1.86
2025-12-10,2,2.49
2025-12-11,1,2.36
2025-12-14,1,1.85
2025-12-16,1,2
2025-12-17,1,3.07
2025-12-18,4,3.56
2025-12-19,1,1.71
2025-12-21,1,1.84
2025-12-24,2,2.19
2025-12-26,2,1.83
2025-12-27,2,2.1
2025-12-29,3,1.95
2025-12-30,9,2.36
2025-12-31,1,1.82
2026-01-01,1,2.08
2026-01-02,1,2.17
2026-01-03,3,2.03
2026-01-05,1,1.7
2026-01-06,1,1.72
2026-01-07,1,3.28
2026-01-08,1,3.01
2026-01-09,3,1.87
2026-01-10,3,2.68
2026-01-11,2,2.73
2026-01-13,2,3.12
2026-01-14,1,1.89
2026-01-16,3,2.2
2026-01-17,1,3.01
2026-01-18,4,3.55
2026-01-19,1,1.91
2026-01-23,5,2.02
2026-01-24,3,1.82
2026-01-25,2,2.19
2026-01-26,2,2.11
2026-01-27,1,1.76
2026-01-28,2,2.81
2026-01-29,2,3.16
2026-01-30,1,2.06
2026-02-02,2,1.88
2026-02-03,1,1.82
2026-02-04,4,2.43
2026-02-06,1,1.84
2026-02-07,2,1.97
2026-02-09,2,2.55
2026-02-10,2,2.74
2026-02-12,2,2.97
2026-02-13,2,2.52
2026-02-15,1,2
2026-02-16,1,2.12
2026-02-17,2,2.02
2026-02-18,2,1.74
2026-02-19,3,2.36
2026-02-23,1,2.69
2026-02-24,1,2.38
2026-02-26,3,3.55
2026-02-27,1,1.83
2026-02-28,1,1.92
2026-03-02,1,1.71
2026-03-03,2,2.07
2026-03-04,2,2.95
2026-03-05,1,2.05
2026-03-08,1,1.88
2026-03-09,1,1.73
2026-03-13,3,2.45
2026-03-17,2,2.44
2026-03-21,2,2.55
2026-03-23,2,2.34
2026-03-26,1,1.73
2026-03-27,7,4.11
2026-03-28,8,3.34
2026-03-30,2,2.28
2026-04-01,3,3.93
2026-04-03,3,2.04
2026-04-04,1,2.58
2026-04-06,3,3.16
2026-04-07,1,2.37
2026-04-08,1,2.69
2026-04-10,1,1.84
2026-04-11,1,2.29
2026-04-14,2,1.83
2026-04-15,2,2.38
2026-04-16,3,1.87
2026-04-17,1,3.54
2026-04-19,1,1.79
2026-04-20,5,3.18
2026-04-21,1,2.62
2026-04-24,1,3.27
2026-04-27,1,1.88
2026-04-30,1,1.99
2026-05-04,1,1.94
2026-05-05,2,2.86
2026-05-06,1,1.86
2026-05-07,1,3.12
2026-05-08,1,2.08
2026-05-10,1,1.81
2026-05-11,7,2.87
2026-05-12,2,1.77
2026-05-13,2,2.04
2026-05-14,2,2.46
2026-05-16,3,2.36
2026-05-17,2,2.05
2026-05-20,1,2.08
