"start_time","center_time","end_time","n_total","mc_maxc","mc_mbs","n_above_1_7","b_at_1_7","delta_b_1_7","n_above_2_0","b_at_2_0","delta_b_2_0"
2000-05-20 00:10:33.14,2000-06-08 12:38:44.41,2000-06-28 01:06:55.68,1000,1.3,2.1,271,1.1483442735465,0.0776079093833482,97,0.934484577298479,0.101854869045847
2000-05-27 16:40:44.69,2000-06-17 08:45:20.965,2000-07-08 00:49:57.24,1000,1.3,1.7,245,1.1858035001259,0.0777688787977682,93,1.08486131659958,0.119110016880844
2000-06-06 17:03:13.27,2000-06-25 22:58:11.935,2000-07-15 04:53:10.6,1000,1.3,1.3,242,1.11452030350569,0.0777737184827321,90,0.906038557517216,0.0948649589156461
2000-06-17 17:35:22.25,2000-07-06 21:41:14.905,2000-07-26 01:47:07.56,1000,1.3,1.3,233,1.04223518676957,0.0694694855596078,90,0.86647092377062,0.0837833598387472
2000-06-28 01:39:26.02,2000-07-17 19:40:19.66,2000-08-06 13:41:13.3,1000,1.1,1.7,234,1.12280310203691,0.0708726505395064,86,0.955470080421582,0.0882994041338392
2000-07-08 01:15:03.71,2000-07-28 14:36:07.045,2000-08-18 03:57:10.38,1000,1.1,1.4,227,1.10781938860589,0.0730156070522948,81,0.884310031024721,0.0804493050800665
2000-07-15 05:01:51.61,2000-08-06 12:00:08.29,2000-08-28 18:58:24.97,1000,1.3,1.3,204,1.14806368158952,0.0792066955373881,74,0.946621256578516,0.0896270373288691
2000-07-26 04:38:04.62,2000-08-18 12:14:52.86,2000-09-10 19:51:41.1,1000,1.3,1.3,207,1.21633010085202,0.0858388906750324,68,0.952338754254147,0.0964096635854731
2000-08-06 14:31:14.88,2000-08-27 10:13:56.485,2000-09-17 05:56:38.09,1000,1.3,1.3,195,1.19784192321265,0.0888597534470432,64,0.906550777619312,0.0930688900097903
2000-08-18 07:55:55.29,2000-09-06 06:40:31.38,2000-09-25 05:25:07.47,1000,1.3,1.3,186,1.21544949795373,0.096292194013748,62,0.939178858667653,0.11135363787329
2000-08-28 19:01:44.6,2000-09-14 10:58:37.13,2000-10-01 02:55:29.66,1000,1.3,1.3,168,1.25083958442905,0.103579868553334,54,0.979202589677478,0.129731110038866
2000-09-10 19:53:18.93,2000-09-26 08:17:51.665,2000-10-11 20:42:24.4,1000,1.3,1.3,170,1.12511523809133,0.0872437372140695,65,0.949836518294461,0.104879449255493
2000-09-17 06:11:16.82,2000-10-06 09:35:15.05,2000-10-25 12:59:13.28,1000,1.1,1.3,174,1.01966320133809,0.0738827802467696,78,0.986170875937515,0.108265732326539
2000-09-25 05:51:56.67,2000-10-16 19:50:28.53,2000-11-07 09:49:00.39,1000,1.3,1.3,199,1.02874183905186,0.0631258856821125,91,1.08484210412286,0.10662585094671
2000-10-01 02:55:37.42,2000-10-28 15:52:45.35,2000-11-25 04:49:53.28,1000,1.3,1.3,235,1.08090662197907,0.060575376433196,108,1.19257065968856,0.110353299008759
2000-10-11 22:14:18.29,2000-11-10 22:50:15.14,2000-12-10 23:26:11.99,1000,1.3,1.3,222,1.14682258811136,0.0663540389734175,100,1.30536363661933,0.129705807947677
2000-10-25 15:18:07.76,2000-11-26 08:13:57.385,2000-12-28 01:09:47.01,1000,1.3,1.3,240,1.16263999617156,0.0611908781329822,107,1.31010740241466,0.106613339746964
2000-11-07 10:50:23.62,2000-12-13 10:23:31.49,2001-01-18 09:56:39.36,1000,1.3,1.5,252,1.23162513436439,0.069055626257804,106,1.30633413966358,0.113964095831107
2000-11-25 04:55:31.6,2001-01-03 00:19:12.885,2001-02-10 19:42:54.17,1000,1.3,1.5,248,1.25267540721105,0.0744583721057057,98,1.2240684275674,0.109516990922049
2000-12-10 23:50:53.69,2001-01-18 17:03:23.495,2001-02-26 10:15:53.3,1000,1.3,1.3,256,1.12792317507591,0.065258628907272,111,1.12291375474635,0.0964504351383045
2000-12-28 03:55:23.91,2001-02-01 09:19:39.765,2001-03-08 14:43:55.62,1000,1.3,1.5,239,1.21299966313985,0.0726673271931086,96,1.22193054697281,0.118456257856428
2001-01-18 14:39:57.86,2001-02-19 00:24:31.825,2001-03-22 10:09:05.79,1000,1.3,1.5,270,1.05099498175027,0.0542044548298269,122,1.07888264695982,0.0795385611732568
2001-02-10 21:52:04.67,2001-03-13 11:49:37.49,2001-04-13 01:47:10.31,1000,1.1,2.1,365,0.956884497734437,0.039803492475826,183,1.04121433497046,0.0618344588253254
2001-02-26 14:29:31.45,2001-03-26 15:54:08.98,2001-04-23 17:18:46.51,1000,1.6,2.2,479,0.912559470221344,0.0323763338982657,252,1.00258528251758,0.0488963439736399
2001-03-08 14:51:11.82,2001-04-02 21:46:30.995,2001-04-28 04:41:50.17,1000,1.6,1.8,589,0.942796144187731,0.0309879054771197,288,0.980072173547536,0.0436243274729131
2001-03-22 10:37:52.42,2001-04-18 03:56:05.125,2001-05-14 21:14:17.83,1000,1.6,2.4,650,1.0058127743074,0.0315848165474822,307,1.07194409024199,0.0484966222005166
2001-04-13 03:08:04.18,2001-05-01 06:33:03.125,2001-05-19 09:58:02.07,1000,1.6,1.8,645,1.0016446428792,0.0331994335386258,304,1.04932063661253,0.0515426273039092
2001-04-23 17:20:47.52,2001-05-15 12:53:54.28,2001-06-06 08:27:01.04,1000,1.6,1.8,604,1.07930327135272,0.0371295475712853,268,1.1378523917301,0.0607980682023124
2001-04-28 09:42:15.07,2001-05-27 10:54:10.525,2001-06-25 12:06:05.98,1000,1.6,2,582,1.06780190303617,0.036563146439629,277,1.19665345157864,0.0638921006133343
2001-05-14 23:28:52.46,2001-06-14 09:17:43.205,2001-07-14 19:06:33.95,1000,1.6,1.9,540,0.989657003957277,0.036644782476899,266,1.05935196869569,0.0587466708566223
2001-05-19 10:02:58.28,2001-06-17 09:31:08.125,2001-07-16 08:59:17.97,1000,1.6,2.4,473,1.02777450312822,0.0379228227503844,228,1.13048455159198,0.0613622750350015
2001-06-06 09:01:25.52,2001-06-26 23:18:50.715,2001-07-17 13:36:15.91,1000,1.6,1.6,467,0.864442601009371,0.0361981952333272,248,0.890344974059737,0.0530756296974187
2001-06-25 12:30:38.24,2001-07-06 14:59:36.165,2001-07-17 17:28:34.09,1000,1.5,1.5,406,0.803955679612987,0.035129657347751,230,0.844930898644459,0.0509952211419615
2001-07-14 19:13:42.98,2001-07-16 09:34:40.35,2001-07-17 23:55:37.72,1000,1.5,1.5,339,0.793841417907917,0.0377821406203302,192,0.825181004704843,0.0531773699529794
2001-07-16 09:07:07.55,2001-07-17 09:04:59.98,2001-07-18 09:02:52.41,1000,1.5,1.5,338,0.799648825425174,0.0386652806867357,193,0.843078203654472,0.0566060405488983
2001-07-17 13:36:25.14,2001-07-18 06:22:58.42,2001-07-18 23:09:31.7,1000,1,1.5,248,0.986309812381011,0.0490910922917155,123,1.08441374896671,0.0768136785233121
2001-07-17 17:30:58.35,2001-07-18 17:11:02.34,2001-07-19 16:51:06.33,1000,1,1.6,192,1.01342416778591,0.060694751116534,88,1.05312522478606,0.0937882997670688
2001-07-17 23:57:08.48,2001-07-19 04:03:02.135,2001-07-20 08:08:55.79,1000,1,1.5,193,0.986684343817865,0.0622421578590848,88,0.960973457568171,0.0847508143155036
2001-07-18 09:05:08.65,2001-07-19 16:22:04.13,2001-07-20 23:38:59.61,1000,1,1.5,258,1.07438849679777,0.0642623714980383,102,0.93219775156001,0.0778807788636711
2001-07-18 23:17:47.73,2001-07-20 14:14:56.08,2001-07-22 05:12:04.43,1000,1,1.5,298,1.11501469464262,0.0632850812618316,115,0.969219200832019,0.0800525446186948
2001-07-19 16:53:29.31,2001-07-21 18:59:24.8,2001-07-23 21:05:20.29,1000,1,1.5,302,1.12330364452537,0.0637804053071166,116,0.968252160307077,0.0791550898980138
2001-07-20 08:13:31.92,2001-07-22 19:33:14.12,2001-07-25 06:52:56.32,1000,1,1.5,278,1.10481209708184,0.0638008423733531,112,1.00084325047663,0.0847363619101966
2001-07-20 23:39:47.95,2001-07-24 08:46:33.625,2001-07-27 17:53:19.3,1000,1,1.4,182,1.07422663368295,0.0791880551282421,71,0.872768418203534,0.080963473167562
2001-07-22 05:26:17.18,2001-07-25 20:59:50.565,2001-07-29 12:33:23.95,1000,1,1.9,228,1.12662580354923,0.0763531909808919,80,0.861481739455992,0.0765117373135881
2001-07-23 21:07:43.56,2001-07-28 02:20:32.045,2001-08-01 07:33:20.53,1000,1.6,1.9,261,1.13680533323387,0.0740440186663302,89,0.848008093229254,0.0744265596356853
2001-07-25 07:13:40.62,2001-07-30 05:23:06.185,2001-08-04 03:32:31.75,1000,1.6,1.9,276,1.25172595034772,0.0814580642404724,86,0.911181396527925,0.0845905556762518
2001-07-27 17:53:56,2001-08-02 04:49:22.375,2001-08-07 15:44:48.75,1000,1.3,1.9,257,1.2383632735952,0.0823288708496408,81,0.925976652649734,0.0909807761904234
2001-07-29 13:13:32.11,2001-08-05 08:38:36.585,2001-08-12 04:03:41.06,1000,1.3,1.3,180,1.22682057034817,0.0962299908283545,59,0.940307318616215,0.106464127922387
2001-08-01 07:34:49.32,2001-08-09 19:10:25.925,2001-08-18 06:46:02.53,1000,1.3,1.5,189,1.3879211545437,0.0947130559395018,53,1.08984884189737,0.106593875882829
2001-08-04 03:56:41.69,2001-08-14 18:16:07.3,2001-08-25 08:35:32.91,1000,1.1,1.5,197,1.25448699318095,0.0827480793777209,60,0.987781232532036,0.0902080941083283
2001-08-07 15:58:23.09,2001-08-21 07:20:52.07,2001-09-03 22:43:21.05,1000,1.3,1.5,236,1.30965368935813,0.0765613436019433,74,1.1296236084654,0.0998710582826139
2001-08-12 05:18:58.48,2001-08-29 12:21:25.09,2001-09-15 19:23:51.7,1000,1.3,1.5,266,1.34328293239843,0.0717469423991,85,1.23668445433087,0.104884416839644
2001-08-18 08:20:43.66,2001-09-07 20:57:44.62,2001-09-28 09:34:45.58,1000,1.3,1.5,272,1.32549482807097,0.070318663409745,92,1.28970601469009,0.116677186252633
2001-08-25 09:18:19.91,2001-09-18 23:34:09.43,2001-10-13 13:49:58.95,1000,1.3,1.6,269,1.3796081203587,0.0732223220263201,90,1.39296163119361,0.131922135498559
2001-09-03 23:15:45.34,2001-10-01 10:12:51.39,2001-10-28 21:09:57.44,1000,1.3,1.5,260,1.31604388455531,0.0707268826270015,91,1.35021516409962,0.132177469829521
2001-09-15 20:00:56.47,2001-10-17 03:25:21.9,2001-11-17 10:49:47.33,1000,1.3,1.5,248,1.25180185392848,0.0707264661934553,88,1.21907222990386,0.119833264051517
2001-09-28 10:20:55.85,2001-11-05 07:08:14.58,2001-12-13 03:55:33.31,1000,1.3,1.7,234,1.13929269916324,0.0644263156471129,92,1.12264940531327,0.101146821211642
2001-10-13 14:16:36.83,2001-11-27 19:03:59.325,2002-01-11 23:51:21.82,1000,1.3,1.5,241,1.1895098322387,0.06537778011778,89,1.16986104386772,0.10661497931377
2001-10-29 00:05:49.07,2001-12-21 05:32:30.025,2002-02-12 10:59:10.98,1000,1.3,1.5,254,1.1538786443873,0.0626640846586451,99,1.1044221348169,0.0869314017866184
2001-11-17 13:04:34.48,2002-01-11 11:39:39.2,2002-03-07 10:14:43.92,1000,1.3,1.5,228,1.09292651074991,0.0649438031541227,93,1.00321378084954,0.0796226332207904
2001-12-13 05:47:38.02,2002-02-06 08:59:49.895,2002-04-02 12:12:01.77,1000,1.1,1.5,205,1.07136424536903,0.0721143178134185,81,0.895794576882184,0.0758856848619792
2002-01-11 23:52:02.57,2002-03-08 07:01:12.64,2002-05-02 14:10:22.71,1000,1.1,1.4,195,0.957785839981159,0.067949903005023,90,0.854910397447346,0.0784847614122562
2002-02-12 13:27:57.66,2002-04-04 17:17:28.91,2002-05-25 21:07:00.16,1000,1.1,1.2,157,0.852089898260566,0.0641200094192665,80,0.796505239620819,0.0761384681804845
2002-03-07 11:23:53.83,2002-04-26 23:21:08.54,2002-06-16 11:18:23.25,1000,1.1,1.4,154,0.901730486896329,0.0692408466985877,75,0.844273876172729,0.0867587621844239
2002-04-02 22:30:57.4,2002-05-19 22:44:38.875,2002-07-05 22:58:20.35,1000,1.1,1.5,156,1.02434138459189,0.0791410829485342,68,0.966362067062209,0.113047823430136
2002-05-02 15:44:26.95,2002-06-12 05:21:58.7,2002-07-22 18:59:30.45,1000,1.1,1.5,164,1.13144233569711,0.0761353549959932,65,1.06084709972609,0.0965528508641973
2002-05-25 21:14:19.61,2002-07-04 21:14:47.625,2002-08-13 21:15:15.64,1000,1,1.6,168,1.20657306035631,0.0816239023238875,62,1.13804978351655,0.116074755906596
2002-06-16 11:43:29.39,2002-07-29 13:13:04.82,2002-09-10 14:42:40.25,1000,1,1.6,174,1.16526198691081,0.0784454197328599,67,1.10385926735652,0.111360973831965
2002-07-06 00:47:40.2,2002-08-18 20:33:40.15,2002-10-01 16:19:40.1,1000,1.1,1.4,187,1.00003778002596,0.0737993696320439,81,0.894200636353924,0.095108522020365
2002-07-22 19:13:51.21,2002-09-10 06:04:40.195,2002-10-29 16:55:29.18,1000,1.1,1.4,188,0.934929149179106,0.0721455013780118,84,0.822193745320557,0.0919704224674948
2002-08-13 21:31:19.33,2002-10-01 04:45:13.42,2002-11-18 11:59:07.51,1000,1.1,1.4,216,0.946118084630382,0.066646271074897,95,0.816504567203818,0.0799030221679652
2002-09-10 17:26:39.36,2002-10-26 12:17:08.47,2002-12-11 07:07:37.58,1000,1.1,1.5,241,0.993969327053026,0.066433503026352,104,0.876341212998412,0.0852709362887305
2002-10-01 21:36:42.26,2002-11-17 09:48:14.68,2003-01-02 21:59:47.1,1000,1.1,1.6,275,1.00455027776427,0.0556592681713577,129,1.01529518241246,0.0847926174652411
2002-10-29 16:57:24.19,2002-12-05 19:33:30.515,2003-01-11 22:09:36.84,1000,1.1,2.6,324,0.953329350519333,0.0423074392536908,162,1.01114840569599,0.0604890683818211
2002-11-18 12:04:31,2002-12-23 13:33:53.64,2003-01-27 15:03:16.28,1000,1.3,1.6,326,0.918456056441519,0.0432393158957488,170,0.979958347803992,0.0656045747150504
2002-12-11 07:46:26.75,2003-01-09 15:47:04.955,2003-02-07 23:47:43.16,1000,1.6,1.5,348,0.912868323884583,0.0408379231199319,181,0.978189412947841,0.062470346789589
2003-01-02 22:07:31.46,2003-01-30 16:28:22.08,2003-02-27 10:49:12.7,1000,1.5,1.5,332,0.917328973100137,0.0407763439841286,177,1.0161285300314,0.0643855728989221
2003-01-11 22:17:25.85,2003-02-16 20:10:20.17,2003-03-24 18:03:14.49,1000,1.5,1.5,271,0.987529825438674,0.0513752279546155,136,1.08893896642408,0.0875302671788193
2003-01-27 15:19:43.17,2003-03-14 23:52:55.825,2003-04-30 08:26:08.48,1000,1.3,1.5,260,1.11787511429408,0.0548291540796382,120,1.25760950358085,0.0893610335957103
2003-02-08 00:07:31.34,2003-04-05 13:21:34.02,2003-06-01 02:35:36.7,1000,1.3,1.5,230,1.05914251763066,0.0599045561729868,111,1.11874419798703,0.08563926120399
2003-02-27 12:14:10.77,2003-05-01 07:17:22.775,2003-07-03 02:20:34.78,1000,1.1,1.5,205,1.15100670704805,0.0741098258414412,85,1.08958178753767,0.0960706861011546
2003-03-24 21:13:45.83,2003-05-30 04:15:11.1,2003-08-04 11:16:36.37,1000,1.1,1.4,190,1.15649546687621,0.0853702575229097,76,1.01714578196139,0.105503458361493
2003-04-30 23:00:14.08,2003-07-04 13:28:46.54,2003-09-07 03:57:19,1000,1.1,1.4,180,1.07720830567156,0.0810090755521487,72,0.917254405897158,0.0954948205880454
2003-06-01 06:16:55.01,2003-08-04 22:45:53.63,2003-10-08 15:14:52.25,1000,1.1,1.6,167,1.26685027908896,0.0982178981452145,57,1.13190605708666,0.154818558017422
2003-07-03 05:45:21.06,2003-09-17 13:59:28.595,2003-12-02 22:13:36.13,1000,1.1,1.7,189,1.26532537505341,0.0941718658588332,65,1.11401504829169,0.143190359446841
2003-08-04 11:40:02.7,2003-10-11 17:33:11.47,2003-12-18 23:26:20.24,1000,1.1,1.8,185,1.26149284270846,0.0947414073453757,62,1.06343830481839,0.13064674835791
2003-09-07 06:28:39.95,2003-11-06 07:35:05.345,2004-01-05 08:41:30.74,1000,1.1,1.8,157,1.26220351089986,0.104909055096354,52,1.04892304036085,0.143860088239562
2003-10-08 19:21:06.51,2003-12-02 18:05:44.09,2004-01-26 16:50:21.67,1000,1.1,1.5,144,1.17113118715484,0.103354180329725,50,0.910089023267502,0.113621728252386
2003-12-02 22:14:18.29,2004-01-11 16:10:08.83,2004-02-20 10:05:59.37,1000,1.1,1.3,113,1.10629568203488,0.106665229687311,42,0.888473854843477,0.116386299173503
2003-12-19 03:48:53.5,2004-01-29 00:43:11.555,2004-03-09 21:37:29.61,1000,1.1,1.5,110,1.08870540130715,0.0925450619457374,48,1.08800287741942,0.135712668333526
2004-01-05 10:15:25.18,2004-02-15 20:56:30.76,2004-03-28 07:37:36.34,1000,1.1,1.3,122,1.17376887000879,0.101928107267224,51,1.14583644992581,0.150542914296826
2004-01-26 17:00:03.98,2004-03-02 23:24:03.365,2004-04-08 05:48:02.75,1000,1.1,1.5,156,1.19890177272885,0.0937497059307093,62,1.14385122676303,0.14088760187155
2004-02-20 10:50:02.79,2004-03-25 10:47:46.04,2004-04-28 10:45:29.29,1000,1.1,1.5,150,1.14348204819182,0.0894360472175042,63,1.09970065755245,0.127894749753762
2004-03-09 22:11:24.93,2004-04-12 15:18:47.875,2004-05-16 08:26:10.82,1000,1.1,1.5,138,1.19363948421925,0.102396771439041,53,1.04911611398689,0.129944983310652
2004-03-28 07:40:13.97,2004-04-28 15:16:28.05,2004-05-29 22:52:42.13,1000,1.1,1.5,129,1.22403295096175,0.0972221241934661,49,1.17441664532336,0.141915617597298
2004-04-08 09:12:58.76,2004-05-12 19:32:01.66,2004-06-16 05:51:04.56,1000,1.1,1.2,84,1.19766042284547,0.100170944552592,35,1.32637930773244,0.160842114840503
2004-04-28 11:01:47.92,2004-05-29 12:46:16.76,2004-06-29 14:30:45.6,1000,1.1,1.5,83,1.29570244421171,0.141852971340845,27,NA,NA
2004-05-16 08:54:31.34,2004-06-14 21:55:40.085,2004-07-14 10:56:48.83,1000,1.1,1.5,84,1.24934029040661,0.136848313632588,27,NA,NA
2004-05-30 00:17:19.15,2004-06-27 13:54:09.44,2004-07-26 03:30:59.73,1000,0.5,1.5,78,1.21285247362885,0.139839314417119,25,NA,NA
2004-06-16 05:54:10.23,2004-07-13 01:03:05,2004-08-08 20:11:59.77,1000,0.5,1.5,80,1.33783436858915,0.166056083479704,20,NA,NA
2004-06-29 14:48:33.1,2004-07-29 05:18:11.85,2004-08-27 19:47:50.6,1000,0.5,1.5,85,1.26594756384693,0.12663897785323,26,NA,NA
2004-07-14 13:15:21.78,2004-08-15 19:42:48.415,2004-09-17 02:10:15.05,1000,1.1,1,89,1.10466444382365,0.119253913087595,33,0.919289153483471,0.148540328018255
2004-07-26 03:32:16.2,2004-08-28 08:08:57.87,2004-09-30 12:45:39.54,1000,1.1,1.3,102,1.00221803516135,0.111813012407574,42,0.848784003719711,0.146612041886412
2004-08-08 22:22:02.68,2004-09-11 17:51:31.405,2004-10-15 13:21:00.13,1000,1.1,1.3,133,0.994168091103829,0.092498957813606,55,0.867327396684054,0.126990906478639
2004-08-27 22:04:13.34,2004-09-30 01:09:57.825,2004-11-02 04:15:42.31,1000,1.3,1.3,134,1.02946153502628,0.0979834641740052,57,0.929931835780817,0.142540523557945
2004-09-17 02:24:58.81,2004-10-22 17:39:35.895,2004-11-27 08:54:12.98,1000,1.3,1.3,162,1.07742275755477,0.0917528448081993,71,1.03926215757098,0.147925159341983
2004-09-30 13:43:38.73,2004-11-11 04:47:01.835,2004-12-22 19:50:24.94,1000,1.1,1.5,162,1.14585840502161,0.0877159208855653,70,1.17969009442094,0.152825837376654
2004-10-16 01:57:54.19,2004-12-02 03:19:45.775,2005-01-18 04:41:37.36,1000,1.1,1.5,155,1.19332821653969,0.0917782627064736,67,1.26347070288831,0.164940687629367
2004-11-02 09:01:59.96,2004-12-25 02:24:34.44,2005-02-15 19:47:08.92,1000,1.1,1.4,141,1.1542982459634,0.0925139483094165,61,1.19172125038679,0.157293700165536
2004-11-27 11:04:11.82,2005-01-23 14:34:46.005,2005-03-21 18:05:20.19,1000,1.1,1.5,123,1.17273811798244,0.0923728885614767,50,1.20436628370286,0.153051899775585
2004-12-23 04:12:14.33,2005-02-20 04:56:20.185,2005-04-20 05:40:26.04,1000,1.1,1.4,123,1.15950122149121,0.0946523115989527,47,1.07543944412291,0.130770970572415
2005-01-18 04:56:22.67,2005-03-15 18:14:31.29,2005-05-11 07:32:39.91,1000,1.1,1.4,110,1.03650234344452,0.0837677728620376,52,1.09150860604007,0.126676944451998
2005-02-15 22:16:23.85,2005-04-12 01:31:15.365,2005-06-06 04:46:06.88,1000,1.1,1.4,127,1.07139470088798,0.0844357455517177,56,1.06482009573477,0.121854843537668
2005-03-21 23:14:06.35,2005-05-13 00:42:21.28,2005-07-04 02:10:36.21,1000,1.1,1.5,136,1.11567906193506,0.083265663765985,59,1.14186160571711,0.128238502574823
2005-04-20 13:23:29.79,2005-06-04 16:08:08.615,2005-07-19 18:52:47.44,1000,1.1,1.5,166,1.0000400054923,0.0724794348067234,76,0.959766810835916,0.0991927660357062
2005-05-11 07:40:18.13,2005-06-24 00:02:01.295,2005-08-06 16:23:44.46,1000,1.1,1.5,179,0.976739694191256,0.0746691648586563,79,0.867271589240568,0.0945098341466079
2005-06-06 04:54:14.22,2005-07-14 15:55:34.51,2005-08-22 02:56:54.8,1000,1.1,1.3,157,0.951098251622409,0.0760330083337418,71,0.862997711030811,0.0989988688227187
2005-07-04 04:21:04.11,2005-08-09 03:26:12.435,2005-09-14 02:31:20.76,1000,1.1,1.1,127,0.907609004471169,0.0840933818186045,56,0.75109607741143,0.0906810993561648
2005-07-20 05:38:50.06,2005-08-27 03:13:02.295,2005-10-04 00:47:14.53,1000,0.4,1,89,0.891219942111815,0.0945391698442604,44,0.827227584577622,0.118612538340089
2005-08-06 16:25:57.73,2005-09-18 13:16:40.085,2005-10-31 10:07:22.44,1000,0.4,1,70,0.931962407517707,0.109005856292004,32,0.801928645176229,0.113254761386065
2005-08-22 03:05:27.25,2005-10-12 03:58:12.52,2005-12-02 04:50:57.79,1000,0.4,1,74,0.867182721555333,0.0974121695638198,37,0.780422332706183,0.105448591494197
2005-09-14 05:23:20.43,2005-11-08 02:23:19.78,2006-01-01 23:23:19.13,1000,0.4,1,83,0.842994434003037,0.0855867543553615,45,0.835181695967792,0.109500681816705
2005-10-04 01:35:25.62,2005-11-30 18:17:51.765,2006-01-27 11:00:17.91,1000,0.4,0.4,86,0.897820323165377,0.0902932201523048,44,0.874551817104946,0.115780051339575
2005-10-31 13:10:33.08,2005-12-23 21:36:51.705,2006-02-15 06:03:10.33,1000,0.4,0.4,93,0.91399381799055,0.0780114158099964,48,0.975942655962364,0.117940389492936
2005-12-02 17:42:16.59,2006-01-20 12:08:55.05,2006-03-10 06:35:33.51,1000,0.5,0.4,92,0.872381928713955,0.0732909916603676,49,0.939118694318594,0.110313078596249
2006-01-01 23:58:53.03,2006-02-14 14:19:01.46,2006-03-30 04:39:09.89,1000,0.5,1,88,0.788160742575503,0.0710297167259092,49,0.817848947473456,0.100125060134768
2006-01-27 12:27:28.1,2006-03-16 05:15:12.405,2006-05-02 22:02:56.71,1000,0.5,1,86,0.820503634527233,0.077837940388144,44,0.806966098131042,0.106536537903794
2006-02-15 14:16:21.31,2006-04-10 23:20:20.57,2006-06-04 08:24:19.83,1000,0.4,1.1,83,0.770223119614741,0.0701718415162792,49,0.829323055855781,0.101394818980288
2006-03-10 08:03:10.94,2006-05-07 17:05:28.14,2006-07-05 02:07:45.34,1000,0.4,1,88,0.857673124045919,0.0771928335469805,49,0.93787702129834,0.120966152906622
2006-03-30 06:09:05.4,2006-05-27 23:36:22.24,2006-07-25 17:03:39.08,1000,1.1,1.1,106,0.893714134764991,0.0760748822444606,57,0.944839140018525,0.111943613943207
2006-05-02 23:05:55.97,2006-06-24 07:28:02.445,2006-08-15 15:50:08.92,1000,1.1,1.1,107,0.841229354881389,0.06617271517462,65,0.980518976162256,0.108127964306563
2006-06-04 08:30:16.25,2006-07-18 13:07:28.835,2006-08-31 17:44:41.42,1000,1.1,1.1,100,0.875946917917006,0.0781728013671353,55,0.931962407517708,0.116818146822852
2006-07-05 07:30:10.6,2006-08-16 05:04:57.655,2006-09-27 02:39:44.71,1000,0.4,1.1,96,0.852254093677681,0.07828968871415,54,0.890015257031332,0.108430845038937
2006-07-25 17:55:28.6,2006-09-16 06:40:16,2006-11-07 19:25:03.4,1000,0.4,1.1,84,0.926142078696957,0.0822116711364541,45,0.995580829630481,0.113585120049899
2006-08-15 16:28:55.46,2006-10-08 18:08:22.86,2006-12-01 19:47:50.26,1000,0.8,1.1,96,0.833845405254243,0.0751651882435938,54,0.863790129752324,0.101689717592202
2006-09-01 05:15:39.01,2006-11-01 23:31:39.64,2007-01-02 17:47:40.27,1000,1,1.1,110,0.842249524142413,0.0705091239733525,61,0.873745494594273,0.0972778883777611
2006-09-27 04:38:14.35,2006-12-04 16:13:44.35,2007-02-11 03:49:14.35,1000,1,1.1,126,0.902839543306546,0.0739006834488121,63,0.871632760748801,0.0944496439244807
2006-11-08 01:49:24.52,2007-01-13 05:22:47.205,2007-03-20 08:56:09.89,1000,1,1.2,136,0.877753745561632,0.0638639118883522,74,0.927497594829455,0.0905894105959225
2006-12-01 21:17:47.02,2007-02-12 00:49:52,2007-04-25 04:21:56.98,1000,1,1.2,129,0.858605182613325,0.0645754167828361,67,0.847095495997609,0.08007989968885
2007-01-02 19:35:07.19,2007-03-20 17:22:49.63,2007-06-05 15:10:32.07,1000,1.2,1.1,140,0.840260191631499,0.0571034891580487,79,0.896505463035194,0.0768995434985098
2007-02-11 07:51:05.7,2007-04-26 04:12:24.02,2007-07-09 00:33:42.34,1000,1.2,1.1,140,0.794371929271691,0.0493896283412138,87,0.931548814733306,0.0767897110264239
2007-03-20 11:34:50.35,2007-05-31 13:26:17.955,2007-08-11 15:17:45.56,1000,1.2,1.1,140,0.829484685763373,0.056228261409657,80,0.909755395450645,0.083107972529703
2007-04-25 04:55:42.99,2007-07-01 00:19:24.33,2007-09-05 19:43:05.67,1000,1.2,1.1,145,0.885193981950682,0.058629795296347,81,0.983995889067507,0.0878047857792302
2007-06-05 16:15:59.8,2007-08-11 19:20:48.93,2007-10-17 22:25:38.06,1000,1.1,1.1,141,0.884395175452896,0.0595286484037842,77,0.961215151093716,0.0861156082109915
2007-07-09 04:10:21.05,2007-09-14 01:05:03.325,2007-11-19 21:59:45.6,1000,1.1,1.1,135,0.865256125397565,0.0656815403115506,72,0.88356040398514,0.0902333081953401
2007-08-11 21:20:15.76,2007-10-18 21:15:19.03,2007-12-25 21:10:22.3,1000,1.3,1.1,133,0.868588963806504,0.0658951142772523,69,0.858142017506425,0.0836255992468909
2007-09-05 23:19:31.19,2007-11-16 06:32:22.29,2008-01-26 13:45:13.39,1000,1.3,1.2,125,0.897154358583812,0.0719742405630758,63,0.896479435121391,0.10036122860658
2007-10-17 22:26:38.38,2007-12-26 21:25:23.01,2008-03-05 20:24:07.64,1000,1.2,1.2,129,0.900707205233432,0.0747934956382041,62,0.860263829968102,0.101851579959239
2007-11-20 03:20:19.63,2008-02-01 16:23:22.2,2008-04-15 05:26:24.77,1000,1.1,1.2,142,0.897929767476147,0.0664123288064372,70,0.882968740436469,0.089341236320925
2007-12-25 23:51:08.59,2008-03-03 01:01:26.445,2008-05-10 02:11:44.3,1000,1.1,1.2,159,0.775351702477173,0.0580047256208736,88,0.761920143689915,0.0759098772558482
2008-01-26 14:50:09.74,2008-04-06 10:37:18.24,2008-06-16 06:24:26.74,1000,1.1,1.2,163,0.777228815878679,0.0572647369919252,90,0.756464164336998,0.0725765701176661
2008-03-06 00:25:56.43,2008-05-09 06:33:35.5,2008-07-12 12:41:14.57,1000,1.1,1.1,153,0.752770541873768,0.056940151896107,88,0.742095425388081,0.0713688089295635
2008-04-15 05:52:38.03,2008-06-13 19:24:54.94,2008-08-12 08:57:11.85,1000,1.1,1,141,0.756928577853628,0.0603401033347086,81,0.740430499561427,0.0741929434360483
2008-05-10 02:14:06.47,2008-07-12 11:14:36.12,2008-09-13 20:15:05.77,1000,0.9,1.1,119,0.90795929983287,0.0750485476199296,58,0.85969556144671,0.0908541730127465
2008-06-16 08:45:07.32,2008-08-16 16:33:09.935,2008-10-17 00:21:12.55,1000,1.1,1.1,123,0.901421216235234,0.0696425769046218,60,0.857724454055139,0.0805173785762049
2008-07-12 13:54:07.47,2008-09-17 20:18:02.5,2008-11-24 02:41:57.53,1000,1.1,1.1,123,0.939469245059795,0.06883230929444,58,0.892596738142757,0.0729107967216812
2008-08-12 10:44:43.61,2008-10-07 19:41:08.2,2008-12-03 04:37:32.79,1000,1.1,1,156,0.750691846835538,0.053755845319906,86,0.721447275327017,0.0642123045826546
2008-09-14 03:33:26.91,2008-10-26 21:41:24.96,2008-12-08 15:49:23.01,1000,1.1,1.1,194,0.737639025470415,0.0479595605674852,115,0.756954613805304,0.0646187470190038
2008-10-17 00:48:04.72,2008-11-18 13:27:18.63,2008-12-21 02:06:32.54,1000,1.2,1.1,224,0.714415539005129,0.0427459876692121,132,0.719283207167243,0.0553821557001986
2008-11-24 04:37:53.4,2008-12-19 13:14:39.765,2009-01-13 21:51:26.13,1000,1.1,1.1,224,0.723178441468394,0.0436112481874146,128,0.720447041000729,0.0574709286614615
2008-12-03 04:55:20.46,2009-01-04 14:13:55.88,2009-02-05 23:32:31.3,1000,1.1,1.1,198,0.813839744622789,0.0534911178210876,101,0.780632544442577,0.0709877873502472
2008-12-08 17:03:55.66,2009-01-21 07:52:26.16,2009-03-05 22:40:56.66,1000,1.1,1.1,183,0.819930776728516,0.0533425097983169,89,0.757292493914369,0.064131863489477
2008-12-21 03:06:39.21,2009-02-09 07:27:16.215,2009-03-31 11:47:53.22,1000,1.1,1.2,165,0.908450678423384,0.060781494236221,78,0.896400359578027,0.0865263701091821
2009-01-13 22:50:28.46,2009-03-07 03:15:39.235,2009-04-28 07:40:50.01,1000,1.2,1.2,153,0.946809001584462,0.0690022775910828,72,0.930077415140813,0.0983422504783688
2009-02-06 01:39:01.66,2009-03-31 13:01:47.625,2009-05-24 00:24:33.59,1000,0.9,1.2,149,0.90782656851269,0.0701804035895946,70,0.840260191631499,0.088971211409047
2009-03-06 00:35:48.89,2009-04-22 16:27:45.67,2009-06-09 08:19:42.45,1000,1.1,1.2,141,0.867850367748845,0.0691188706972391,68,0.79131899167795,0.0823732671934188
2009-03-31 20:42:25.72,2009-05-20 23:25:48.815,2009-07-10 02:09:11.91,1000,1.1,1.1,136,0.815126270202074,0.0639957690569346,68,0.738300619235528,0.0707564283597511
2009-04-28 08:03:42.94,2009-06-21 08:47:13.755,2009-08-14 09:30:44.57,1000,1.1,1.1,150,0.772033328815925,0.0545699802468266,83,0.764667840432115,0.0683232163424272
2009-05-24 01:12:56.58,2009-07-14 11:59:17.795,2009-09-03 22:45:39.01,1000,1.1,1.1,173,0.797251118094891,0.0521711562616995,95,0.792965131285968,0.0648299750127333
2009-06-09 13:35:21.87,2009-08-04 04:02:09.865,2009-09-28 18:28:57.86,1000,1.1,1,160,0.806489288585426,0.0543138669347988,89,0.818729271116065,0.0694857992101761
2009-07-10 07:42:12.98,2009-08-21 17:07:30.915,2009-10-03 02:32:48.85,1000,1,1,225,0.661765260925313,0.0430149124003565,133,0.629412292613408,0.0510186131481899
2009-08-14 18:05:37.62,2009-09-09 13:46:22.04,2009-10-05 09:27:06.46,1000,1.1,1.3,286,0.672049679819987,0.0389878449907071,156,0.596600380212287,0.0420469674247469
2009-09-03 22:54:25.82,2009-09-24 11:48:27.08,2009-10-15 00:42:28.34,1000,1.3,1.3,293,0.693337782366113,0.0405351112785586,156,0.614289048661776,0.0452281180769119
2009-09-28 19:57:37.44,2009-10-16 23:54:58.835,2009-11-04 03:52:20.23,1000,1.3,1.3,333,0.731734782806025,0.0410229984886933,168,0.632467692092114,0.0456480611195863
2009-10-03 02:34:07.83,2009-10-30 16:19:07.475,2009-11-27 06:04:07.12,1000,1.1,1.5,276,0.88259536856857,0.0532144925852364,123,0.767062338800976,0.0651093692792803
2009-10-05 09:39:13.61,2009-11-12 03:13:17.64,2009-12-19 20:47:21.67,1000,1.1,1.6,217,0.972769432008728,0.0661680015952676,93,0.867842432681617,0.088100522659341
2009-10-15 00:45:33.82,2009-11-27 14:09:49.505,2010-01-10 03:34:05.19,1000,1.1,1.1,183,0.917311751942464,0.0659325075885053,82,0.817167221571057,0.0820313674885174
2009-11-04 04:29:34.47,2009-12-10 10:23:54.645,2010-01-15 16:18:14.82,1000,1.1,1,152,0.766075910981714,0.0600980555370142,81,0.72248619909968,0.0755953392245902
2009-11-27 07:20:10.02,2009-12-24 18:23:22.87,2010-01-21 05:26:35.72,1000,0.7,0.8,126,0.726514932551908,0.0591927880674545,70,0.695347981089378,0.072164010077707
2009-12-19 21:22:03.84,2010-01-16 17:14:18.15,2010-02-13 13:06:32.46,1000,1,0.8,118,0.715436951899814,0.0586124293705471,69,0.721384671432941,0.0770669747779606
2010-01-10 03:51:03.55,2010-02-09 14:35:20.58,2010-03-12 01:19:37.61,1000,1,0.8,172,0.63719739731604,0.0396228780853195,112,0.67072506857645,0.0507101564161265
2010-01-15 16:26:02.71,2010-03-04 20:23:37.24,2010-04-22 00:21:11.77,1000,1,1,188,0.74231623418321,0.0452194574933935,109,0.743257945163361,0.0536538909848518
2010-01-21 06:26:14.46,2010-03-20 12:23:03.56,2010-05-17 18:19:52.66,1000,1.1,1,204,0.735725579706555,0.0437484121220479,118,0.734615092668918,0.0530385565251071
2010-02-13 13:48:10.96,2010-04-17 02:23:21.44,2010-06-18 14:58:31.92,1000,1.1,1.1,208,0.722492619658293,0.0424113785750446,119,0.700380042641103,0.0474863210418509
2010-03-12 04:35:26.21,2010-05-13 16:13:08.02,2010-07-15 03:50:49.83,1000,1.1,1.1,159,0.872760649931965,0.0631558078611448,80,0.84165597268072,0.0814707455372141
2010-04-22 12:09:38.31,2010-06-17 11:55:56.045,2010-08-12 11:42:13.78,1000,1.1,1.1,129,0.846411665893934,0.068950759525509,65,0.807700753182013,0.0893277062165538
2010-05-18 05:28:38.01,2010-07-16 00:36:45.795,2010-09-12 19:44:53.58,1000,1.1,1.1,121,0.863876907944985,0.0698763743545835,64,0.865343924091162,0.0923790726548867
2010-06-18 17:02:30.83,2010-08-09 04:14:54.2,2010-09-29 15:27:17.57,1000,0.5,1,111,0.842185316059765,0.0716665528995142,63,0.910198015964899,0.111274788227613
2010-07-15 05:14:13.43,2010-09-01 12:41:42.745,2010-10-19 20:09:12.06,1000,0.5,1,93,0.845319941753923,0.0718071068744093,52,0.908785233761332,0.103640742661144
2010-08-12 12:48:17.7,2010-09-24 09:21:11.485,2010-11-06 05:54:05.27,1000,0.7,1,108,0.77629599545765,0.0607317760207255,64,0.829944665327206,0.0827241057199252
2010-09-12 22:44:53.36,2010-10-23 00:59:19.92,2010-12-02 03:13:46.48,1000,0.7,1,103,0.743308933799184,0.0601946955702785,59,0.74573266683038,0.0725954410418469
2010-09-29 16:35:06.52,2010-11-15 18:03:53.775,2011-01-01 19:32:41.03,1000,0.7,1.1,95,0.783478461466178,0.0696558083947422,50,0.72479052387058,0.072764940661137
2010-10-19 20:12:40.07,2010-12-09 03:19:22.115,2011-01-28 10:26:04.16,1000,0.5,1.1,101,0.845973822029478,0.0775251077930914,49,0.752756618792336,0.0827004791789443
2010-11-06 05:54:10.49,2011-01-02 01:00:12.45,2011-02-27 20:06:14.41,1000,0.5,1.3,104,0.960583286217315,0.091368571762853,42,0.78520741454742,0.0967970028378744
2010-12-02 03:29:50.37,2011-01-30 01:15:28.53,2011-03-29 23:01:06.69,1000,0.7,1.3,106,1.05223348758274,0.0983538405602221,40,0.871639702766186,0.112919602006843
2011-01-01 19:35:33.54,2011-02-26 18:43:24.03,2011-04-23 17:51:14.52,1000,0.7,1.3,111,0.992928681591368,0.0808076351527202,49,0.944956910002635,0.10282456763671
2011-01-28 10:34:00.48,2011-03-22 09:02:02.775,2011-05-14 07:30:05.07,1000,1.1,1.1,122,0.825938063791064,0.0704807695976521,60,0.743442765026964,0.0803950421616327
2011-02-27 22:40:18.52,2011-04-26 02:24:26.935,2011-06-22 06:08:35.35,1000,0.8,1.1,102,0.785286955400313,0.0725383077100726,54,0.736323454404257,0.0858604142106014
2011-03-30 01:56:25.31,2011-05-29 12:38:30.485,2011-07-28 23:20:35.66,1000,0.8,1,108,0.777325224487093,0.0683078051971493,62,0.793582607662883,0.0926947439191035
2011-04-23 19:02:59.54,2011-06-30 21:55:53.6,2011-09-07 00:48:47.66,1000,0.8,1,118,0.815641395266333,0.0726901764907466,61,0.762797679127508,0.0896576692966814
2011-05-14 15:31:09.2,2011-07-25 06:33:01.015,2011-10-04 21:34:52.83,1000,0.8,1,117,0.883694858829225,0.0732026099454738,59,0.861869304819773,0.0945044737015773
2011-06-22 15:36:52.22,2011-08-31 10:44:57.3,2011-11-09 05:53:02.38,1000,0.7,0.9,131,0.782889460978753,0.0615229044298856,72,0.774181794925331,0.0795657303969856
2011-07-28 23:25:21.8,2011-10-10 06:52:03.12,2011-12-22 14:18:44.44,1000,0.7,1,134,0.846848960637889,0.0704331813011317,65,0.746013248512457,0.0762871165691896
2011-09-07 11:41:50.51,2011-11-10 10:35:08.93,2012-01-13 09:28:27.35,1000,0.8,1,132,0.869643076626657,0.0737348792202148,63,0.766616765477861,0.0819594558699971
2011-10-05 01:17:32.92,2011-12-07 18:28:43.945,2012-02-09 11:39:54.97,1000,0.8,1,131,0.913203485221926,0.0774355846197926,61,0.81841097918129,0.0913223846960182
2011-11-09 05:54:13.52,2012-01-06 23:30:32.135,2012-03-05 17:06:50.75,1000,0.8,1.3,120,1.04418629189321,0.0841922143732132,53,0.974084110912921,0.0960897940087282
2011-12-22 22:05:56.1,2012-02-12 03:29:15.35,2012-04-03 08:52:34.6,1000,0.8,1.2,97,0.996842516436711,0.0856557222262077,46,0.986545489755535,0.105422950680997
2012-01-13 11:22:46.54,2012-03-10 15:13:33.315,2012-05-06 19:04:20.09,1000,0.7,1.2,88,0.997075773740834,0.0859464645663941,43,1.03748126232443,0.113192502136974
2012-02-09 12:18:17.66,2012-04-06 04:15:44.87,2012-06-01 20:13:12.08,1000,0.8,1.3,91,1.00357536447933,0.0967796896335398,41,0.931767334276992,0.117771486647121
2012-03-05 17:18:02.79,2012-05-07 09:05:46.335,2012-07-09 00:53:29.88,1000,0.7,1.3,95,1.08545055987395,0.109240662003122,38,0.946283848183691,0.134786652537452
2012-04-03 11:22:58.08,2012-06-06 15:39:41.005,2012-08-09 19:56:23.93,1000,1,1.3,104,0.962630565173448,0.0872643261103061,45,0.837328692615524,0.0952794201007223
2012-05-07 00:11:35.09,2012-07-02 21:04:30.405,2012-08-28 17:57:25.72,1000,1,1.3,117,0.860061854818559,0.0730958578139748,55,0.737228287181446,0.0701736751444706
2012-06-01 20:40:09.27,2012-07-26 18:39:36.565,2012-09-19 16:39:03.86,1000,1,1.3,125,0.827669008048581,0.0630717225642587,68,0.820334021372809,0.0749584275297318
2012-07-09 03:51:51.06,2012-08-25 10:21:23.465,2012-10-11 16:50:55.87,1000,1.3,1.3,137,0.792465956589577,0.0557691374989054,76,0.792850843734017,0.0662749775372378
2012-08-10 01:36:35.92,2012-09-16 20:10:19.66,2012-10-24 14:44:03.4,1000,0.9,1.3,136,0.854514605596676,0.0619280436085361,72,0.863074874331608,0.0802125586884506
2012-08-28 19:41:41.88,2012-10-06 18:42:17.95,2012-11-14 17:42:54.02,1000,0.9,1.3,132,0.894056013899395,0.0634880375067644,68,0.9123269931857,0.08206393959957
2012-09-19 16:51:45.54,2012-10-25 12:06:12.27,2012-11-30 07:20:39,1000,0.7,1.5,115,0.975275637939346,0.0758349280443654,48,0.855752673700989,0.0750331562322037
2012-10-11 16:51:03.68,2012-11-07 02:11:37.075,2012-12-03 11:32:10.47,1000,0.7,1.3,95,0.976289062489562,0.0913994542268028,41,0.845091303181458,0.0941914100523438
2012-10-24 14:53:22.81,2012-11-15 06:03:31.08,2012-12-06 21:13:39.35,1000,0.7,1.3,83,0.928553374496906,0.0947867754483025,37,0.783084592125747,0.0889331643160468
2012-11-14 20:32:12.36,2012-11-28 17:11:07.88,2012-12-12 13:50:03.4,1000,0.2,1.2,66,0.930631032649825,0.109569420884805,29,NA,NA
2012-11-30 07:38:43,2012-12-20 23:42:53.18,2013-01-10 15:47:03.36,1000,0.2,1.2,72,0.914036910173462,0.100712556822896,36,0.860462374712001,0.117870745381999
2012-12-03 12:04:07.95,2013-01-08 08:36:38.195,2013-02-13 05:09:08.44,1000,0.9,1.3,91,1.01595881370684,0.0978708406930403,40,0.911904423943836,0.107278747367058
2012-12-06 22:02:15.98,2013-01-22 09:53:14.075,2013-03-09 21:44:12.17,1000,0.6,1.3,105,1.03286343374499,0.102681045835621,45,0.907721861850735,0.125353009711819
2012-12-12 13:54:13.46,2013-02-01 16:50:31.07,2013-03-24 19:46:48.68,1000,0.6,1.4,107,1.05588524343667,0.104388264777047,45,0.945946354581139,0.138734959840726
2013-01-10 19:25:45.72,2013-02-24 17:54:18.93,2013-04-10 16:22:52.14,1000,0.4,1.4,111,1.05162930827358,0.101857248060319,47,0.942810191660639,0.133642351548536
2013-02-13 05:21:51.22,2013-03-24 01:38:05.975,2013-05-01 21:54:20.73,1000,0.4,1.2,102,0.94532729735663,0.0877442593241655,50,0.922068963701172,0.11771726920168
2013-03-10 01:26:17.04,2013-04-17 15:05:54.75,2013-05-26 04:45:32.46,1000,0.4,1.2,96,0.959325132598071,0.0834403346680653,48,0.994093234685555,0.118028483468255
2013-03-24 22:39:53.87,2013-05-05 02:14:07.145,2013-06-15 05:48:20.42,1000,0.4,1.2,106,0.934915009783605,0.0763712843036763,53,0.947226647772525,0.100096801673618
2013-04-10 17:56:26.03,2013-05-26 19:27:39.52,2013-07-11 20:58:53.01,1000,0.9,1.2,92,0.936813419345818,0.0783018889654571,46,0.983146957064447,0.110892605594974
2013-05-01 22:07:16.34,2013-06-18 04:25:59.41,2013-08-04 10:44:42.48,1000,0.9,1.2,91,0.888307436574419,0.0881648994676038,43,0.841201023506299,0.122837198313709
2013-05-26 05:09:57.57,2013-07-08 23:23:51.69,2013-08-21 17:37:45.81,1000,0.7,1.1,91,0.798238696287536,0.0779883734328907,45,0.720887188699607,0.0908141583066529
2013-06-15 08:27:13.75,2013-07-28 16:29:22.815,2013-09-10 00:31:31.88,1000,1.1,1,97,0.757127331858652,0.0745038032918817,49,0.667935643856225,0.0829495260928456
2013-07-12 00:14:43.47,2013-08-19 05:14:22.215,2013-09-26 10:14:00.96,1000,1.1,1,106,0.775525860541521,0.073880235709092,52,0.669135201747233,0.0797099170454097
2013-08-04 12:03:24.63,2013-09-09 14:13:28.025,2013-10-15 16:23:31.42,1000,1.1,1,130,0.821091952405799,0.0706441174987127,62,0.710642857693365,0.0777762866820813
2013-08-21 19:11:35.94,2013-09-27 10:20:23.54,2013-11-03 01:29:11.14,1000,1.1,1.1,125,0.869841535617793,0.0770339340559302,57,0.75425915504221,0.0896095145933717
2013-09-10 00:31:44.55,2013-10-20 11:21:58.38,2013-11-29 22:12:12.21,1000,1.1,1.1,127,0.951939924088936,0.0799506343238003,58,0.88631526919031,0.104678060410942
2013-09-26 11:35:32.76,2013-11-10 19:55:20.46,2013-12-26 04:15:08.16,1000,1.1,1.1,153,0.858378190559327,0.0684736700419593,75,0.764423518956674,0.0767631436420599
2013-10-15 17:33:51.86,2013-11-30 11:30:10.875,2014-01-15 05:26:29.89,1000,1.1,1.1,123,0.885580591414124,0.0753114682952123,61,0.814385594715597,0.0854722857784623
2013-11-03 01:29:12.36,2013-12-21 16:58:33.005,2014-02-08 08:27:53.65,1000,1,1.2,127,0.861937790306501,0.0717133645562659,65,0.805626179329662,0.0827569603715091
2013-12-01 00:39:58.31,2014-01-17 06:47:27.32,2014-03-05 12:54:56.33,1000,0.8,1.2,135,0.817709275550056,0.0680753070700352,68,0.726137810902905,0.0730330115560483
2013-12-26 05:17:32.15,2014-02-05 18:29:39.795,2014-03-19 07:41:47.44,1000,1,1,118,0.782512580005859,0.0668243708101016,66,0.789843918589546,0.0920824048484487
2014-01-15 08:29:01.89,2014-02-23 03:31:04.51,2014-04-02 22:33:07.13,1000,1,1,131,0.769546559303747,0.0591865203710356,80,0.855120811032738,0.093623126510522
2014-02-08 08:29:00.73,2014-03-19 15:12:55.455,2014-04-27 21:56:50.18,1000,0.9,1,136,0.750400832662206,0.0570202630688058,85,0.83783547348562,0.0900739518275568
2014-03-05 17:33:35.4,2014-04-11 00:35:25.215,2014-05-17 07:37:15.03,1000,0.9,1,117,0.728180773612503,0.0561167015616077,78,0.863056550024296,0.0949832783388845
2014-03-19 11:02:27.67,2014-05-04 23:35:03.89,2014-06-20 12:07:40.11,1000,1.1,1.1,118,0.772835905060831,0.0573878291588901,73,0.869780443866595,0.0866528221872716
2014-04-02 23:05:14.67,2014-05-20 12:42:51.5,2014-07-07 02:20:28.33,1000,1.1,1.1,124,0.783651277008196,0.0645056204260062,64,0.714520484365247,0.0713872394098368
2014-04-27 22:22:37.27,2014-06-15 10:25:36.515,2014-08-02 22:28:35.76,1000,1.1,1,127,0.796928178033709,0.0644167318529992,61,0.684370017982391,0.0638714028771211
2014-05-17 07:37:22.74,2014-07-16 03:05:12.64,2014-09-13 22:33:02.54,1000,1.1,1,148,0.802642149371644,0.0607649182533986,71,0.691210675075788,0.0615024570859746
2014-06-20 13:16:33.11,2014-08-22 00:29:25.62,2014-10-23 11:42:18.13,1000,1.1,1,145,0.806825110518533,0.0622494779077693,67,0.675434779190294,0.0613545650993866
2014-07-07 07:11:10.81,2014-09-15 13:21:23.63,2014-11-24 19:31:36.45,1000,1.1,1.1,140,0.814483958023513,0.0606380937481742,72,0.781144209268901,0.0754563514903573
2014-08-03 03:23:42.92,2014-10-15 13:51:01.255,2014-12-28 00:18:19.59,1000,1.1,1,135,0.814641587563415,0.0597447680704094,74,0.843511592148048,0.0840747817964164
2014-09-14 03:56:09.19,2014-11-17 08:16:50.705,2015-01-20 12:37:32.22,1000,1.1,1,121,0.784791402483474,0.0626258917257626,66,0.785084519463562,0.0837431285329025
2014-10-23 11:54:06.56,2014-12-20 11:07:22.395,2015-02-16 10:20:38.23,1000,0.8,1,117,0.812219539365097,0.0666792259701289,61,0.782397028827477,0.0830311297351157
2014-11-24 20:15:33.53,2015-01-11 16:48:50.98,2015-02-28 13:22:08.43,1000,0.8,1,93,0.830544660024726,0.0785030930833475,45,0.750220794074715,0.0897997903836024
2014-12-28 00:39:23.75,2015-02-04 06:15:51.75,2015-03-14 11:52:19.75,1000,0.8,1.1,96,0.922395359794517,0.0913196971887965,41,0.775188235003627,0.0998713166241228
2015-01-20 12:37:56.96,2015-02-26 06:12:33.065,2015-04-03 23:47:09.17,1000,0.8,1.2,96,0.991728598066417,0.0994043586914345,40,0.852393487543183,0.117305477316569
2015-02-16 12:01:26.88,2015-03-25 17:51:11.755,2015-05-01 23:40:56.63,1000,0.6,1.1,97,0.980143432866809,0.0866406752161727,49,1.06668820116588,0.143265544277943
2015-02-28 15:55:28.16,2015-04-14 04:06:12.97,2015-05-28 16:16:57.78,1000,0.6,1.1,107,0.937830667278465,0.075338452812512,57,1.03317134676483,0.117520175923581
2015-03-14 11:54:32.77,2015-04-29 12:56:39.475,2015-06-14 13:58:46.18,1000,0.6,1,121,0.826642005824972,0.0635061831909385,68,0.867058859936028,0.0871731371725617
2015-04-04 00:10:06.11,2015-05-26 04:49:28.985,2015-07-17 09:28:51.86,1000,1,1,121,0.830167966987258,0.0597159366561343,68,0.886049348017436,0.0809958954354281
2015-05-01 23:43:30.75,2015-06-28 03:17:33.17,2015-08-24 06:51:35.59,1000,1,1,104,0.839216390151211,0.071967021668276,52,0.767356882737652,0.0750518602735978
2015-05-28 16:50:14.05,2015-07-29 00:38:46.98,2015-09-28 08:27:19.91,1000,1.1,1,104,0.880956234014788,0.0794170897513531,47,0.744142932900213,0.0762929461742933
2015-06-14 14:27:06.09,2015-08-20 00:01:53.675,2015-10-25 09:36:41.26,1000,0.9,1.2,88,1.05720371804941,0.10125761094591,34,0.877362589703539,0.0969151598145709
2015-07-17 14:19:41.22,2015-09-26 14:10:32.815,2015-12-06 14:01:24.41,1000,1,1.2,90,1.01814283332359,0.0860079378616721,40,0.964562980351476,0.0879010781841203
2015-08-24 08:17:40.13,2015-11-02 07:33:58.325,2016-01-11 06:50:16.52,1000,1.2,1.1,111,0.94153686506369,0.0856851441570193,50,0.845588944515677,0.104789345895207
2015-09-28 08:50:04.55,2015-12-04 11:12:06.11,2016-02-09 13:34:07.67,1000,0.9,1.1,167,0.757701404908515,0.0494453910324004,96,0.778131210576935,0.0653146926585143
2015-10-25 09:54:34.14,2016-01-05 01:17:13.285,2016-03-16 16:39:52.43,1000,1.1,1.1,213,0.72382413650542,0.0423439508820428,125,0.735992546609361,0.0545139731768421
2015-12-06 15:17:57.63,2016-02-11 19:27:53.83,2016-04-18 23:37:50.03,1000,1.1,1.2,228,0.730822509956022,0.0413871519399608,133,0.746171891139807,0.0543230065792253
2016-01-12 03:50:29.91,2016-03-22 00:21:07.725,2016-05-30 20:51:45.54,1000,1.1,1.6,221,0.737619739476011,0.0402827102509766,134,0.797088899808735,0.057257433303757
2016-02-09 17:36:57.41,2016-04-23 18:46:31.63,2016-07-06 19:56:05.85,1000,1.1,1.5,202,0.84769045651229,0.0512958992470735,112,0.90968733819271,0.0777656530708366
2016-03-16 19:41:34.34,2016-05-30 23:26:38.84,2016-08-14 03:11:43.34,1000,1.1,1.9,166,0.89936232529865,0.0537221232341556,94,1.05107315393681,0.0893366569569414
2016-04-18 23:48:49.31,2016-06-28 05:35:07.88,2016-09-06 11:21:26.45,1000,1.1,1.4,147,0.899173082250395,0.0611411304494291,82,1.01632841084665,0.0994815551279548
2016-05-30 20:52:11.83,2016-08-05 03:26:34.525,2016-10-10 10:00:57.22,1000,1.1,1.3,139,0.873237855989469,0.0595907826790661,80,0.997231875782438,0.09562156856366
2016-07-07 16:28:30.25,2016-09-13 17:51:28.815,2016-11-20 19:14:27.38,1000,0.7,1.1,110,0.813285546635303,0.0592749973182296,66,0.914887832927374,0.084535925205399
2016-08-14 03:14:26.61,2016-10-21 01:33:03.585,2016-12-27 23:51:40.56,1000,0.7,1.1,114,0.878140669332577,0.0686280296974216,61,0.897728342802385,0.0863059193648578
2016-09-06 14:04:11,2016-11-24 10:07:44.645,2017-02-11 06:11:18.29,1000,0.7,1.1,112,0.925085241026325,0.0694383241414188,58,0.937791509694289,0.076192877988329
2016-10-10 12:18:42.93,2017-01-03 20:27:42.795,2017-03-30 04:36:42.66,1000,0.8,1.2,119,0.910839678295505,0.0668044147201111,60,0.909199892330604,0.0764468529389901
2016-11-20 19:57:51.28,2017-02-18 09:09:51.97,2017-05-18 22:21:52.66,1000,0.8,1.2,115,0.935804111277383,0.0735102829507229,55,0.905466129821033,0.0878862169387152
2016-12-28 04:42:35.81,2017-03-20 02:48:39.68,2017-06-10 00:54:43.55,1000,0.8,1.2,104,0.792396949437512,0.0681403351719518,56,0.791940442415568,0.0917154175265028
2017-02-11 09:30:19.31,2017-04-28 09:09:08.965,2017-07-13 08:47:58.62,1000,0.8,1.2,109,0.823414481256817,0.0717153595177738,56,0.820529385512217,0.104521658337296
2017-03-30 14:14:09.42,2017-06-09 02:40:42.7,2017-08-18 15:07:15.98,1000,0.6,1.2,107,0.832637691518508,0.0748543020334057,53,0.797284639448297,0.10307615268053
2017-05-19 01:18:33.9,2017-07-19 11:47:31.04,2017-09-18 22:16:28.18,1000,1,1.2,110,0.791720136051669,0.0720071135936758,56,0.739449406706662,0.0920454114765495
2017-06-10 05:59:00.98,2017-08-15 15:57:51.21,2017-10-21 01:56:41.44,1000,1,1.3,119,0.909397208278848,0.0792881561822088,58,0.890073496480162,0.114770788670445
2017-07-13 18:01:21.51,2017-09-27 07:48:03.155,2017-12-11 21:34:44.8,1000,1,1.2,124,0.87238807315735,0.0724135832221522,61,0.832818717261816,0.0954865159364316
2017-08-18 15:50:40.43,2017-11-09 22:22:38.695,2018-02-01 04:54:36.96,1000,1,1,129,0.808193712716669,0.0623592465704507,69,0.79507347443153,0.0789604764173543
2017-09-18 22:23:03.81,2017-12-20 19:59:34.965,2018-03-23 17:36:06.12,1000,1.1,1.1,140,0.801070190598883,0.0542948853964513,80,0.847817436609569,0.072879419947696
2017-10-21 10:14:57.76,2018-02-01 23:09:59.815,2018-05-16 12:05:01.87,1000,1.1,1,144,0.785263754320295,0.0513188020724935,85,0.858688787201126,0.073003102879998
2017-12-12 07:16:30.7,2018-03-22 19:06:24.27,2018-07-01 06:56:17.84,1000,1.1,1.1,146,0.774294716789287,0.0484472930936593,95,0.940245573856174,0.082495910899544
2018-02-01 10:21:31.77,2018-05-01 01:27:43.22,2018-07-28 16:33:54.67,1000,0.9,1.1,139,0.860908913071192,0.0593141792239451,84,1.03403448072203,0.10602500089719
2018-03-24 01:32:06.56,2018-06-21 03:22:19.21,2018-09-18 05:12:31.86,1000,0.8,1.3,130,0.969573804695564,0.0714632388648906,70,1.17558444444036,0.147693698965271
2018-05-16 15:45:38.12,2018-08-09 07:41:07.415,2018-11-01 23:36:36.71,1000,0.8,1.3,127,0.978974071737895,0.0746860072810166,64,1.0844653469297,0.130600958191969
2018-07-01 09:09:17.19,2018-09-17 19:29:06.385,2018-12-05 05:48:55.58,1000,0.8,1.4,121,1.01702404316419,0.083628370839494,53,0.986187126858284,0.12156490583075
2018-07-28 17:07:50.13,2018-10-26 06:12:33.005,2019-01-23 19:17:15.88,1000,0.8,1.3,134,0.939697409575904,0.0788368268988997,60,0.856033801386173,0.103346702684938
2018-09-18 08:16:02.36,2018-12-05 04:54:01.975,2019-02-21 01:32:01.59,1000,1.1,1.3,170,0.836506479985869,0.060336498599206,86,0.780387075714159,0.0729938941099643
2018-11-02 06:51:46.07,2019-01-10 02:04:30.42,2019-03-19 21:17:14.77,1000,1.1,1.3,163,0.8503303369397,0.0616987083429099,82,0.811210649568716,0.0794442011278944
2018-12-05 11:19:58.79,2019-02-08 09:03:56.285,2019-04-14 06:47:53.78,1000,1.1,1.3,168,0.839892632206128,0.0574024331091109,92,0.874482213506219,0.0830636959689536
2019-01-24 07:05:49.34,2019-03-18 20:19:38.64,2019-05-11 09:33:27.94,1000,0.6,1.5,160,0.857759747000621,0.0545778271580332,91,0.95738366892432,0.084223633403406
2019-02-21 03:04:58.29,2019-04-09 04:38:39.84,2019-05-26 06:12:21.39,1000,0.6,1.4,118,0.920545156540034,0.0660460781988664,65,1.05766734071605,0.107771606907747
2019-03-19 23:02:44.56,2019-05-01 02:51:17.32,2019-06-12 06:39:50.08,1000,0.6,1.4,123,0.890897619648098,0.0647067330706198,67,0.965739471872481,0.0934303976373135
2019-04-14 08:36:22.55,2019-05-24 09:20:52.345,2019-07-03 10:05:22.14,1000,0.6,1.4,132,0.878168989142605,0.0652576240390792,71,0.92848263219304,0.0957088790350768
2019-05-11 09:36:47.47,2019-06-07 14:14:55.405,2019-07-04 18:53:03.34,1000,0.7,1.9,326,0.500070645311034,0.0216880720353185,245,0.551449329185264,0.0289944367534818
2019-05-26 06:12:23.13,2019-06-15 01:54:11.585,2019-07-04 21:36:00.04,1000,1.6,1.9,494,0.533141507567422,0.0191230201682002,360,0.584908393135693,0.0257564294910212
2019-06-12 06:40:05.44,2019-06-23 15:32:14.935,2019-07-05 00:24:24.43,1000,1.5,1.9,586,0.55310911587261,0.0187116537462137,424,0.612129713207163,0.0260647193913575
2019-07-03 11:07:20.59,2019-07-04 07:01:05.455,2019-07-05 02:54:50.32,1000,1.4,1.9,622,0.558572336684152,0.0184690061212985,443,0.610246631405273,0.0252418419232398
2019-07-04 18:53:27.67,2019-07-04 23:51:54.595,2019-07-05 04:50:21.52,1000,1.5,1.8,462,0.702190980049354,0.0284725811281611,292,0.762240720777481,0.0417332809041009
2019-07-04 21:36:25.41,2019-07-05 02:30:26.585,2019-07-05 07:24:27.76,1000,1.3,1.3,314,0.748085288922163,0.0371800142974155,195,0.830513131030049,0.0581977334508109
2019-07-05 00:26:52.55,2019-07-05 05:08:34.87,2019-07-05 09:50:17.19,1000,1.1,1.2,243,0.770486669361832,0.0436475715701551,142,0.81187225421619,0.0626603350178677
2019-07-05 02:55:05.06,2019-07-05 07:36:17.215,2019-07-05 12:17:29.37,1000,1.1,1.1,230,0.761571598335986,0.0468302076998109,132,0.763849055446092,0.061783719493244
2019-07-05 04:50:36.26,2019-07-05 09:36:33.95,2019-07-05 14:22:31.64,1000,1.1,1.1,210,0.732015741228693,0.0470916448631491,123,0.72441309023732,0.058891012624841
2019-07-05 07:26:25.85,2019-07-05 11:54:57.115,2019-07-05 16:23:28.38,1000,1.1,1.1,201,0.769917012370379,0.0534666272376099,109,0.716918045243896,0.0630163374993169
2019-07-05 09:50:26.89,2019-07-05 14:11:28.89,2019-07-05 18:32:30.89,1000,1,1,177,0.759886549000351,0.0548177490909447,100,0.737843156478512,0.0684420134790927
2019-07-05 12:17:54.81,2019-07-05 16:35:50.84,2019-07-05 20:53:46.87,1000,1,1.1,145,0.838517974380446,0.061572420997052,79,0.868149394492837,0.0885851379877074
2019-07-05 14:23:07.89,2019-07-05 18:52:07.17,2019-07-05 23:21:06.45,1000,0.9,1.3,145,0.912515575655289,0.0641141468112921,74,0.953926733773839,0.0950745659745751
2019-07-05 16:24:11.03,2019-07-05 21:43:32.93,2019-07-06 03:02:54.83,1000,0.9,1.3,160,0.861054734876336,0.0550837236276292,88,0.938093137149881,0.0832995065338739
2019-07-05 18:32:37.86,2019-07-05 23:24:23.8,2019-07-06 04:16:09.74,1000,0.9,0.7,363,0.298419203700463,0.00933750818948341,304,0.309853604868898,0.00918018678031789
2019-07-05 20:54:05.46,2019-07-06 01:13:17.3,2019-07-06 05:32:29.14,1000,0.9,0.8,578,0.2851682577194,0.00547170347271079,538,0.328289820805864,0.00664216842402552
2019-07-05 23:21:16.31,2019-07-06 03:12:02.675,2019-07-06 07:02:49.04,1000,2.9,3.3,782,0.297467184766877,0.00464541256478879,754,0.359784694121905,0.00650686256026676
2019-07-06 03:02:57.9,2019-07-06 05:42:57.325,2019-07-06 08:22:56.75,1000,2.7,3.4,978,0.323244471648475,0.00490999769526479,947,0.402238573613289,0.00745589693387084
2019-07-06 04:16:17.23,2019-07-06 07:22:08.345,2019-07-06 10:27:59.46,1000,2.7,3.2,987,0.393638449904044,0.00603130036801414,938,0.511781984503694,0.00994601104327896
2019-07-06 05:32:43.08,2019-07-06 08:52:28.18,2019-07-06 12:12:13.28,1000,2.3,2.7,972,0.474446733214153,0.0083229634667257,867,0.620788927045404,0.0139571894730707
2019-07-06 07:03:14.7,2019-07-06 10:27:20.435,2019-07-06 13:51:26.17,1000,2.2,2.4,931,0.544359096682545,0.0109558551343775,771,0.701590423558243,0.0183884046124263
2019-07-06 08:23:19.19,2019-07-06 11:54:19.12,2019-07-06 15:25:19.05,1000,1.9,2.4,892,0.587917619525436,0.0131916096780715,684,0.7233834789281,0.0208739803183126
2019-07-06 10:28:43.03,2019-07-06 13:39:49.45,2019-07-06 16:50:55.87,1000,1.9,2.4,832,0.688279570542698,0.0168651959191681,569,0.821794347199702,0.0264124266893264
2019-07-06 12:12:19.51,2019-07-06 15:15:38.735,2019-07-06 18:18:57.96,1000,1.8,2.3,750,0.750405154650138,0.0202531229648306,469,0.86095237134426,0.0307736408716902
2019-07-06 13:51:26.31,2019-07-06 17:06:51.855,2019-07-06 20:22:17.4,1000,1.8,2.2,731,0.778168164990752,0.0215533977163075,441,0.881298852012396,0.0325551286743952
2019-07-06 15:25:23.4,2019-07-06 18:41:52.875,2019-07-06 21:58:22.35,1000,1.8,2.2,669,0.805185146860868,0.0246154056378428,380,0.865446028230299,0.0349046184880653
2019-07-06 16:51:01.06,2019-07-06 20:15:46.395,2019-07-06 23:40:31.73,1000,1.8,2.2,619,0.826502749486912,0.0260576842774497,348,0.896142779142197,0.0375426821187334
2019-07-06 18:19:39.62,2019-07-06 22:14:36.57,2019-07-07 02:09:33.52,1000,1.5,2.1,622,0.806506143619223,0.025115781717894,371,0.915837280657685,0.0389592961545142
2019-07-06 20:22:20.65,2019-07-07 00:32:56.765,2019-07-07 04:43:32.88,1000,1.5,2,573,0.858076404712125,0.028872769038492,326,0.963129259186803,0.0454783418033517
2019-07-06 21:58:24.96,2019-07-07 03:06:04.705,2019-07-07 08:13:44.45,1000,1.8,2,608,0.832732173821871,0.0273408573331226,355,0.945392084103841,0.0443247912070963
2019-07-06 23:41:13.3,2019-07-07 05:47:14.595,2019-07-07 11:53:15.89,1000,1.8,2,642,0.817333736059237,0.0268392819615589,371,0.901540134210532,0.0417996983512781
2019-07-07 02:09:36.47,2019-07-07 09:51:20.47,2019-07-07 17:33:04.47,1000,1.8,1.8,654,0.836115958683328,0.0275215020884649,359,0.880260382809775,0.0396112231483739
2019-07-07 04:46:34.84,2019-07-07 13:39:06.91,2019-07-07 22:31:38.98,1000,1.8,1.8,667,0.814836622867704,0.0261651726206209,370,0.854183278249007,0.0367715983869049
2019-07-07 08:14:46.89,2019-07-07 18:08:46.265,2019-07-08 04:02:45.64,1000,1.8,1.8,647,0.819590858101167,0.0267403063636556,356,0.853532270937162,0.0370474648942787
2019-07-07 11:54:21.34,2019-07-07 22:20:04.94,2019-07-08 08:45:48.54,1000,1.8,1.8,621,0.831730319070867,0.0275556392318752,341,0.869762250126322,0.0381049591148198
2019-07-07 17:33:22.87,2019-07-08 03:15:49.745,2019-07-08 12:58:16.62,1000,1.8,1.8,550,0.835619958183622,0.0296637585560311,301,0.877686578843016,0.0421382072574322
2019-07-07 22:33:21.39,2019-07-08 07:42:01.795,2019-07-08 16:50:42.2,1000,1.6,1.8,508,0.848577240689457,0.0314886441572254,281,0.905720271744202,0.0458617059350923
2019-07-08 04:03:07.84,2019-07-08 12:26:02.225,2019-07-08 20:48:56.61,1000,1.3,1.8,443,0.853295141185703,0.0334329408834822,247,0.926664970888936,0.0500412085198034
2019-07-08 08:46:13.62,2019-07-08 16:46:04.415,2019-07-09 00:45:55.21,1000,1.3,1.8,398,0.878834674585592,0.0357708259287827,221,0.981782738345118,0.0570550060506127
2019-07-08 12:59:28.61,2019-07-08 20:33:23.635,2019-07-09 04:07:18.66,1000,1.3,2,363,0.902191238015797,0.0387751467818032,198,1.00198447234728,0.0612902517416091
2019-07-08 16:52:09.02,2019-07-09 00:08:42.905,2019-07-09 07:25:16.79,1000,1.3,1.6,313,0.915258368137071,0.042146686500719,165,0.996642413268937,0.0648451046144224
2019-07-08 20:49:34.39,2019-07-09 03:32:17.395,2019-07-09 10:15:00.4,1000,1.3,1.5,268,0.911583029057577,0.0457303583950942,140,0.970025964684991,0.0665794898531237
2019-07-09 00:46:23.28,2019-07-09 07:05:56.055,2019-07-09 13:25:28.83,1000,1,1.5,247,0.936780517248303,0.0510871012891966,119,0.914546865094443,0.0643688936457813
2019-07-09 04:07:22.36,2019-07-09 10:25:10.395,2019-07-09 16:42:58.43,1000,1,1.5,235,0.892515988170216,0.0486749933831773,118,0.894983389182391,0.0642306587513067
2019-07-09 07:25:33.91,2019-07-09 13:48:26.185,2019-07-09 20:11:18.46,1000,1,1.5,235,0.90365860852899,0.0512332035822776,116,0.903158119411567,0.0715815587466523
2019-07-09 10:15:39.18,2019-07-09 16:46:55.03,2019-07-09 23:18:10.88,1000,1.3,1.5,253,0.976766858578742,0.0539933054870816,115,0.954402167377679,0.0762215091214255
2019-07-09 13:26:11.1,2019-07-09 19:58:03.405,2019-07-10 02:29:55.71,1000,1.3,1.5,249,0.952601532715906,0.0544832306176149,118,0.945511971671286,0.0792257182287043
2019-07-09 16:43:33.45,2019-07-09 23:11:45.565,2019-07-10 05:39:57.68,1000,1.3,1.6,245,0.987582588326496,0.057888558901506,111,0.964326615148249,0.0849440101200927
2019-07-09 20:12:37.87,2019-07-10 02:33:26.205,2019-07-10 08:54:14.54,1000,1.3,1.6,248,0.991576427103724,0.0564736034646421,115,0.995294249080789,0.0846484804541591
2019-07-09 23:18:24.05,2019-07-10 05:45:47.885,2019-07-10 12:13:11.72,1000,1.1,1.3,223,0.906728484827498,0.0551358324489406,109,0.887644825191346,0.0760257560879734
2019-07-10 02:30:13.67,2019-07-10 08:55:43.255,2019-07-10 15:21:12.84,1000,1.1,1.1,203,0.844057250611394,0.0549663924729732,100,0.795848418367696,0.071412180053399
2019-07-10 05:41:22.15,2019-07-10 12:07:05.765,2019-07-10 18:32:49.38,1000,1.1,1.1,207,0.841592939093551,0.054889983883951,102,0.772819908481014,0.0657957537093512
2019-07-10 08:55:08.51,2019-07-10 15:26:39.12,2019-07-10 21:58:09.73,1000,1.1,1.1,218,0.78883683598491,0.0508733763109521,111,0.719502798377029,0.0599073315258504
2019-07-10 12:14:00.59,2019-07-10 18:49:46.755,2019-07-11 01:25:32.92,1000,1.3,1.2,246,0.748101971487991,0.0469734901883888,126,0.65841781638563,0.0516547570360103
2019-07-10 15:22:01.61,2019-07-10 22:01:19.805,2019-07-11 04:40:38,1000,1.1,1.3,259,0.791515521869975,0.0485802009122218,134,0.7295406866621,0.0592146073539059
2019-07-10 18:33:01.16,2019-07-11 01:31:43.15,2019-07-11 08:30:25.14,1000,1,1.4,284,0.770920887933768,0.0444705889759977,151,0.725425517338396,0.0555957057979708
2019-07-10 21:58:30.73,2019-07-11 05:11:13.885,2019-07-11 12:23:57.04,1000,1,1.3,273,0.750584917444845,0.0431796746786341,145,0.694296580771461,0.0510398291111257
2019-07-11 01:27:22.31,2019-07-11 09:12:16.955,2019-07-11 16:57:11.6,1000,1.1,1.5,279,0.836738902361765,0.0475788168231871,142,0.794304693846751,0.0612301609356164
2019-07-11 04:41:36.03,2019-07-11 12:48:20.285,2019-07-11 20:55:04.54,1000,1.1,1.5,282,0.85298122229222,0.0459462450917448,145,0.84686255884846,0.0637036152112189
2019-07-11 08:30:54.82,2019-07-11 16:22:35.69,2019-07-12 00:14:16.56,1000,1.2,1.4,254,0.837591483701033,0.0473058296150213,137,0.859926926156171,0.0681659477215587
2019-07-11 12:26:44.58,2019-07-11 20:07:37.59,2019-07-12 03:48:30.6,1000,1.1,1.5,244,0.908581442033725,0.053772105981782,123,0.924190679482698,0.0809303994737656
2019-07-11 16:58:25.43,2019-07-12 00:04:12.555,2019-07-12 07:09:59.68,1000,1,1.5,216,0.95207153243786,0.0592133087537644,106,0.981979843893871,0.0929645048585868
2019-07-11 20:55:12.62,2019-07-12 03:31:43.9,2019-07-12 10:08:15.18,1000,1,1.4,197,0.970242832104112,0.0664601291422523,93,0.95011495688079,0.0970119521596276
2019-07-12 00:14:31.47,2019-07-12 06:31:46.21,2019-07-12 12:49:00.95,1000,1,1.5,178,1.08649919576639,0.0759394633383403,72,1.02053533606508,0.110975473931693
2019-07-12 03:49:07.57,2019-07-12 10:13:45.34,2019-07-12 16:38:23.11,1000,0.9,1.5,177,1.00378849956745,0.070837372280946,80,0.993808883073803,0.110036813871541
2019-07-12 07:11:02.65,2019-07-12 14:12:09.215,2019-07-12 21:13:15.78,1000,0.9,1.5,181,0.966522823367621,0.0628071314675827,85,0.996895246064716,0.101027185688161
2019-07-12 10:09:26.1,2019-07-12 18:09:27.375,2019-07-13 02:09:28.65,1000,0.9,1.5,193,0.967326428243827,0.0607099555860407,93,1.02277505234243,0.101150384633819
2019-07-12 12:49:57.21,2019-07-12 22:26:55.655,2019-07-13 08:03:54.1,1000,1,1.5,210,0.956194602638738,0.0571160308077273,103,1.00544687876006,0.0906707105947572
2019-07-12 16:39:30.31,2019-07-13 03:33:43.73,2019-07-13 14:27:57.15,1000,1.2,1.9,221,1.00438552219149,0.0541961987371992,108,1.10154542145494,0.0869023924451027
2019-07-12 21:20:09.05,2019-07-13 10:20:38.94,2019-07-13 23:21:08.83,1000,1.2,1.7,255,0.969152821259553,0.0511209097756081,128,1.04846649723908,0.0821433807926029
2019-07-13 02:11:48.34,2019-07-13 17:00:46.65,2019-07-14 07:49:44.96,1000,1.2,1.8,267,0.925949266694628,0.0466066113616358,137,0.991639067012425,0.0710383085750211
2019-07-13 08:04:13.62,2019-07-13 23:47:58.745,2019-07-14 15:31:43.87,1000,1.1,1.8,290,0.931617721369502,0.0458155743271682,145,0.971351224370993,0.0675297016656052
2019-07-13 14:31:04.43,2019-07-14 07:03:41.39,2019-07-14 23:36:18.35,1000,1.1,1.8,292,0.942154448111066,0.0463097956515614,140,0.955243165223178,0.0663328833837867
2019-07-13 23:22:09.95,2019-07-14 15:34:58.115,2019-07-15 07:47:46.28,1000,1.1,1.7,267,0.949607949129213,0.0486727912016986,128,0.963259291000108,0.0688444839474333
2019-07-14 07:55:47.54,2019-07-14 23:49:01.51,2019-07-15 15:42:15.48,1000,1.1,1.6,256,0.947255579511225,0.0515979627387377,118,0.913163736004699,0.068946443331183
2019-07-14 15:32:26.32,2019-07-15 07:32:31.86,2019-07-15 23:32:37.4,1000,1.2,1.6,245,0.901025896064837,0.0500994442657355,122,0.906482922022185,0.0708168222348253
2019-07-14 23:36:46.21,2019-07-15 16:16:38.835,2019-07-16 08:56:31.46,1000,1.2,1.4,240,0.837799820406562,0.0465596503936488,130,0.861169656000957,0.0641041764737214
2019-07-15 07:51:30.06,2019-07-15 23:51:39.48,2019-07-16 15:51:48.9,1000,1.2,1.2,220,0.816133817534086,0.0471592154692839,119,0.828620223608898,0.0635970870937455
2019-07-15 15:43:09.34,2019-07-16 08:51:56.675,2019-07-17 02:00:44.01,1000,1.1,1.2,227,0.793950611194637,0.0460467865339087,132,0.84168068728864,0.0657568090999711
2019-07-15 23:33:11.97,2019-07-16 17:17:08.755,2019-07-17 11:01:05.54,1000,1.1,1.2,236,0.763793857434737,0.0425882521544857,141,0.818219160186512,0.0610626283289287
2019-07-16 08:56:35.62,2019-07-17 01:01:21.215,2019-07-17 17:06:06.81,1000,1.1,1.3,213,0.774033341522823,0.045522940314926,129,0.848205725443141,0.0682163920154662
2019-07-16 15:52:09.82,2019-07-17 08:34:17.94,2019-07-18 01:16:26.06,1000,1.1,1.3,225,0.783422259506387,0.0467932211185988,131,0.820842261280133,0.0661943571315621
2019-07-17 02:03:29.67,2019-07-17 17:47:27.04,2019-07-18 09:31:24.41,1000,1,1.3,237,0.752946541412367,0.0423178183839039,141,0.799523723049465,0.0606080047950505
2019-07-17 11:03:12.19,2019-07-18 02:36:30.985,2019-07-18 18:09:49.78,1000,1,1.2,208,0.780821611512459,0.0458336654538082,125,0.863339857473067,0.0706705986887133
2019-07-17 17:06:08.9,2019-07-18 10:58:28.9,2019-07-19 04:50:48.9,1000,1.1,1.3,230,0.80606625918131,0.0460129427453655,133,0.86845836856311,0.0688830818724105
2019-07-18 01:21:16.93,2019-07-18 19:25:21.81,2019-07-19 13:29:26.69,1000,1.1,1.3,234,0.807893383936409,0.0440023325535858,140,0.911699317235796,0.0703077123666911
2019-07-18 09:33:11.11,2019-07-19 05:23:55.52,2019-07-20 01:14:39.93,1000,1.1,1.4,213,0.89049600159215,0.0517563619964485,118,0.97705908226089,0.0799182930765186
2019-07-18 18:12:41.51,2019-07-19 15:01:48.15,2019-07-20 11:50:54.79,1000,1.1,1.5,226,0.916866444746706,0.054673836130523,119,0.961150145926855,0.081200653599728
2019-07-19 04:56:02.64,2019-07-20 01:23:30.395,2019-07-20 21:50:58.15,1000,1.1,1.5,208,0.912088572656264,0.0585070970538565,104,0.889982780649028,0.0775485808264548
2019-07-19 13:31:20.68,2019-07-20 11:04:16.09,2019-07-21 08:37:11.5,1000,1.1,1.5,199,0.90591825889672,0.0589099453903406,98,0.858947713955977,0.0720943032937783
2019-07-20 01:16:45.04,2019-07-20 21:39:24.455,2019-07-21 18:02:03.87,1000,1.1,1,172,0.87891105879938,0.0592428206055822,83,0.816638921567057,0.0690092311268404
2019-07-20 11:53:22.25,2019-07-21 09:15:55.895,2019-07-22 06:38:29.54,1000,1.1,1.1,162,0.9004954059686,0.0622426239438875,75,0.818394124189545,0.0701467467545951
2019-07-20 21:53:16.02,2019-07-21 18:55:05.535,2019-07-22 15:56:55.05,1000,0.9,1.5,152,0.944929305028547,0.0643314454518318,72,0.927319178441107,0.0826344126219992
2019-07-21 08:39:20.85,2019-07-22 06:05:15.98,2019-07-23 03:31:11.11,1000,0.9,1.4,146,0.983054176091082,0.0723551173157486,67,0.959055052324254,0.0999191728385677
2019-07-21 18:02:33.21,2019-07-22 16:17:12.48,2019-07-23 14:31:51.75,1000,1,1.6,154,1.00392299929602,0.0735491609232206,69,1.0008790665105,0.114800099988971
2019-07-22 06:39:37.33,2019-07-23 05:14:28.305,2019-07-24 03:49:19.28,1000,0.9,1.6,169,1.0167026934707,0.0720339058524339,74,1.01189520342697,0.116615597281121
2019-07-22 15:57:23.92,2019-07-23 15:21:32.255,2019-07-24 14:45:40.59,1000,0.9,1.4,169,0.938324820271664,0.0643929019707705,80,0.952139176548648,0.101214396001322
2019-07-23 03:31:40.08,2019-07-24 03:49:23.57,2019-07-25 04:07:07.06,1000,0.9,1.4,163,0.954944024689465,0.064309343736838,78,0.997202519530575,0.103679629541726
2019-07-23 14:32:37.9,2019-07-24 15:28:05.57,2019-07-25 16:23:33.24,1000,0.9,1.4,148,0.976387411843859,0.0678804938912426,73,1.04356475243375,0.107316116112602
2019-07-24 03:50:53.16,2019-07-25 03:23:26.945,2019-07-26 02:56:00.73,1000,0.9,1.1,139,0.775028026505996,0.0549980601036554,85,0.860891580265308,0.0829674640175105
2019-07-24 14:46:06.65,2019-07-25 13:09:05.22,2019-07-26 11:32:03.79,1000,0.9,1.2,144,0.858690174297243,0.0649116686414983,76,0.867675621047506,0.0906070181991763
2019-07-25 04:08:36.86,2019-07-26 01:30:27.505,2019-07-26 22:52:18.15,1000,0.9,1,142,0.846647672024461,0.0625719754497442,81,0.927441419303016,0.0982275180886739
2019-07-25 16:26:40.79,2019-07-26 15:20:07.425,2019-07-27 14:13:34.06,1000,1,1,156,0.847403867128296,0.0617328517391526,85,0.88482816303395,0.0920537065062651
2019-07-26 02:59:37.64,2019-07-27 01:57:23.13,2019-07-28 00:55:08.62,1000,1,1.3,140,0.983997855097188,0.0740528984943957,67,1.01279952271207,0.113557326804429
2019-07-26 11:34:28.39,2019-07-27 10:55:56.435,2019-07-28 10:17:24.48,1000,1,1,120,0.930464878207288,0.0721447086113929,64,1.01999437951589,0.113227822830444
2019-07-26 22:53:28.92,2019-07-27 21:38:49.11,2019-07-28 20:24:09.3,1000,1,1.3,122,1.01638071728749,0.086269084931428,51,0.919809741572501,0.111930745124702
2019-07-27 14:14:59.45,2019-07-28 13:32:53.515,2019-07-29 12:50:47.58,1000,0.8,1.4,120,0.993998432736796,0.0787956162279725,53,0.92217978929777,0.0918078987203127
2019-07-28 00:57:26.03,2019-07-29 02:52:19.45,2019-07-30 04:47:12.87,1000,1,1.3,132,0.932599180270526,0.0717425351101879,61,0.85873463196429,0.0821079870338253
2019-07-28 10:18:20.97,2019-07-29 13:55:28.285,2019-07-30 17:32:35.6,1000,1,1.5,156,0.950209525622823,0.066211481494064,72,0.909781864912253,0.0852641167373025
2019-07-28 20:28:36.14,2019-07-30 05:46:47.59,2019-07-31 15:04:59.04,1000,1,1.5,155,0.904293991066685,0.0581005868539947,81,0.965098848673893,0.0837263271955537
2019-07-29 12:51:18.91,2019-07-31 02:52:15.68,2019-08-01 16:53:12.45,1000,1,1.4,159,0.884612126859044,0.0562934940921694,84,0.940952707760463,0.0807435469990552
2019-07-30 04:48:46.59,2019-08-01 03:23:54.28,2019-08-03 01:59:01.97,1000,1,1.6,183,0.88592007789873,0.0494630846761915,102,1.01391707837335,0.078309657631422
2019-07-30 17:39:48.4,2019-08-01 23:36:44.555,2019-08-04 05:33:40.71,1000,0.9,1.5,182,0.907481006962019,0.0519051543136973,100,1.02889003056918,0.0807568228892158
2019-07-31 15:21:01.27,2019-08-02 22:16:05.83,2019-08-05 05:11:10.39,1000,0.9,1.3,185,0.889849143339258,0.051151669072815,104,0.999703986674152,0.076363164501478
2019-08-01 17:09:50.86,2019-08-03 22:05:17.645,2019-08-06 03:00:44.43,1000,0.9,1.3,178,0.952846268689496,0.0555123472265908,96,1.08488863551164,0.0859200387061586
2019-08-03 02:07:36.6,2019-08-05 03:00:39.96,2019-08-07 03:53:43.32,1000,0.9,1.3,146,1.02650144662255,0.0668971992928457,71,1.09537862220714,0.0898551710459625
2019-08-04 05:36:49.1,2019-08-06 05:53:54.48,2019-08-08 06:10:59.86,1000,0.9,1.3,142,0.98309925761616,0.0629477510167752,72,1.06976403342573,0.0854229000515527
2019-08-05 05:12:27.32,2019-08-07 04:54:42.98,2019-08-09 04:36:58.64,1000,0.8,1.3,134,0.983529839023757,0.0632375947014888,66,1.05148333843047,0.0806424807506516
2019-08-06 03:12:20.02,2019-08-08 02:24:37.61,2019-08-10 01:36:55.2,1000,0.8,1.2,135,0.987199108552602,0.0651837944328463,65,1.04243505626704,0.0882261336093411
2019-08-07 03:54:53.85,2019-08-09 02:36:36.87,2019-08-11 01:18:19.89,1000,0.8,1.2,130,1.02688764364174,0.0675040677330726,63,1.16875490644617,0.11208107687553
2019-08-08 06:20:19.74,2019-08-10 01:20:00.7,2019-08-11 20:19:41.66,1000,0.9,1.8,121,1.01095868238348,0.0694780568119291,60,1.16380834811054,0.119463980842961
2019-08-09 04:39:07.97,2019-08-10 22:07:46.745,2019-08-12 15:36:25.52,1000,0.9,1.6,103,1.07840722362669,0.0818294737101155,47,1.2476675213602,0.159110125553207
2019-08-10 01:39:43.84,2019-08-11 19:46:09.875,2019-08-13 13:52:35.91,1000,0.9,1.2,93,0.977241394072161,0.0698250279556186,52,1.29121286786558,0.150347696126661
2019-08-11 01:21:08.26,2019-08-12 17:37:33.73,2019-08-14 09:53:59.2,1000,0.9,1.2,91,0.863465104942012,0.0652107426954227,55,1.06777811822436,0.11637117923598
2019-08-11 20:37:57.34,2019-08-13 14:02:46.185,2019-08-15 07:27:35.03,1000,0.8,1.1,102,0.846513226717594,0.0676443185994574,57,0.918204208771712,0.0989990923609134
2019-08-12 15:39:21.25,2019-08-14 11:22:07.205,2019-08-16 07:04:53.16,1000,0.8,1,129,0.754227088927295,0.0524457379892261,79,0.826928514590429,0.0736683912803628
2019-08-13 13:55:09.12,2019-08-15 11:41:56.005,2019-08-17 09:28:42.89,1000,0.8,1.1,138,0.787551097275279,0.0553849792698302,77,0.798869448317018,0.0696253067836211
2019-08-14 09:57:09.75,2019-08-16 09:38:51.18,2019-08-18 09:20:32.61,1000,0.8,0.9,133,0.770148881241767,0.0544087235466832,73,0.758819942052116,0.0635966717064646
2019-08-15 07:33:11.59,2019-08-17 08:18:56.14,2019-08-19 09:04:40.69,1000,0.8,1,120,0.764602961097274,0.0564621851863932,66,0.757690610774904,0.0673453996113165
2019-08-16 07:09:41.17,2019-08-18 08:14:16.795,2019-08-20 09:18:52.42,1000,0.9,1.1,104,0.865592681447647,0.0700641305081759,50,0.816650022382948,0.0809307064910804
2019-08-17 09:31:23.96,2019-08-19 10:28:28.68,2019-08-21 11:25:33.4,1000,0.9,0.9,103,0.824711128982945,0.0675343703792533,53,0.797284639448297,0.0797450916556618
2019-08-18 09:21:48.38,2019-08-20 09:42:01.355,2019-08-22 10:02:14.33,1000,0.9,1.1,104,0.855266542661204,0.0700349498737092,55,0.877846251550123,0.0952286004013738
2019-08-19 09:06:05.09,2019-08-21 04:12:54.24,2019-08-22 23:19:43.39,1000,0.9,0.9,123,0.813681969140898,0.0676492005633432,65,0.786765365766761,0.0860313652103397
2019-08-20 09:21:38.41,2019-08-21 21:45:34.28,2019-08-23 10:09:30.15,1000,0.8,1,132,0.775211245587954,0.0626541201718216,76,0.796293863079545,0.0875643005190333
2019-08-21 11:29:19.37,2019-08-22 20:23:29.605,2019-08-24 05:17:39.84,1000,0.9,0.8,118,0.734615092668918,0.0609894792894475,71,0.763996734765384,0.0835839944979024
2019-08-22 10:14:43.68,2019-08-23 18:04:42.045,2019-08-25 01:54:40.41,1000,0.9,0.8,113,0.73301383801445,0.0641427279093202,65,0.717933400908224,0.0796657328035669
2019-08-22 23:21:10.39,2019-08-24 11:13:38.725,2019-08-25 23:06:07.06,1000,0.8,0.8,86,0.760523833102823,0.0693572101768274,53,0.823233459973975,0.096333630578845
2019-08-23 10:20:05.84,2019-08-25 03:25:18.955,2019-08-26 20:30:32.07,1000,0.8,0.8,72,0.766777898406918,0.0696428901601945,44,0.815228549647742,0.081244639313788
2019-08-24 05:29:06.78,2019-08-26 00:42:30.21,2019-08-27 19:55:53.64,1000,0.8,1,80,0.866639025998008,0.0741080672620312,46,0.96743564976027,0.102994481198861
2019-08-25 02:05:32.77,2019-08-26 22:23:50.025,2019-08-28 18:42:07.28,1000,0.8,1,89,0.970917078356931,0.0809569665025518,43,1.01108081872441,0.109369251382537
2019-08-25 23:33:13.24,2019-08-28 00:17:19.575,2019-08-30 01:01:25.91,1000,0.8,1.1,95,1.11147564064679,0.0935706076682369,40,1.1361529938607,0.138553896626728
2019-08-26 20:40:40.88,2019-08-29 00:25:12.01,2019-08-31 04:09:43.14,1000,0.8,1.7,98,1.16957568635665,0.0949319265006779,39,1.23271359492189,0.159417302116978
2019-08-27 19:59:13.95,2019-08-30 00:37:36.08,2019-09-01 05:15:58.21,1000,0.7,1.5,84,1.18636541397961,0.110674868323642,30,1.0957808626659,0.150831622375389
2019-08-28 18:47:52,2019-08-31 00:16:17.14,2019-09-02 05:44:42.28,1000,0.7,1.3,76,1.21257827423391,0.118816642133081,31,1.23855832005527,0.172608068999291
2019-08-30 01:09:41.15,2019-09-01 03:38:38.15,2019-09-03 06:07:35.15,1000,0.7,0.8,72,0.939297167228421,0.0950812380463117,37,0.982807084429377,0.135803867169519
2019-08-31 04:10:13.42,2019-09-02 07:45:27.79,2019-09-04 11:20:42.16,1000,0.7,0.8,67,0.913586508242319,0.0946550041600323,37,0.980408531447243,0.129821399781912
2019-09-01 05:27:19.09,2019-09-03 16:35:44.675,2019-09-06 03:44:10.26,1000,0.9,0.9,79,0.993319747259898,0.0966235816828601,41,1.07524599988124,0.144652397938748
2019-09-02 05:57:21.66,2019-09-04 23:40:20.78,2019-09-07 17:23:19.9,1000,0.9,0.9,81,0.98592637427588,0.0922143512473177,38,1.00262395579123,0.132038608869473
2019-09-03 06:14:24.88,2019-09-06 03:55:32.785,2019-09-09 01:36:40.69,1000,0.9,1.2,94,0.98942514054546,0.086604314424779,43,0.984950565497881,0.121261468037534
2019-09-04 11:32:02.85,2019-09-07 14:45:37.23,2019-09-10 17:59:11.61,1000,0.9,1.1,102,0.964258536224024,0.0800279749356804,46,0.933966627748928,0.105492830328768
2019-09-06 03:54:58.1,2019-09-09 05:42:47.925,2019-09-12 07:30:37.75,1000,0.9,1.1,103,0.990529929938772,0.0836791805992498,43,0.908300716042794,0.104700429237041
2019-09-07 17:35:01.7,2019-09-10 19:35:36.45,2019-09-13 21:36:11.2,1000,0.9,1.1,101,0.990599428008772,0.0833063257949251,46,0.984600599682089,0.11580352515922
2019-09-09 01:37:49.4,2019-09-12 06:33:54.53,2019-09-15 11:29:59.66,1000,0.9,1.6,88,1.24366789480918,0.103761061173745,31,1.21398818205598,0.136038792779146
2019-09-10 18:09:56.69,2019-09-14 09:59:57.115,2019-09-18 01:49:57.54,1000,0.9,2,98,1.25215825909146,0.0884868947955255,40,1.5040501537775,0.149434896728957
2019-09-12 07:39:35.53,2019-09-16 14:44:57.235,2019-09-20 21:50:18.94,1000,0.8,2,108,1.17641846113748,0.0814266909429597,48,1.42586423607087,0.148381505736361
2019-09-13 21:37:48.58,2019-09-18 14:51:11.77,2019-09-23 08:04:34.96,1000,0.8,1.5,111,1.07820817470948,0.0810954933940922,52,1.23608719534587,0.148600520398264
2019-09-15 11:56:54.58,2019-09-20 19:01:58.25,2019-09-26 02:07:01.92,1000,1,1.1,124,0.956867728429339,0.0650566047343112,69,1.17055934575486,0.120158441900205
2019-09-18 02:15:24.99,2019-09-23 04:34:05.37,2019-09-28 06:52:45.75,1000,0.9,1.1,119,0.944118438920113,0.0744356956199472,61,0.992580119748908,0.108867628326926
2019-09-20 21:55:54.18,2019-09-25 18:47:38.21,2019-09-30 15:39:22.24,1000,0.8,1.1,112,0.883738771314756,0.0739284084069177,61,0.911002867816312,0.0988929439520908
2019-09-23 08:15:25.65,2019-09-27 21:59:57.755,2019-10-02 11:44:29.86,1000,0.8,1.3,113,0.900463788166375,0.076409730952157,59,0.896862948277629,0.0978131015347508
2019-09-26 02:09:35.86,2019-09-30 09:09:11.915,2019-10-04 16:08:47.97,1000,0.8,1.3,99,0.961645128794943,0.0936343391953382,46,0.868211480554089,0.107213454163412
2019-09-28 06:52:54.54,2019-10-02 09:06:53.945,2019-10-06 11:20:53.35,1000,0.8,1.3,86,1.0007857835927,0.100318467326988,39,0.948878699956685,0.131847452101224
2019-09-30 15:50:18.22,2019-10-04 10:18:10.59,2019-10-08 04:46:02.96,1000,0.8,0.8,75,1.07498634134468,0.106749703688583,33,1.11617740676069,0.172421464747421
2019-10-02 11:59:59.04,2019-10-06 20:37:28.255,2019-10-11 05:14:57.47,1000,0.8,0.9,82,1.08144997012046,0.083825139523672,39,1.28120157293698,0.138649680746899
2019-10-04 16:26:33.56,2019-10-09 00:39:24.99,2019-10-13 08:52:16.42,1000,0.6,0.9,79,1.03841598275899,0.0780524979312544,39,1.25369983673033,0.128937964906473
2019-10-06 11:40:02.85,2019-10-10 23:18:59.565,2019-10-15 10:57:56.28,1000,0.9,0.8,81,0.942348058777481,0.0711255510621949,44,1.11357559462372,0.105329541849395
2019-10-08 04:50:22.3,2019-10-13 00:09:55.865,2019-10-17 19:29:29.43,1000,0.9,0.9,89,0.903511194235377,0.0673805274263763,48,1.01391707837335,0.092523844120817
2019-10-11 05:16:24.88,2019-10-16 05:03:18.79,2019-10-21 04:50:12.7,1000,0.9,0.9,91,0.918447544810502,0.0788705775058284,47,0.950714515577682,0.10341561354142
2019-10-13 09:00:28.52,2019-10-18 17:15:28.64,2019-10-24 01:30:28.76,1000,0.8,0.8,101,0.906650323940232,0.0773994872987692,51,0.905519974532536,0.100244029511184
2019-10-15 10:58:53.25,2019-10-21 04:51:02.01,2019-10-26 22:43:10.77,1000,0.8,1.5,103,1.00953129397506,0.0918534464604998,46,0.960920931580067,0.124088969599594
2019-10-17 23:45:35.96,2019-10-24 13:40:59.5,2019-10-31 03:36:23.04,1000,0.8,1.1,119,1.01614320382397,0.0889329097210917,51,0.939313764930698,0.120942493580732
2019-10-21 04:53:14.47,2019-10-27 04:53:08.035,2019-11-02 04:53:01.6,1000,0.7,1,110,1.03966034840822,0.0917579952181397,45,0.964146605113287,0.130244620399845
2019-10-24 01:30:44.17,2019-10-29 11:51:07.48,2019-11-03 22:11:30.79,1000,0.7,0.8,110,1.01751635802679,0.0861804513764228,49,1.01480351040817,0.130839355863689
2019-10-26 23:21:05.85,2019-11-01 01:41:14.12,2019-11-06 04:01:22.39,1000,0.8,0.8,104,0.958544696900216,0.082309416888144,48,0.937747869156819,0.114467020354239
2019-10-31 03:52:12.32,2019-11-04 00:20:50.445,2019-11-07 20:49:28.57,1000,0.8,0.7,78,0.92579856759917,0.0919785006357317,39,0.94201806419504,0.131220639071363
2019-11-02 04:53:35.46,2019-11-05 22:35:08.4,2019-11-09 16:16:41.34,1000,0.6,0.7,75,0.916233084184075,0.0917794636097839,38,0.935555006367549,0.129088505068114
2019-11-03 22:14:22.16,2019-11-07 21:52:04.12,2019-11-11 21:29:46.08,1000,0.6,0.8,61,0.938100686830678,0.102703913412007,30,0.958002533610114,0.146910293353737
2019-11-06 04:02:56.86,2019-11-10 02:31:28.405,2019-11-14 00:59:59.95,1000,0.6,0.8,59,0.911539467530838,0.109404109535724,29,NA,NA
2019-11-07 20:53:00.92,2019-11-12 04:39:43.51,2019-11-16 12:26:26.1,1000,0.7,0.9,64,1.00125528969049,0.108051159741793,29,NA,NA
2019-11-09 16:16:46.36,2019-11-14 10:24:36.755,2019-11-19 04:32:27.15,1000,0.7,1,80,0.900792288106304,0.0965075256765269,37,0.823201630656778,0.123306156725959
2019-11-11 21:29:56.49,2019-11-17 17:53:41.68,2019-11-23 14:17:26.87,1000,0.7,1.2,103,0.927287140050476,0.0880527311986882,46,0.820096312296781,0.104966455230796
2019-11-14 01:20:51.64,2019-11-20 20:53:52.235,2019-11-27 16:26:52.83,1000,0.7,1.1,118,0.905579587640638,0.0743016108812014,58,0.888190407277455,0.0998269611360957
2019-11-16 12:44:49.03,2019-11-23 22:40:37.34,2019-12-01 08:36:25.65,1000,0.9,1.1,131,0.854114654396126,0.0669985994544884,69,0.861348641889174,0.0929947466335243
2019-11-19 04:42:09.32,2019-11-26 15:15:48.83,2019-12-04 01:49:28.34,1000,0.8,1,115,0.880999566393966,0.0685485450588098,63,0.961030992620473,0.105438720700823
2019-11-23 14:45:02.91,2019-11-30 04:05:58.44,2019-12-06 17:26:53.97,1000,0.8,0.9,104,0.799409311821915,0.0642507333929657,65,0.945066666344538,0.110770701658649
2019-11-27 17:16:35.9,2019-12-03 11:42:07.45,2019-12-09 06:07:39,1000,0.8,0.9,88,0.813320161895853,0.0710412748625949,54,0.958002533610114,0.123143154318616
2019-12-01 08:59:50.56,2019-12-06 11:32:11.595,2019-12-11 14:04:32.63,1000,0.7,1,71,0.827116636671966,0.0749593246997727,46,1.05478068466471,0.144252233410947
2019-12-04 01:51:18.14,2019-12-09 12:37:44.18,2019-12-14 23:24:10.22,1000,0.7,1,61,0.751118894133778,0.074802501671235,42,0.958002533610114,0.142540543539543
2019-12-06 17:28:39.54,2019-12-12 10:21:50.405,2019-12-18 03:15:01.27,1000,0.7,1,58,0.70955154789827,0.0738388923283178,39,0.831900039009176,0.117203325439144
2019-12-09 06:28:26.84,2019-12-14 22:59:18.945,2019-12-20 15:30:11.05,1000,0.9,0.9,75,0.742976417489596,0.0692565644806507,48,0.843631531014006,0.104438558064207
2019-12-11 14:05:00.2,2019-12-16 22:45:58.51,2019-12-22 07:26:56.82,1000,0.8,0.9,91,0.718559960967198,0.0642803300736885,55,0.736092342208901,0.0802852681651743
2019-12-14 23:48:40.56,2019-12-20 04:19:50.905,2019-12-25 08:51:01.25,1000,0.9,0.9,104,0.783462725376205,0.0668457373598047,59,0.786958674210438,0.0829820906688184
2019-12-18 03:17:19.96,2019-12-23 16:12:26.25,2019-12-29 05:07:32.54,1000,0.9,0.9,115,0.844216792070216,0.0705653449567933,61,0.839415823704004,0.0926340206022369
2019-12-20 15:30:29.45,2019-12-26 17:04:24.215,2020-01-01 18:38:18.98,1000,0.9,0.9,101,0.833436113855756,0.0748234382576461,55,0.835181695967792,0.0977871913405578
2019-12-22 07:31:16.56,2019-12-28 23:22:15.025,2020-01-04 15:13:13.49,1000,0.9,0.9,92,0.903552517754391,0.0797067313845974,49,0.955994142554328,0.114022750808063
2019-12-25 09:28:21.91,2020-01-01 00:42:16.03,2020-01-07 15:56:10.15,1000,0.8,0.9,83,0.858044322731966,0.0782020790630518,47,0.943245871046804,0.118347953852454
2019-12-29 05:44:43.82,2020-01-04 02:01:38.715,2020-01-09 22:18:33.61,1000,0.8,0.8,62,0.875650662699239,0.0857988366155664,35,0.988316441262277,0.129337728950106
2020-01-01 18:38:55.15,2020-01-07 08:09:55.51,2020-01-12 21:40:55.87,1000,0.8,0.8,61,0.9570796024602,0.100602285275678,30,1.01234144965793,0.152760362160501
2020-01-04 15:17:45.1,2020-01-10 10:43:57.87,2020-01-16 06:10:10.64,1000,0.8,1.4,51,0.993675126831128,0.113500519891841,25,NA,NA
2020-01-07 16:28:43.69,2020-01-14 07:49:23.155,2020-01-20 23:10:02.62,1000,0.8,1.3,60,1.00298956559642,0.102240457596316,29,NA,NA
2020-01-09 22:19:18,2020-01-17 09:12:58.63,2020-01-24 20:06:39.26,1000,0.9,1.3,78,1.01179718006134,0.0845589446180122,37,1.11744755427123,0.12901709960911
2020-01-12 21:46:56.48,2020-01-21 00:55:55.925,2020-01-29 04:04:55.37,1000,0.8,1,88,0.875954948601562,0.0814498004293774,47,0.945868426758705,0.132723163882417
2020-01-16 07:09:01.1,2020-01-25 11:33:48.4,2020-02-03 15:58:35.7,1000,0.9,0.9,100,0.875770280103351,0.0754529935992215,52,0.910984794633686,0.112258105597029
2020-01-20 23:39:27.28,2020-01-30 04:12:43.26,2020-02-08 08:45:59.24,1000,0.7,1,92,0.86482883842206,0.0799583102019761,48,0.87699348470156,0.112489060350407
2020-01-24 20:07:22.59,2020-02-03 13:18:50.07,2020-02-13 06:30:17.55,1000,0.8,0.9,90,0.812102708732447,0.0799762237444389,48,0.785165165022828,0.101397528476518
2020-01-29 04:48:55.79,2020-02-07 09:02:43.165,2020-02-16 13:16:30.54,1000,0.8,0.9,81,0.855492534877515,0.0802141092010872,44,0.875754225652754,0.102906572076262
2020-02-03 18:46:58.46,2020-02-12 08:03:55.77,2020-02-20 21:20:53.08,1000,0.8,0.9,77,0.800974254049111,0.0753095047305031,45,0.858289489927375,0.104015629108505
2020-02-08 09:32:59.31,2020-02-16 17:12:19.32,2020-02-25 00:51:39.33,1000,0.8,0.8,84,0.783352726645333,0.0696507718785958,49,0.841789146094119,0.098746436560101
2020-02-13 07:33:28.04,2020-02-21 12:33:47.865,2020-02-29 17:34:07.69,1000,0.8,0.8,83,0.844376715810961,0.0772468494839741,46,0.905600460904333,0.11410259866968
2020-02-16 13:32:36.51,2020-02-25 14:02:22.185,2020-03-05 14:32:07.86,1000,0.8,0.8,100,0.88235368123375,0.0756964848631929,49,0.860162878466425,0.0989012521679003
2020-02-20 21:29:40.54,2020-02-29 07:08:17.155,2020-03-08 16:46:53.77,1000,0.8,0.8,96,0.856104112170681,0.0828370719422792,46,0.778244883815722,0.10065102948437
2020-02-25 01:35:40.62,2020-03-04 16:56:15.52,2020-03-13 08:16:50.42,1000,0.8,1.1,93,0.916482569026603,0.0924957566530456,43,0.835181695967792,0.117587601931901
2020-02-29 18:46:24.3,2020-03-09 15:53:14.285,2020-03-18 13:00:04.27,1000,0.8,1.1,94,0.963504396953167,0.0986385419680273,43,0.885894816026557,0.12849156681205
2020-03-05 14:37:36.63,2020-03-14 07:38:15.795,2020-03-23 00:38:54.96,1000,0.8,1.1,82,0.950164021239772,0.106798492273757,39,0.904297105938432,0.150367396204744
2020-03-08 16:53:08.81,2020-03-17 16:17:50.32,2020-03-26 15:42:31.83,1000,0.8,1.1,90,0.963671187655144,0.103184706913592,42,0.906578938366629,0.143149629242565
2020-03-13 08:32:39.98,2020-03-22 05:53:27.17,2020-03-31 03:14:14.36,1000,0.8,1,83,0.905461994422756,0.0977466160989274,40,0.841248391095887,0.125442485913726
2020-03-18 14:45:24.32,2020-03-27 10:45:29.885,2020-04-05 06:45:35.45,1000,0.8,0.8,85,0.844158037086129,0.0819477168668217,44,0.83481682847283,0.111384632117556
2020-03-23 01:17:03.8,2020-04-01 16:03:53.58,2020-04-11 06:50:43.36,1000,0.8,0.8,85,0.820698776384535,0.0771165443933547,45,0.804911519178185,0.0961011018916093
2020-03-26 15:44:59.15,2020-04-05 12:29:58.805,2020-04-15 09:14:58.46,1000,0.8,0.8,81,0.869447677562121,0.0783463107830756,43,0.884216984935598,0.0956287292789553
2020-03-31 03:23:11.28,2020-04-09 17:23:54.655,2020-04-19 07:24:38.03,1000,0.8,0.8,93,0.902354486528204,0.0826687271946684,47,0.886700288855466,0.105355515740811
2020-04-05 06:55:39.17,2020-04-14 14:49:06.38,2020-04-23 22:42:33.59,1000,0.8,0.8,82,0.902487265992565,0.0868922224666388,42,0.90883748081398,0.115608234090971
2020-04-11 06:51:59.72,2020-04-20 12:11:29.01,2020-04-29 17:30:58.3,1000,0.8,0.8,83,0.90865747411066,0.093078876641697,43,0.933266502840571,0.1387798734916
2020-04-15 09:21:27.29,2020-04-25 03:59:10.05,2020-05-04 22:36:52.81,1000,0.8,0.8,83,0.957663177416841,0.0937957083283811,43,1.07202426646612,0.17005364913611
2020-04-19 08:46:08.39,2020-04-29 04:13:28.54,2020-05-08 23:40:48.69,1000,0.8,0.8,77,0.897013817235794,0.0824162397894619,44,1.0639731182485,0.14847240000283
2020-04-24 00:53:32.69,2020-05-04 03:17:58.515,2020-05-14 05:42:24.34,1000,0.7,0.8,78,0.852629488760474,0.0755154394851858,46,0.998378119317821,0.12617454208072
2020-04-29 17:44:07.93,2020-05-09 13:52:49.44,2020-05-19 10:01:30.95,1000,0.9,0.9,86,0.834435331628232,0.0684647766177994,49,0.92523607014171,0.099809588039997
2020-05-04 22:47:53.02,2020-05-14 16:05:12.035,2020-05-24 09:22:31.05,1000,0.8,0.9,78,0.81137651708871,0.0758042684757931,42,0.803186624391747,0.0899484852964635
2020-05-08 23:52:08.39,2020-05-17 21:44:35.88,2020-05-26 19:37:03.37,1000,0.7,0.8,72,0.815363825216013,0.0896985612582093,35,0.718690631991197,0.0969310217311946
2020-05-14 07:06:32.72,2020-05-23 05:43:54.24,2020-06-01 04:21:15.76,1000,0.8,0.8,69,0.853012218938923,0.104730881662792,30,0.693761153200083,0.111734266036997
2020-05-19 10:16:35.37,2020-05-27 06:26:27.68,2020-06-04 02:36:19.99,1000,0.8,0.8,97,0.740621743048795,0.0820599123675862,50,0.654846926874626,0.0983916055299289
2020-05-24 11:11:14.42,2020-05-30 01:21:46.875,2020-06-04 15:32:19.33,1000,1,0.8,121,0.730464724913726,0.0685861552196286,65,0.674531453374226,0.0855623043746448
2020-05-26 19:38:48.14,2020-06-01 06:38:16.33,2020-06-06 17:37:44.52,1000,1,1,134,0.788449540374417,0.0698882849084668,71,0.760792208614134,0.097580490349715
2020-06-01 05:25:43.73,2020-06-06 07:50:13.38,2020-06-11 10:14:43.03,1000,0.8,1.1,145,0.787454043716037,0.0694123676273336,76,0.745569926014166,0.0950562153187321
2020-06-04 02:36:28.5,2020-06-09 11:43:49.085,2020-06-14 20:51:09.67,1000,1,1,110,0.906153129919531,0.0847089634386852,52,0.862616999960622,0.121595739687483
2020-06-04 15:35:27.18,2020-06-12 12:16:02.125,2020-06-20 08:56:37.07,1000,0.8,1.3,107,0.97277600091371,0.094717979259481,47,0.902779329918303,0.137298839658253
2020-06-06 17:57:51.08,2020-06-15 03:33:50.595,2020-06-23 13:09:50.11,1000,0.8,1.3,133,0.80346593536142,0.0720098145808995,66,0.712312023002352,0.0852720543826619
2020-06-11 10:24:21,2020-06-18 03:57:22.685,2020-06-24 21:30:24.37,1000,1,1.4,207,0.786173657664828,0.0572873063122992,109,0.741163277398692,0.0762807463975991
2020-06-14 21:24:59.43,2020-06-20 02:50:49.54,2020-06-25 08:16:39.65,1000,1,1.4,245,0.830488199081304,0.0559768648553009,127,0.794631885920083,0.0778931350420708
2020-06-20 09:10:29.49,2020-06-23 08:44:23.595,2020-06-26 08:18:17.7,1000,1.5,1.4,271,0.815958157208688,0.0506156002617462,143,0.789224944874381,0.0700290916459374
2020-06-23 15:24:23.01,2020-06-25 18:26:42.545,2020-06-27 21:29:02.08,1000,1.5,1.5,259,0.856420517838756,0.052331804146552,135,0.85942179796158,0.078220728816913
2020-06-24 21:30:51.19,2020-06-28 08:03:34.125,2020-07-01 18:36:17.06,1000,1.5,1.4,208,0.970386209430404,0.0587296475251651,98,0.955135979051138,0.0787187740916452
2020-06-25 08:16:50.63,2020-06-30 19:58:48.12,2020-07-06 07:40:45.61,1000,0.7,1.4,182,0.964863228837791,0.0622991516030633,86,0.957184147710909,0.0857495684048313
2020-06-26 08:36:33.4,2020-07-03 13:00:42.205,2020-07-10 17:24:51.01,1000,0.6,1.8,153,1.05421316406786,0.0690995749565355,71,1.15270684916377,0.115599900240071
2020-06-27 21:29:10.57,2020-07-06 17:01:24.01,2020-07-15 12:33:37.45,1000,0.7,1.8,138,1.12910019786452,0.0819565546024379,60,1.22451451664451,0.147897567248048
2020-07-01 18:37:01.85,2020-07-10 16:13:21.29,2020-07-19 13:49:40.73,1000,0.8,1.7,108,1.10726638445588,0.0885278657107318,51,1.2877336382015,0.172519244087607
2020-07-06 07:53:40.48,2020-07-15 17:36:05.05,2020-07-25 03:18:29.62,1000,0.8,1,98,0.94202875667372,0.0875524434017154,49,0.947903323530483,0.124366789231921
2020-07-10 17:45:30.6,2020-07-20 05:55:13.61,2020-07-29 18:04:56.62,1000,0.8,0.8,89,0.961976328755336,0.0986270291751332,41,0.879312284347325,0.120340401522033
2020-07-15 12:40:52.07,2020-07-25 11:02:31.555,2020-08-04 09:24:11.04,1000,0.6,0.8,81,0.958524605835515,0.0972180271689464,39,0.938884966420555,0.130716668923612
2020-07-19 14:37:39.71,2020-07-30 13:46:28.35,2020-08-10 12:55:16.99,1000,0.6,0.8,79,0.922292044902067,0.089326099932472,40,0.949796570592131,0.127615717134064
2020-07-25 03:27:14.21,2020-08-05 05:58:46,2020-08-16 08:30:17.79,1000,0.8,0.8,77,1.05891941439362,0.0767857268063598,41,1.44529819464556,0.156303770256093
2020-07-29 18:18:34.59,2020-08-10 07:17:31.275,2020-08-21 20:16:27.96,1000,0.8,0.7,87,0.824429847819832,0.0746648896637789,55,1.02603936875768,0.148131778190848
2020-08-04 10:02:40.01,2020-08-15 23:45:34.465,2020-08-27 13:28:28.92,1000,0.8,0.7,86,0.824488420390279,0.0764776035141676,53,0.978223864890452,0.137768468285042
2020-08-10 12:58:00.44,2020-08-22 07:22:17.6,2020-09-03 01:46:34.76,1000,0.8,0.7,80,0.756281204881588,0.0728343230910559,52,0.898302030985247,0.128354215585854
2020-08-16 08:33:54.95,2020-08-27 22:29:02.435,2020-09-08 12:24:09.92,1000,0.5,0.6,71,0.699839042558576,0.0716857937602227,45,0.754857152786649,0.101901669303232
2020-08-21 21:21:48.16,2020-09-01 23:57:11.835,2020-09-13 02:32:35.51,1000,0.5,0.8,57,0.712983452433334,0.082219647350058,33,0.723458753296684,0.110764196317102
2020-08-27 14:06:10.85,2020-09-07 07:32:23.43,2020-09-18 00:58:36.01,1000,0.5,0.7,59,0.702780428751834,0.0782679116358022,36,0.752749222364808,0.115246206825526
2020-09-03 02:22:51.61,2020-09-13 09:27:04.705,2020-09-23 16:31:17.8,1000,0.7,0.7,59,0.730426865230668,0.0816011239144811,34,0.749924448182354,0.112063874278872
2020-09-08 12:48:16.39,2020-09-19 18:18:42.135,2020-09-30 23:49:07.88,1000,0.6,0.8,62,0.784793292859272,0.0863831040606457,36,0.851094248694451,0.13437136359773
2020-09-13 03:16:06.66,2020-09-25 13:21:21.96,2020-10-07 23:26:37.26,1000,0.6,0.8,71,0.931568224022081,0.0926848963485983,38,1.0069060593242,0.135894327275657
2020-09-18 01:13:59.55,2020-10-01 11:25:11.99,2020-10-14 21:36:24.43,1000,0.6,0.8,76,0.954493366820333,0.0915967544080224,39,1.00938526783235,0.130835146246079
2020-09-23 16:38:53.91,2020-10-07 10:59:27.385,2020-10-21 05:20:00.86,1000,0.6,0.9,80,0.956332467719795,0.0924449868070475,42,1.03992977422671,0.145522557401929
2020-10-01 00:04:47.61,2020-10-14 18:16:30.89,2020-10-28 12:28:14.17,1000,0.6,1,102,0.872695767417882,0.0752908613037787,56,0.927201333838433,0.110836653677563
2020-10-08 01:00:24.7,2020-10-20 17:29:43.37,2020-11-02 09:59:02.04,1000,0.6,1,94,0.857100174236944,0.0718719962924817,54,0.972704355984056,0.116986185313288
2020-10-14 21:46:37.72,2020-10-29 04:52:42.005,2020-11-12 11:58:46.29,1000,0.9,1.1,93,0.825621153250254,0.0692635693642551,55,0.935979486860456,0.109823015881544
2020-10-21 05:54:45.25,2020-11-05 08:31:23.865,2020-11-20 11:08:02.48,1000,0.8,1.1,105,0.826253317627132,0.0662885844480438,61,0.923708626084322,0.104885921824948
2020-10-28 13:18:51.21,2020-11-13 17:54:19.765,2020-11-29 22:29:48.32,1000,0.8,1.3,94,0.911039529098542,0.0791980154675338,49,0.985661399409881,0.127204206502168
2020-11-02 10:25:12.03,2020-11-20 21:59:30.84,2020-12-09 09:33:49.65,1000,0.8,0.9,107,0.879937692930277,0.0707404604301096,57,0.930631032649825,0.10278915429056
2020-11-12 12:59:24.54,2020-12-01 12:26:52.535,2020-12-20 11:54:20.53,1000,0.8,0.8,124,0.923872289517983,0.0695593780857667,63,0.954659886947134,0.0969463880167299
2020-11-20 13:43:21.01,2020-12-11 08:02:40.985,2021-01-01 02:22:00.96,1000,0.8,1.5,118,0.961838379590535,0.0729799383985752,57,0.967739854123743,0.0943246790179596
2020-11-30 01:20:54.83,2020-12-21 22:13:49.295,2021-01-12 19:06:43.76,1000,0.6,1,121,0.900593527168697,0.0633733627088181,65,0.982908820463488,0.0905829623847792
2020-12-09 09:37:16.63,2020-12-31 23:16:10.27,2021-01-23 12:55:03.91,1000,0.9,1.1,126,0.822255517953565,0.0643576579482439,70,0.844696130403658,0.0873909378006302
2020-12-20 12:58:06.78,2021-01-12 05:39:59.14,2021-02-03 22:21:51.5,1000,0.9,1,106,0.802566511188017,0.0699113773684301,60,0.829333829223269,0.0974889901848669
2021-01-01 02:56:40.66,2021-01-22 14:20:31.85,2021-02-13 01:44:23.04,1000,0.9,1,111,0.780801546667654,0.0673539918852227,62,0.790321628353437,0.0926171065174855
2021-01-12 19:44:08.94,2021-02-02 10:50:29.85,2021-02-23 01:56:50.76,1000,0.9,1.1,125,0.814872564363652,0.0705646462947906,66,0.774478135790722,0.0885464100118508
2021-01-23 12:58:59.33,2021-02-13 08:45:33.655,2021-03-06 04:32:07.98,1000,0.8,1.3,130,0.894034562904557,0.0718999547116926,62,0.834663914383187,0.0901448531504485
2021-02-03 22:21:52.71,2021-02-25 21:19:15.32,2021-03-19 20:16:37.93,1000,0.8,1.3,127,0.88702797043604,0.0706576740658738,61,0.83255698919228,0.087642965870802
2021-02-13 02:06:39.63,2021-03-08 05:17:30.755,2021-03-31 08:28:21.88,1000,0.7,1.3,128,0.921885467389987,0.0700307493647568,64,0.91581043959829,0.0898118205302997
2021-02-23 02:48:43.03,2021-03-17 10:36:22.84,2021-04-08 18:24:02.65,1000,0.7,1.4,110,0.980147579182555,0.0833162309183907,48,0.892004070661364,0.099232636442043
2021-03-06 04:44:34.99,2021-03-27 07:04:18.695,2021-04-17 09:24:02.4,1000,0.7,1.3,90,0.948931861405502,0.0904489771099089,42,0.895452540006705,0.113932292795604
2021-03-19 20:58:28.32,2021-04-07 16:06:30.88,2021-04-26 11:14:33.44,1000,0.7,1,89,0.949452441399887,0.0935047392961331,41,0.880616901979887,0.117180763926644
2021-03-31 09:41:47.56,2021-04-19 22:22:14.09,2021-05-09 11:02:40.62,1000,0.7,1,92,0.973564628048225,0.0941817136903995,39,0.858463496919758,0.112910165521724
2021-04-08 20:51:15.14,2021-04-29 09:05:59.875,2021-05-19 21:20:44.61,1000,0.9,0.9,83,0.880900342081375,0.0763243916942302,43,0.919028677255897,0.104599035529523
2021-04-17 12:01:28.58,2021-05-09 04:54:32.555,2021-05-30 21:47:36.53,1000,0.9,0.9,97,0.933242462220102,0.0740347623373785,48,1.00077461024273,0.114259139605636
2021-04-26 11:27:06.17,2021-05-18 11:49:45.92,2021-06-09 12:12:25.67,1000,0.9,0.9,104,0.945699876841252,0.0690120526626944,53,1.08778863614709,0.121653813094878
2021-05-09 13:50:49.92,2021-05-29 16:01:17.64,2021-06-18 18:11:45.36,1000,0.9,0.8,96,0.850168643203756,0.0631659308937272,56,1.0331559467537,0.116952679618424
2021-05-19 21:55:05.03,2021-06-09 04:36:02.945,2021-06-29 11:17:00.86,1000,0.8,0.8,103,0.878827733517386,0.0696602416490496,57,0.99576771795999,0.116727041861032
2021-05-30 23:19:37.36,2021-06-19 19:20:43.845,2021-07-09 15:21:50.33,1000,0.8,0.8,87,0.820669416281123,0.0739717538592501,50,0.88740188374183,0.108944991247575
2021-06-09 12:45:59.19,2021-06-30 02:28:05.965,2021-07-20 16:10:12.74,1000,0.8,0.7,91,0.798561282141764,0.069064896204292,54,0.86923283998427,0.098738604170075
2021-06-18 18:13:45.82,2021-07-10 02:23:13.09,2021-07-31 10:32:40.36,1000,0.8,0.8,83,0.872795205761983,0.0857347022480201,43,0.858605182613325,0.110111371600536
2021-06-29 11:25:56.53,2021-07-20 14:49:39.28,2021-08-10 18:13:22.03,1000,0.8,0.8,78,0.913810887198641,0.0919952205023211,36,0.858572287123397,0.119036372218928
2021-07-09 18:58:58.08,2021-07-30 19:31:47.765,2021-08-20 20:04:37.45,1000,0.8,0.9,77,1.09569708737059,0.100265676753753,30,1.0957808626659,0.161839259927637
2021-07-20 17:01:23.94,2021-08-10 15:29:28.43,2021-08-31 13:57:32.92,1000,0.6,1,69,1.17101677418227,0.151505391702115,19,NA,NA
2021-07-31 11:33:19.03,2021-08-20 14:33:18.89,2021-09-09 17:33:18.75,1000,0.6,1,74,1.03770718956541,0.116465087055078,28,NA,NA
2021-08-10 18:39:01.35,2021-08-30 22:45:07.135,2021-09-20 02:51:12.92,1000,0.8,1.1,66,1.01176970722254,0.119642806506045,29,NA,NA
2021-08-20 20:47:12.82,2021-09-11 04:44:58.585,2021-10-02 12:42:44.35,1000,0.9,0.9,69,0.898540307386038,0.106931460312046,34,0.856994334574032,0.145377371773473
2021-08-31 15:04:50.53,2021-09-23 04:22:03.945,2021-10-15 17:39:17.36,1000,0.9,0.9,75,0.91391936427452,0.0924961097425847,39,0.950476138845501,0.133895506706236
2021-09-09 17:52:06.43,2021-10-04 17:43:15.37,2021-10-29 17:34:24.31,1000,0.9,0.9,89,0.920071623170422,0.092660028955093,43,0.872240201860805,0.120945293459583
2021-09-20 04:45:01.37,2021-10-15 21:21:32.14,2021-11-10 13:58:02.91,1000,0.8,1,99,0.863529899747377,0.0786381913875226,50,0.825341090656123,0.0979548567455316
2021-10-02 13:14:40.91,2021-10-27 17:17:42.57,2021-11-21 21:20:44.23,1000,0.8,1.1,101,0.921120173713323,0.0791052081319732,52,0.940579469344819,0.106992537758002
2021-10-15 18:05:18.39,2021-11-10 02:59:26.225,2021-12-05 11:53:34.06,1000,0.8,1.2,90,0.890150384224383,0.0824659789483212,47,0.885162213766385,0.103963686320502
2021-10-29 17:53:02.11,2021-11-24 23:33:20.565,2021-12-21 05:13:39.02,1000,0.8,1.1,74,0.922439485098755,0.0907327258757146,36,0.885311514638565,0.104167152986337
2021-11-10 14:00:20.33,2021-12-06 19:53:53.225,2022-01-02 01:47:26.12,1000,0.8,1.4,84,1.06856287287268,0.0996863522738288,35,1.01200445183847,0.127266396722692
2021-11-22 05:19:39.72,2021-12-19 15:10:18.91,2022-01-16 01:00:58.1,1000,0.8,1.1,77,1.10110882800627,0.110599995452432,28,NA,NA
2021-12-05 18:14:44.14,2022-01-01 01:46:18.05,2022-01-27 09:17:51.96,1000,0.8,1,88,0.995258187694952,0.0861648166234407,38,0.97825668715611,0.121220281360684
2021-12-21 05:18:16.43,2022-01-14 13:52:50.69,2022-02-07 22:27:24.95,1000,0.8,1,92,0.952672683240323,0.0771564927780794,45,1.03953466413012,0.125367242864873
2022-01-02 03:02:43.27,2022-01-26 13:35:00.135,2022-02-20 00:07:17,1000,0.8,1,82,0.897709793699689,0.0780421917734491,41,0.93765527951729,0.112312586019574
2022-01-16 01:01:40.09,2022-02-11 04:11:23.425,2022-03-09 07:21:06.76,1000,0.8,1,84,0.863653799239421,0.0756650676329521,43,0.880465003387073,0.101529354283927
2022-01-27 09:54:26.31,2022-02-24 01:23:33.555,2022-03-23 16:52:40.8,1000,0.9,1.1,86,0.935838773331988,0.083447778915593,41,0.926916905675863,0.108539978909965
2022-02-07 23:28:39.42,2022-03-09 16:36:36.09,2022-04-08 09:44:32.76,1000,0.9,1.4,98,1.01214885199807,0.0926604391061704,43,0.955714571230288,0.12351230745933
2022-02-20 01:55:14.99,2022-03-22 15:09:27.995,2022-04-22 04:23:41,1000,0.9,1.4,107,1.01395395076692,0.0837698027085342,50,1.0587383761659,0.131769657287323
2022-03-09 10:50:06.98,2022-04-07 15:40:41.545,2022-05-06 20:31:16.11,1000,0.8,1.3,113,0.998886148077905,0.0799849214122564,55,1.0735369215586,0.130411750892841
2022-03-23 17:01:09.06,2022-04-21 23:59:36.22,2022-05-21 06:58:03.38,1000,0.8,1.3,115,0.908731175743703,0.0728354765771877,58,0.930860308587901,0.104860229932331
2022-04-08 10:34:37.7,2022-05-06 12:59:31.225,2022-06-03 15:24:24.75,1000,0.8,1,103,0.874703395307683,0.0781643736533463,50,0.834860595738661,0.103376908489347
2022-04-22 04:27:51,2022-05-20 17:32:17.2,2022-06-18 06:36:43.4,1000,1.1,1,108,0.865703286185884,0.081397010812662,48,0.731700074810674,0.0900900879510138
2022-05-06 22:33:28.36,2022-06-05 23:27:14.37,2022-07-06 00:21:00.38,1000,1.1,1,110,0.929062485596221,0.0870201828181321,44,0.769281690971943,0.103836321032958
2022-05-21 08:19:42.76,2022-06-20 09:51:56.015,2022-07-20 11:24:09.27,1000,0.9,0.9,114,0.906602654037186,0.0949075065525179,43,0.683803102227749,0.10626739695607
2022-06-03 15:25:59.39,2022-07-05 15:10:48.83,2022-08-06 14:55:38.27,1000,0.9,0.9,117,0.923862806957826,0.0891414402952113,45,0.733330269630256,0.105582314102715
2022-06-18 07:28:51.25,2022-07-23 00:23:42.5,2022-08-26 17:18:33.75,1000,0.9,1,109,0.948089295562877,0.0907347907403294,42,0.797916370950856,0.122285886520224
2022-07-06 00:25:00.8,2022-08-13 17:39:56.99,2022-09-21 10:54:53.18,1000,0.9,1,123,0.865212524685779,0.0750740428559129,53,0.730717699710233,0.0864914861261445
2022-07-20 12:16:57.97,2022-08-31 18:58:32.875,2022-10-13 01:40:07.78,1000,0.9,1.2,126,0.90403278902709,0.0688702776228929,59,0.861869304819773,0.0874754791722882
2022-08-06 18:45:30.39,2022-09-23 23:49:14.205,2022-11-11 04:52:58.02,1000,1.1,1.2,143,0.937562060872056,0.0666974274735428,67,0.916752687067356,0.0889998340695
2022-08-26 20:21:59.24,2022-10-17 18:01:20.465,2022-12-08 15:40:41.69,1000,1.1,1.3,162,0.953975675502736,0.0689802757459651,72,0.852718917290268,0.0790367472772656
2022-09-21 10:54:58.35,2022-11-18 10:35:35.27,2023-01-15 10:16:12.19,1000,1.1,1.3,159,0.939749899600123,0.0662570166857615,76,0.899601543326441,0.0824406123941627
2022-10-13 01:46:39.34,2022-12-16 07:04:40.1,2023-02-18 12:22:40.86,1000,1.1,1.3,174,0.971426145406425,0.0630133062426138,81,0.929893022314655,0.0751137724527337
2022-11-11 08:51:17.21,2023-01-24 20:00:50.765,2023-04-09 07:10:24.32,1000,1.1,1.1,199,0.907059213882736,0.0574848990578637,96,0.844999397298585,0.0661918077088168
2022-12-08 16:05:32.47,2023-02-25 08:18:31.76,2023-05-15 00:31:31.05,1000,1.1,1.1,194,0.85224690966246,0.0539185284380834,98,0.811301167108629,0.0646141246094717
2023-01-15 11:32:35.7,2023-03-31 09:19:02.59,2023-06-14 07:05:29.48,1000,1.1,1.2,208,0.862616999960622,0.0518108421263947,105,0.830315378729815,0.0626185013633885
2023-02-18 14:49:47.24,2023-05-03 18:04:43.685,2023-07-16 21:19:40.13,1000,1.1,1.2,197,0.84708923697961,0.053519489184871,101,0.818506114428595,0.0667293100286605
2023-04-09 09:36:39.57,2023-06-12 20:31:05.47,2023-08-16 07:25:31.37,1000,1,1,162,0.866449582122251,0.0589898629009889,83,0.856006696698407,0.0762029553107738
2023-05-15 01:23:52.4,2023-07-18 18:10:14.975,2023-09-21 10:56:37.55,1000,1,1,143,0.917071927232206,0.0635465538055548,74,0.958192953513436,0.0884040885291938
2023-06-14 15:30:30.18,2023-08-22 08:47:04.765,2023-10-30 02:03:39.35,1000,1,1,134,0.911440259593356,0.0690124318790136,69,0.940267312561167,0.099674458040672
2023-07-16 22:59:37.15,2023-09-26 07:29:41.55,2023-12-06 15:59:45.95,1000,1.1,1,132,0.893916600830021,0.0612156003948193,73,1.00806032365461,0.0965460109437744
2023-08-16 07:57:50.32,2023-10-28 22:01:56.1,2024-01-10 12:06:01.88,1000,1.1,1.1,145,0.819210353531567,0.0549936341042152,84,0.909970977297909,0.0850312092321002
2023-09-21 11:37:23.97,2023-12-02 07:51:38.9,2024-02-12 04:05:53.83,1000,1.1,1.1,151,0.787729330539232,0.0505224110837677,91,0.891513599214886,0.0788389927940922
2023-10-30 02:22:42.23,2024-01-05 00:47:51.385,2024-03-11 23:13:00.54,1000,0.9,1.1,133,0.807283942601433,0.0552232511163294,77,0.894614101298833,0.0841639734484672
2023-12-06 17:54:52.58,2024-02-07 20:54:54.835,2024-04-10 23:54:57.09,1000,1.1,1.1,128,0.862792079522214,0.0652178491022227,68,0.885517984090588,0.0893734787598479
2024-01-10 12:40:22.29,2024-03-02 19:19:59.76,2024-04-24 01:59:37.23,1000,0.9,1.2,131,0.895805024867359,0.0757806937939311,65,0.853359773993693,0.0993224108548457
2024-02-12 05:29:02.62,2024-03-31 17:30:45.99,2024-05-19 05:32:29.36,1000,1.1,1.1,132,0.97544447186029,0.0853526560218065,61,0.908815210843855,0.11403500710427
2024-03-12 03:05:48.05,2024-04-26 23:44:37.065,2024-06-11 20:23:26.08,1000,1.1,1.1,129,0.941737908312649,0.0825999448351725,61,0.881889593744952,0.109869434803137
2024-04-10 23:55:35.35,2024-05-25 21:56:54.795,2024-07-09 19:58:14.24,1000,0.9,1.1,127,0.855520384701613,0.0736978322419056,63,0.801422154654507,0.0949706902834416
2024-04-24 02:06:11.27,2024-06-16 16:10:18.97,2024-08-09 06:14:26.67,1000,0.8,1,117,0.859625349055667,0.0761721444723247,61,0.874033764305455,0.11608001658155
2024-05-19 06:51:05.22,2024-07-07 12:19:37.385,2024-08-25 17:48:09.55,1000,1,1,123,0.796692338167039,0.0655376767792986,71,0.862997711030811,0.104948846896569
2024-06-12 00:02:43.7,2024-08-02 17:27:44.535,2024-09-23 10:52:45.37,1000,1,1.3,127,0.842195742887661,0.070673544981913,71,0.897668361430302,0.111536911615405
2024-07-09 21:27:26.81,2024-08-27 01:12:52.125,2024-10-14 04:58:17.44,1000,1,1.3,127,0.847501524304133,0.0729466817435939,71,0.896624257491447,0.113926832394783
2024-08-09 09:30:33.68,2024-09-26 10:43:50,2024-11-13 11:57:06.32,1000,0.8,1.3,117,0.896005191018876,0.0727829009961773,66,0.998030494624464,0.117121612449877
2024-08-25 17:50:02.9,2024-10-17 01:34:36.185,2024-12-08 09:19:09.47,1000,0.9,1.1,109,0.882350391937641,0.073885720578755,60,0.936652369309673,0.106345009852741
2024-09-23 14:31:41.34,2024-11-20 03:11:20.605,2025-01-16 15:50:59.87,1000,0.9,1.1,120,0.897457169422942,0.0752734007998146,62,0.902052190217809,0.104644335644651
2024-10-14 06:52:43.44,2024-12-17 05:37:52.785,2025-02-19 04:23:02.13,1000,1.1,1.3,129,0.908595331909171,0.0711012274691576,64,0.889719809276828,0.0927996730162403
2024-11-13 17:06:17.29,2025-01-18 23:23:08.2,2025-03-26 05:39:59.11,1000,1.1,1.1,140,0.924874162860591,0.068263291966966,66,0.874418419939433,0.0830571670185069
2024-12-08 09:44:52.01,2025-02-10 10:57:00.775,2025-04-15 12:09:09.54,1000,1,1.3,162,0.964173030948702,0.0667690625829524,73,0.915492266212457,0.0874166551483029
2025-01-16 17:07:14.01,2025-03-11 22:07:12.835,2025-05-05 03:07:11.66,1000,1,1.2,172,0.880880317067916,0.0561693806564245,85,0.854316847067262,0.0679925452934518
2025-02-19 07:18:51.34,2025-04-09 04:10:27.76,2025-05-28 01:02:04.18,1000,1,1.2,163,0.959864414240407,0.0620021038118977,76,0.958651775331023,0.0843914852857671
2025-03-26 07:42:29.07,2025-05-06 06:32:53.59,2025-06-16 05:23:18.11,1000,1,1.2,154,0.959285000187906,0.0668519881616728,70,0.915129853498725,0.0855947139793538
2025-04-15 12:19:54.1,2025-05-24 13:31:11.27,2025-07-02 14:42:28.44,1000,1,1.2,131,0.97569159885656,0.072177657305213,61,0.958118025175348,0.0933791261018605
2025-05-05 05:35:00.63,2025-06-13 18:18:54.63,2025-07-23 07:02:48.63,1000,1,1.2,116,0.982030407422557,0.0785357686262399,56,1.01040677135779,0.114813502202383
2025-05-28 01:09:37.65,2025-07-05 02:38:03.45,2025-08-12 04:06:29.25,1000,0.8,1.2,110,0.945800693117357,0.075852811810597,56,0.987834727318526,0.106427976796126
2025-06-16 08:23:24.27,2025-07-24 18:45:36.705,2025-09-01 05:07:49.14,1000,0.8,1,105,0.935979486860457,0.0731251334458034,55,1.02427943845107,0.110411947506307
2025-07-02 21:54:22.15,2025-08-09 04:10:42.95,2025-09-15 10:27:03.75,1000,0.8,0.9,102,0.870979888991972,0.0679654069415405,56,0.9485370899603,0.0982175261148044
2025-07-23 07:30:15.79,2025-08-30 10:21:51.04,2025-10-07 13:13:26.29,1000,0.8,0.9,100,0.955964080790781,0.0720268723964682,51,1.05572061854461,0.106008095610518
2025-08-12 05:11:52.04,2025-09-25 10:27:56.875,2025-11-08 15:44:01.71,1000,1,0.9,107,0.924214589571359,0.0693064567770186,52,0.939796631667462,0.0886087800299216
2025-09-01 05:10:32.19,2025-10-20 19:21:20.09,2025-12-09 09:32:07.99,1000,0.9,0.9,114,0.896100831438384,0.0642232620282034,58,0.939891042924948,0.0864002302095481
2025-09-15 11:13:51.97,2025-11-10 03:22:04.47,2026-01-04 19:30:16.97,1000,0.9,0.9,128,0.981283207124734,0.0721594132370614,60,1.00414909110578,0.10468642136619
2025-10-07 14:24:23.69,2025-12-01 09:11:58.54,2026-01-25 03:59:33.39,1000,1,1,130,0.923728446456523,0.0759483310306645,57,0.804771959313568,0.0861603028709996
2025-11-08 18:40:43.51,2025-12-29 17:01:41.36,2026-02-18 15:22:39.21,1000,1.1,1,134,0.935017040087335,0.0767447458533645,61,0.844230828428883,0.0928335591168443
2025-12-09 10:12:18.02,2026-01-29 08:28:24.575,2026-03-21 06:44:31.13,1000,1.1,1,126,0.903734181995206,0.0783384526003179,59,0.802988857169911,0.0900254718989269
2026-01-05 12:53:08.8,2026-02-25 04:37:52.27,2026-04-16 20:22:35.74,1000,0.8,0.9,132,0.820949042119851,0.0713445263623156,64,0.704558855305656,0.0753181296020157
2026-01-25 05:09:39.76,2026-03-19 10:43:30.35,2026-05-11 16:17:20.94,1000,0.8,0.8,120,0.788670366652394,0.0683266249398625,63,0.730588848061545,0.0798399245476881
